date,section_id,num_bookings,avg_processing_time,total_processing,avg_documents,avg_satisfaction,employees_on_duty,total_task_time_minutes
2021-01-01,SEC-001,12,66.67,834.57,1.32,4.19,1,834.5694834000001
2021-01-01,SEC-002,35,40.58,1525.36,2.93,4.26,4,1525.3689896166666
2021-01-01,SEC-003,21,30.38,662.1,2.38,4.04,2,662.0952785333334
2021-01-01,SEC-004,32,49.05,1499.1,2.06,4.32,4,1499.1126195333334
2021-01-01,SEC-005,23,67.25,1238.54,2.37,4.0,3,1238.5330730833332
2021-01-01,SEC-006,67,61.42,4283.16,2.21,4.22,11,4283.154645283334
2021-01-04,SEC-001,13,61.8,767.69,1.34,4.1,1,767.6985057333334
2021-01-04,SEC-002,53,50.45,2717.78,2.09,4.33,7,2717.7702752833334
2021-01-04,SEC-003,58,39.05,2485.34,3.57,4.17,6,2485.334695533333
2021-01-04,SEC-004,46,49.98,2097.88,2.35,4.18,6,2097.88459905
2021-01-04,SEC-005,25,55.89,1556.52,2.11,4.05,4,1556.5208289166667
2021-01-04,SEC-006,35,51.84,1873.93,2.16,4.28,6,1873.9238191833333
2021-01-05,SEC-001,23,75.18,1530.65,1.76,4.19,4,1530.652494616667
2021-01-05,SEC-002,45,52.28,2177.48,2.56,4.39,6,2177.4744047833333
2021-01-05,SEC-003,17,28.62,459.17,2.9,4.08,3,459.1718610166666
2021-01-05,SEC-004,24,44.76,1138.46,1.91,4.13,4,1138.46477735
2021-01-05,SEC-005,35,63.84,2411.31,2.35,4.12,6,2411.3194177666664
2021-01-05,SEC-006,34,57.63,1933.86,1.76,4.16,5,1933.8675960333333
2021-01-06,SEC-001,9,54.72,481.23,1.78,4.32,2,481.22908995
2021-01-06,SEC-002,45,38.9,1814.4,2.19,4.24,5,1814.4012066166667
2021-01-06,SEC-003,22,38.58,873.17,3.41,4.33,3,873.1738832833333
2021-01-06,SEC-004,17,39.36,623.13,1.42,4.02,1,623.1215389833334
2021-01-06,SEC-005,42,88.89,3670.92,3.19,4.18,9,3670.9184564666666
2021-01-06,SEC-006,68,58.08,4451.01,2.67,4.07,10,4451.014037066667
2021-01-07,SEC-001,10,66.84,681.68,1.54,4.42,2,681.67488515
2021-01-07,SEC-002,30,44.24,1158.13,2.7,4.45,3,1158.1189880666666
2021-01-07,SEC-003,3,30.37,91.11,2.33,4.0,1,91.10959605
2021-01-07,SEC-004,23,50.16,1062.0,2.43,4.04,3,1061.9995743833333
2021-01-07,SEC-005,25,69.18,1908.75,2.82,4.36,5,1908.75741865
2021-01-07,SEC-006,28,61.98,1807.23,2.58,4.19,5,1807.2403881166667
2021-01-08,SEC-001,14,65.28,928.59,2.06,4.36,3,928.5925710833334
2021-01-08,SEC-002,29,45.3,1421.37,2.68,4.16,4,1421.3705858333333
2021-01-08,SEC-003,26,33.79,858.56,3.31,4.18,4,858.5522617166666
2021-01-08,SEC-004,22,39.96,729.09,1.86,4.37,3,729.0954453
2021-01-08,SEC-005,54,78.67,4483.24,2.89,4.09,11,4483.23567235
2021-01-08,SEC-006,18,56.14,1009.94,2.94,4.44,2,1009.9400023
2021-01-11,SEC-001,18,74.82,1471.82,1.84,4.34,5,1471.81571555
2021-01-11,SEC-002,65,49.94,3076.2,2.9,4.19,8,3076.2025515833334
2021-01-11,SEC-003,18,30.3,512.29,3.27,4.25,2,512.2962848166667
2021-01-11,SEC-004,44,50.41,1888.57,2.05,4.02,4,1888.5798506333333
2021-01-11,SEC-005,37,65.9,2733.52,2.56,4.19,7,2733.519423733333
2021-01-11,SEC-006,92,59.5,6002.25,2.06,4.19,15,6002.254558083333
2021-01-12,SEC-001,13,66.13,891.04,1.72,4.1,4,891.04246335
2021-01-12,SEC-002,42,40.12,1787.16,2.59,4.1,5,1787.1547278
2021-01-12,SEC-003,32,33.42,1157.95,2.78,4.2,3,1157.9528590833334
2021-01-12,SEC-004,18,46.05,755.0,1.84,4.39,2,754.9932270166667
2021-01-12,SEC-005,72,78.09,6538.45,2.64,4.23,15,6538.459734066667
2021-01-12,SEC-006,59,60.52,4233.11,2.41,4.23,11,4233.11470135
2021-01-13,SEC-001,14,56.38,813.83,1.88,4.29,3,813.8272610333333
2021-01-13,SEC-002,54,54.0,2390.89,3.5,4.08,6,2390.8892508833333
2021-01-13,SEC-003,54,34.17,1692.71,3.11,4.12,5,1692.70551625
2021-01-13,SEC-004,23,40.9,889.23,1.48,4.28,3,889.2263438833334
2021-01-13,SEC-005,32,65.75,2516.32,3.5,4.09,7,2516.3267979666666
2021-01-13,SEC-006,39,58.28,2387.94,2.36,4.27,6,2387.9416142166665
2021-01-15,SEC-001,19,60.48,1142.71,1.52,4.11,3,1142.7058715666667
2021-01-15,SEC-002,47,44.63,2113.86,2.57,4.07,7,2113.8582321666668
2021-01-15,SEC-003,36,32.79,1122.25,2.33,4.14,3,1122.262090016667
2021-01-15,SEC-004,32,45.39,1440.61,2.25,4.12,4,1440.6080940666666
2021-01-15,SEC-005,55,73.29,4095.35,2.43,4.21,9,4095.3556785166666
2021-01-15,SEC-006,67,63.46,4414.42,2.24,4.08,11,4414.4112161
2021-01-18,SEC-001,4,70.43,281.73,2.25,4.0,2,281.73061781666667
2021-01-18,SEC-002,60,45.29,2895.77,2.7,4.22,6,2895.7709750333333
2021-01-18,SEC-003,25,32.59,803.83,2.87,4.3,2,803.8240555333333
2021-01-18,SEC-004,28,48.09,1315.28,2.48,4.11,4,1315.2737474333333
2021-01-18,SEC-005,96,78.36,7953.43,2.89,4.15,20,7953.4314896
2021-01-18,SEC-006,68,59.53,3974.05,2.37,4.21,9,3974.047912
2021-01-19,SEC-001,3,48.0,137.97,2.5,4.75,1,137.96541184999998
2021-01-19,SEC-002,28,47.86,1170.18,1.6,4.17,4,1170.1810898666668
2021-01-19,SEC-003,30,33.81,924.43,3.33,4.15,3,924.4264720166668
2021-01-19,SEC-004,15,50.0,616.52,2.39,4.26,2,616.5251045333333
2021-01-19,SEC-005,27,75.04,2122.98,2.46,4.35,5,2122.9821510666666
2021-01-19,SEC-006,42,58.28,2626.55,1.96,4.22,8,2626.558476933333
2021-01-20,SEC-001,16,77.2,1148.0,2.12,4.14,4,1148.0054492666666
2021-01-20,SEC-002,30,43.68,1432.05,2.68,4.09,5,1432.057291716667
2021-01-20,SEC-003,14,40.3,458.94,2.5,4.07,3,458.94048333333336
2021-01-20,SEC-004,16,37.16,572.04,2.09,3.88,3,572.0423386166667
2021-01-20,SEC-005,26,72.23,2067.57,2.29,4.21,5,2067.5650814166665
2021-01-20,SEC-006,57,63.31,3465.98,2.3,4.26,9,3465.97896065
2021-01-21,SEC-001,16,67.49,1099.83,1.78,4.14,3,1099.8256650333333
2021-01-21,SEC-002,44,51.29,2188.44,2.59,4.2,7,2188.442746516667
2021-01-21,SEC-003,22,30.51,691.99,2.98,4.18,2,691.9939625666666
2021-01-21,SEC-004,15,42.48,739.7,2.26,4.19,2,739.6930912
2021-01-21,SEC-005,65,80.79,5658.48,2.73,4.2,14,5658.475451316666
2021-01-21,SEC-006,46,57.21,2425.19,2.1,4.02,6,2425.191857433333
2021-01-22,SEC-001,16,72.31,1101.49,2.46,4.16,3,1101.4910238333334
2021-01-22,SEC-002,46,44.11,1938.54,1.82,4.15,6,1938.54149985
2021-01-22,SEC-003,18,28.97,516.43,3.47,4.03,2,516.4184499333334
2021-01-22,SEC-004,16,43.44,657.05,2.47,4.08,2,657.0618859333333
2021-01-22,SEC-005,57,80.57,5250.37,3.01,4.06,12,5250.361039433334
2021-01-22,SEC-006,50,60.53,2640.19,2.18,4.25,6,2640.18019095
2021-01-25,SEC-001,18,60.86,1112.48,2.5,4.4,3,1112.4838493166667
2021-01-25,SEC-002,41,45.78,1617.66,2.26,4.18,5,1617.6493791166663
2021-01-25,SEC-003,34,35.58,1124.76,2.64,4.26,2,1124.7505543666666
2021-01-25,SEC-004,39,44.29,1868.22,3.31,4.19,6,1868.2215252166664
2021-01-25,SEC-005,65,72.63,4098.2,2.65,4.08,10,4098.20319835
2021-01-25,SEC-006,108,60.35,6586.53,2.6,4.22,16,6586.531708716667
2021-01-26,SEC-001,20,68.5,1282.19,2.56,4.3,4,1282.1878600666666
2021-01-26,SEC-002,65,45.88,2904.38,2.52,4.27,6,2904.380975716667
2021-01-26,SEC-003,23,29.76,761.69,2.76,4.12,3,761.6915125333334
2021-01-26,SEC-004,30,45.54,1273.94,2.25,4.16,4,1273.9479586333332
2021-01-26,SEC-005,62,72.82,4825.97,2.31,4.15,12,4825.967833366667
2021-01-26,SEC-006,39,52.06,1824.41,2.0,4.14,5,1824.4127151
2021-01-27,SEC-001,5,53.24,266.18,3.4,4.2,1,266.1778843166667
2021-01-27,SEC-002,39,42.5,1654.21,3.13,4.23,3,1654.2119115833334
2021-01-27,SEC-003,28,33.54,988.48,2.69,4.11,3,988.4796306833332
2021-01-27,SEC-004,55,54.35,2578.62,1.68,4.27,7,2578.6138596
2021-01-27,SEC-005,60,76.84,4063.64,2.95,4.11,10,4063.6292341666663
2021-01-27,SEC-006,18,50.64,894.97,2.25,4.06,3,894.96349855
2021-01-29,SEC-001,34,74.46,2385.91,1.86,4.3,7,2385.9135734
2021-01-29,SEC-002,29,43.68,1260.96,3.08,4.14,4,1260.9745423166669
2021-01-29,SEC-003,35,32.97,1154.49,3.35,4.17,4,1154.4852957166668
2021-01-29,SEC-004,19,47.56,810.53,2.49,4.08,1,810.5307192666667
2021-01-29,SEC-005,81,81.08,6706.28,2.62,4.19,16,6706.280059533334
2021-01-29,SEC-006,58,54.73,3109.68,2.09,4.15,8,3109.673123233333
2021-02-01,SEC-001,15,71.93,1068.14,2.03,4.12,3,1068.140386583333
2021-02-01,SEC-002,63,52.5,3144.59,2.85,4.18,8,3144.5868985833336
2021-02-01,SEC-003,35,32.11,1055.33,2.54,4.04,3,1055.3293056333332
2021-02-01,SEC-004,26,49.8,1432.17,1.98,4.23,3,1432.1673605666667
2021-02-01,SEC-005,58,83.15,5388.29,3.08,4.07,14,5388.2839198
2021-02-01,SEC-006,47,58.62,2665.3,2.12,4.05,6,2665.30320705
2021-02-02,SEC-001,16,72.38,1130.43,1.94,4.32,3,1130.43848155
2021-02-02,SEC-002,27,43.12,1040.95,3.14,4.16,2,1040.9547245166666
2021-02-02,SEC-003,23,33.47,807.04,2.61,4.14,2,807.035615
2021-02-02,SEC-004,31,51.1,1386.84,2.21,4.41,4,1386.8391412166666
2021-02-02,SEC-005,30,61.85,1651.41,2.71,4.2,3,1651.4023470333334
2021-02-02,SEC-006,58,63.06,3505.2,2.33,4.16,10,3505.1925404333333
2021-02-03,SEC-001,7,54.96,385.56,2.29,4.0,1,385.5616067166667
2021-02-03,SEC-002,29,42.85,1275.96,3.4,4.12,4,1275.9616854166666
2021-02-03,SEC-003,32,36.11,1211.67,3.08,4.18,3,1211.66214745
2021-02-03,SEC-004,7,48.58,305.1,2.85,4.35,1,305.09812905
2021-02-03,SEC-005,37,84.28,3127.38,2.73,4.17,7,3127.372306366666
2021-02-03,SEC-006,41,60.06,2735.36,2.65,4.04,7,2735.365963866667
2021-02-05,SEC-001,32,73.01,2269.3,1.66,4.23,6,2269.3078927
2021-02-05,SEC-002,36,39.91,1590.8,2.7,4.39,4,1590.80245335
2021-02-05,SEC-003,35,34.92,1161.86,2.64,4.05,3,1161.8523229
2021-02-05,SEC-004,12,38.29,496.28,1.78,4.52,3,496.284624
2021-02-05,SEC-005,50,67.48,2932.27,3.06,4.14,8,2932.27670225
2021-02-05,SEC-006,39,52.86,2241.51,2.62,4.13,5,2241.504747783333
2021-02-08,SEC-001,22,65.08,1389.63,1.85,4.13,5,1389.6339548166666
2021-02-08,SEC-002,49,44.88,2048.49,2.53,4.2,5,2048.484520833333
2021-02-08,SEC-003,26,29.57,681.14,3.21,4.04,2,681.1394786166667
2021-02-08,SEC-004,25,35.28,874.22,2.31,4.12,3,874.2166516
2021-02-08,SEC-005,64,77.74,5287.99,2.56,4.2,12,5287.988289366666
2021-02-08,SEC-006,51,55.13,2695.87,2.1,4.06,7,2695.8687175833334
2021-02-09,SEC-001,9,64.17,577.53,2.0,4.11,3,577.5252873166667
2021-02-09,SEC-002,39,48.2,1832.16,2.57,4.21,4,1832.1590517
2021-02-09,SEC-003,19,32.48,554.46,3.98,4.2,3,554.4594292833333
2021-02-09,SEC-004,9,41.88,361.9,1.61,4.28,1,361.90880956666666
2021-02-09,SEC-005,22,66.8,1462.49,2.48,4.23,4,1462.4882249666666
2021-02-09,SEC-006,35,54.96,2261.27,2.69,4.21,7,2261.28008345
2021-02-10,SEC-001,10,64.79,614.35,1.75,4.16,1,614.3496195833334
2021-02-10,SEC-002,37,52.22,1564.39,2.47,4.06,4,1564.3907287
2021-02-10,SEC-003,24,30.74,607.41,2.85,4.15,1,607.4000227833333
2021-02-10,SEC-004,24,50.34,1225.23,2.71,4.34,3,1225.2268609
2021-02-10,SEC-005,46,75.1,2943.31,2.71,4.14,9,2943.3113087666666
2021-02-10,SEC-006,32,50.88,1619.54,2.45,4.27,4,1619.5390553
2021-02-11,SEC-001,5,63.34,322.47,2.08,4.0,1,322.46923725
2021-02-11,SEC-002,22,42.33,932.69,2.27,4.12,3,932.6825604666668
2021-02-11,SEC-003,22,30.81,705.37,2.69,4.21,3,705.3711911666667
2021-02-11,SEC-004,15,47.92,780.01,2.69,4.17,2,780.0111303166667
2021-02-11,SEC-005,38,74.54,2991.7,2.71,4.24,8,2991.6929648833334
2021-02-11,SEC-006,26,52.85,1467.43,2.37,4.07,4,1467.4324921666666
2021-02-12,SEC-001,15,70.4,1043.48,2.28,4.14,3,1043.4848414
2021-02-12,SEC-002,26,43.8,1136.92,3.04,4.12,2,1136.9104369666668
2021-02-12,SEC-003,31,35.3,1106.57,2.82,4.1,3,1106.56078745
2021-02-12,SEC-004,18,43.61,722.41,2.2,4.3,3,722.4138808
2021-02-12,SEC-005,26,69.92,1945.81,2.59,4.14,5,1945.8087750333332
2021-02-12,SEC-006,43,57.26,2740.32,2.29,4.17,7,2740.314874933333
2021-02-15,SEC-001,27,71.49,1695.12,2.66,4.32,5,1695.1242441
2021-02-15,SEC-002,48,42.02,2132.96,2.34,4.21,7,2132.959335933333
2021-02-15,SEC-003,34,29.09,916.32,2.72,4.26,3,916.3211375
2021-02-15,SEC-004,48,50.98,2451.58,2.13,4.12,6,2451.585608833333
2021-02-15,SEC-005,40,64.76,2806.52,3.11,4.08,8,2806.5162613166667
2021-02-15,SEC-006,51,58.77,3012.77,2.48,4.16,9,3012.76672645
2021-02-16,SEC-001,9,67.06,621.53,1.92,4.16,2,621.52753145
2021-02-16,SEC-002,51,46.07,2335.99,2.66,4.15,5,2335.9898742
2021-02-16,SEC-003,26,36.83,988.18,2.74,4.15,2,988.1740237666668
2021-02-16,SEC-004,11,45.33,544.77,2.83,4.17,2,544.7683838333334
2021-02-16,SEC-005,30,68.86,1848.68,2.78,4.18,6,1848.67753
2021-02-16,SEC-006,28,54.56,1487.64,2.44,4.11,4,1487.6460013333333
2021-02-17,SEC-001,24,93.12,1642.76,2.44,4.06,4,1642.7598556
2021-02-17,SEC-002,33,52.08,1715.44,3.09,4.08,6,1715.4451656833332
2021-02-17,SEC-003,21,31.31,672.5,2.64,4.23,3,672.5044038166667
2021-02-17,SEC-004,29,51.37,1336.96,2.17,4.0,5,1336.951184583333
2021-02-17,SEC-005,27,70.76,2059.2,3.13,4.17,5,2059.199933566667
2021-02-17,SEC-006,25,53.4,1054.68,2.74,4.33,3,1054.6859341833333
2021-02-18,SEC-001,5,78.22,377.87,3.0,3.92,1,377.86382211666665
2021-02-18,SEC-002,52,50.63,2535.17,2.34,4.06,8,2535.171993666667
2021-02-18,SEC-003,31,33.83,1115.41,3.06,4.25,3,1115.4090962166667
2021-02-18,SEC-004,15,48.26,715.36,2.39,4.18,2,715.3567112000001
2021-02-18,SEC-005,40,72.32,2779.46,2.26,4.18,8,2779.4721364
2021-02-18,SEC-006,28,50.87,1323.86,1.93,4.37,4,1323.8572485
2021-02-19,SEC-001,6,55.58,333.45,3.0,4.33,1,333.4412185333333
2021-02-19,SEC-002,39,41.88,1579.38,2.1,4.08,4,1579.37641815
2021-02-19,SEC-003,24,31.27,676.51,3.21,4.1,3,676.5090072666667
2021-02-19,SEC-004,31,51.58,1275.43,2.01,4.15,3,1275.433809033333
2021-02-19,SEC-005,39,78.86,3487.03,2.09,4.11,9,3487.0247623166665
2021-02-19,SEC-006,39,55.81,2236.05,2.1,4.32,7,2236.0482893333333
2021-02-22,SEC-001,20,68.91,1378.19,2.0,4.1,4,1378.1876552166666
2021-02-22,SEC-002,31,41.25,1242.97,3.48,4.09,4,1242.9735231666666
2021-02-22,SEC-003,38,33.39,1206.09,2.54,4.2,3,1206.0891473
2021-02-22,SEC-004,84,60.72,4344.66,2.14,4.17,11,4344.666903033333
2021-02-22,SEC-005,25,58.39,1450.92,2.81,4.3,4,1450.9086839
2021-02-22,SEC-006,60,64.15,3514.37,2.18,4.21,9,3514.377592683333
2021-02-23,SEC-001,34,70.28,2426.22,3.03,4.15,5,2426.22646625
2021-02-23,SEC-002,32,41.54,1345.93,2.9,4.04,3,1345.9303472166666
2021-02-23,SEC-003,19,28.59,558.31,2.38,4.21,1,558.3071660333334
2021-02-23,SEC-004,9,41.97,323.6,1.8,4.31,1,323.5998178666667
2021-02-23,SEC-005,37,68.31,2726.81,2.74,4.45,7,2726.81463735
2021-02-23,SEC-006,32,56.65,1906.02,2.31,4.35,5,1906.0235641833333
2021-02-24,SEC-001,11,66.92,714.34,2.88,4.06,2,714.3430988166667
2021-02-24,SEC-002,24,34.34,828.17,2.63,4.11,2,828.1681791166667
2021-02-24,SEC-003,41,35.78,1439.05,3.03,4.09,4,1439.0538890166667
2021-02-24,SEC-004,26,44.7,1111.35,2.17,4.28,3,1111.3500466166663
2021-02-24,SEC-005,20,57.79,1274.11,2.49,4.29,4,1274.117269933333
2021-02-24,SEC-006,55,64.34,3462.62,2.47,4.22,9,3462.612936533333
2021-02-25,SEC-001,23,68.16,1551.53,2.54,4.14,3,1551.52934155
2021-02-25,SEC-002,39,44.7,1813.67,2.79,4.21,5,1813.674522583333
2021-02-25,SEC-003,21,32.61,676.15,2.75,4.28,3,676.1509257333333
2021-02-25,SEC-004,15,32.22,475.21,2.6,4.25,1,475.2083840166667
2021-02-25,SEC-005,55,73.4,4143.39,2.56,4.16,9,4143.386975666666
2021-02-25,SEC-006,66,61.54,4260.14,2.34,4.26,11,4260.147411516667
2021-03-01,SEC-001,29,69.42,1874.03,2.58,4.07,6,1874.0296169666667
2021-03-01,SEC-002,47,41.9,1781.6,2.4,4.04,4,1781.60803985
2021-03-01,SEC-003,30,31.19,912.22,3.0,4.29,3,912.21709545
2021-03-01,SEC-004,25,41.71,1082.12,1.76,4.13,2,1082.1239828333332
2021-03-01,SEC-005,72,79.91,6397.58,2.33,4.24,15,6397.584432
2021-03-01,SEC-006,49,57.95,2979.46,2.02,4.1,7,2979.4597468166667
2021-03-02,SEC-001,6,69.78,428.96,2.12,4.0,1,428.96541928333335
2021-03-02,SEC-002,33,46.92,1540.01,2.91,4.18,4,1540.0105594666666
2021-03-02,SEC-003,30,33.75,1066.32,2.57,4.39,3,1066.31489645
2021-03-02,SEC-004,10,40.32,367.0,1.72,4.17,1,367.00217576666665
2021-03-02,SEC-005,17,61.95,1021.19,3.03,4.21,3,1021.1963895833334
2021-03-02,SEC-006,36,57.9,2100.96,2.38,4.07,6,2100.9621358
2021-03-03,SEC-001,14,61.99,867.85,1.86,4.0,3,867.84947845
2021-03-03,SEC-002,45,35.9,1574.73,2.54,4.21,4,1574.7200912666667
2021-03-03,SEC-003,31,27.61,765.42,3.93,3.86,1,765.4159115166667
2021-03-03,SEC-004,53,49.89,2553.2,2.46,4.21,8,2553.20832195
2021-03-03,SEC-005,39,66.19,2788.83,2.46,4.22,7,2788.8292708
2021-03-03,SEC-006,36,56.75,2266.92,2.24,4.35,7,2266.918913183333
2021-03-04,SEC-001,4,64.72,268.93,1.66,4.16,2,268.9328469
2021-03-04,SEC-002,36,47.75,1783.26,2.78,4.17,6,1783.261357783333
2021-03-04,SEC-003,27,34.58,927.16,3.06,4.12,3,927.1691351833332
2021-03-04,SEC-004,17,45.38,668.5,2.86,4.36,2,668.4942609
2021-03-04,SEC-005,40,73.01,3021.55,2.95,4.25,8,3021.55191345
2021-03-04,SEC-006,35,49.32,1800.3,2.54,4.21,5,1800.294150383333
2021-03-05,SEC-001,16,66.58,959.47,1.5,4.11,2,959.4739306833332
2021-03-05,SEC-002,36,45.71,1603.83,3.35,4.17,4,1603.8335731666666
2021-03-05,SEC-003,48,39.07,1885.88,3.29,4.23,6,1885.8725804833327
2021-03-05,SEC-004,16,41.37,640.55,1.77,4.11,2,640.5571832333334
2021-03-05,SEC-005,27,77.51,1841.23,2.85,4.17,5,1841.2216887333332
2021-03-05,SEC-006,32,57.49,2079.73,2.4,4.2,6,2079.7453868166667
2021-03-08,SEC-001,25,70.19,1588.11,2.54,4.29,4,1588.1132891166667
2021-03-08,SEC-002,42,42.1,1785.78,2.82,4.16,4,1785.7864584833333
2021-03-08,SEC-003,24,35.25,906.38,2.68,4.05,4,906.37016355
2021-03-08,SEC-004,29,44.98,1121.36,2.26,4.11,3,1121.3566753333334
2021-03-08,SEC-005,27,63.46,1615.89,3.02,4.12,4,1615.8775871333332
2021-03-08,SEC-006,83,62.46,4613.28,2.35,4.1,12,4613.273843733334
2021-03-09,SEC-001,6,69.44,479.88,2.2,4.5,2,479.8744089833333
2021-03-09,SEC-002,28,46.28,1191.31,2.3,3.96,3,1191.308729416667
2021-03-09,SEC-003,34,37.28,1164.3,2.9,4.17,3,1164.29221435
2021-03-09,SEC-004,38,48.35,1608.36,2.03,4.34,3,1608.3512743833332
2021-03-09,SEC-005,33,64.72,2458.78,3.44,4.08,6,2458.769919
2021-03-09,SEC-006,36,56.92,2330.63,2.31,4.1,6,2330.630468533333
2021-03-10,SEC-001,22,65.08,1379.82,1.48,4.38,4,1379.81977985
2021-03-10,SEC-002,31,40.3,1167.56,2.71,4.19,4,1167.563116283333
2021-03-10,SEC-003,43,34.16,1125.49,4.46,4.31,2,1125.4906629
2021-03-10,SEC-004,19,43.97,981.7,2.61,4.17,2,981.705477
2021-03-10,SEC-005,55,81.35,4920.23,2.8,4.15,12,4920.229716183333
2021-03-10,SEC-006,37,57.02,1745.13,2.07,4.23,5,1745.1341264166667
2021-03-12,SEC-001,19,67.74,1241.78,1.78,4.11,3,1241.7835158
2021-03-12,SEC-002,34,44.46,1359.09,2.72,4.07,5,1359.10302805
2021-03-12,SEC-003,34,35.6,1124.32,2.89,4.13,2,1124.3214253333333
2021-03-12,SEC-004,36,46.48,1662.14,2.68,4.2,4,1662.1525711833333
2021-03-12,SEC-005,18,52.1,1048.08,2.0,4.07,3,1048.08431165
2021-03-12,SEC-006,46,59.63,2915.25,2.46,4.16,6,2915.24920405
2021-03-15,SEC-001,20,69.4,1213.66,1.98,4.09,3,1213.6607581833332
2021-03-15,SEC-002,34,34.84,1168.81,1.76,4.16,3,1168.8134784166666
2021-03-15,SEC-003,38,33.11,1070.17,2.96,4.17,3,1070.1694396833334
2021-03-15,SEC-004,58,49.21,2842.65,2.07,4.13,6,2842.64255225
2021-03-15,SEC-005,48,69.11,3824.9,2.41,4.24,9,3824.896097383333
2021-03-15,SEC-006,86,61.57,5268.53,2.31,4.23,13,5268.526322066667
2021-03-16,SEC-001,9,64.44,598.02,1.48,3.9,2,598.0210462
2021-03-16,SEC-002,40,45.49,1596.92,2.9,4.21,5,1596.923856483333
2021-03-16,SEC-003,52,37.12,2059.24,3.04,4.16,4,2059.2472604
2021-03-16,SEC-004,10,33.39,329.84,2.04,4.04,2,329.83631203333334
2021-03-16,SEC-005,46,73.46,3216.96,2.64,4.13,8,3216.9578896166668
2021-03-16,SEC-006,41,57.8,2512.66,2.91,4.07,6,2512.6597733333333
2021-03-17,SEC-001,12,64.62,754.77,1.94,4.33,2,754.77127075
2021-03-17,SEC-002,34,49.96,1664.0,2.43,4.4,4,1663.9928187666667
2021-03-17,SEC-003,36,35.55,1237.92,2.64,4.11,4,1237.91601785
2021-03-17,SEC-004,20,48.28,768.93,2.16,4.24,2,768.9401435666666
2021-03-17,SEC-005,30,68.74,2212.37,2.53,4.14,7,2212.3703709333336
2021-03-17,SEC-006,52,60.84,3160.13,2.16,4.17,8,3160.14058725
2021-03-18,SEC-001,11,76.5,765.79,1.9,4.16,2,765.78639465
2021-03-18,SEC-002,29,43.18,1149.2,2.61,4.11,2,1149.2056785
2021-03-18,SEC-003,25,32.58,768.93,3.72,4.21,3,768.9372506833333
2021-03-18,SEC-004,6,34.58,207.52,0.83,4.16,1,207.51860843333333
2021-03-18,SEC-005,24,69.42,1853.77,2.31,4.21,4,1853.76776165
2021-03-18,SEC-006,46,57.8,3139.01,2.1,4.22,7,3139.0030946
2021-03-19,SEC-001,15,60.1,831.77,2.48,4.4,3,831.7767972666667
2021-03-19,SEC-002,27,40.14,1038.22,3.03,4.21,4,1038.22587195
2021-03-19,SEC-003,19,29.94,455.67,3.12,4.1,3,455.67173556666665
2021-03-19,SEC-004,37,64.18,1519.83,2.04,3.96,4,1519.8231348333334
2021-03-19,SEC-005,47,69.77,4067.9,2.21,4.06,10,4067.8950795666665
2021-03-19,SEC-006,32,56.8,1818.36,2.08,4.03,6,1818.3629736333328
2021-03-22,SEC-001,15,68.25,965.99,1.91,4.04,3,965.9870569666666
2021-03-22,SEC-002,38,42.03,1619.0,2.45,4.12,4,1618.9934468
2021-03-22,SEC-003,44,34.94,1447.8,3.13,4.24,4,1447.801296
2021-03-22,SEC-004,24,41.15,993.92,2.61,4.13,2,993.9220599333332
2021-03-22,SEC-005,93,79.73,7917.4,2.94,4.12,19,7917.3996794
2021-03-22,SEC-006,49,54.34,3050.48,2.4,4.29,8,3050.48882615
2021-03-23,SEC-001,8,77.26,654.77,1.84,4.16,2,654.7704167333334
2021-03-23,SEC-002,39,44.96,1689.83,2.38,4.25,5,1689.8305257
2021-03-23,SEC-003,22,33.06,822.93,2.96,4.37,3,822.9255578166667
2021-03-23,SEC-004,32,46.47,1395.05,2.28,3.95,4,1395.0481099333333
2021-03-23,SEC-005,41,64.18,2783.53,2.56,4.27,7,2783.535425833333
2021-03-23,SEC-006,55,60.4,3110.26,2.19,4.12,8,3110.2509314333333
2021-03-24,SEC-001,12,64.39,764.02,1.88,4.25,3,764.0220296166667
2021-03-24,SEC-002,43,48.68,1902.83,2.88,4.18,6,1902.8325099333333
2021-03-24,SEC-003,44,40.38,1748.51,3.08,4.18,4,1748.5166889666666
2021-03-24,SEC-004,19,37.22,740.5,2.3,4.04,2,740.50103155
2021-03-24,SEC-005,20,67.23,980.02,2.34,4.15,3,980.025827
2021-03-24,SEC-006,26,50.33,1299.03,2.24,4.16,4,1299.0164518833333
2021-03-25,SEC-001,20,76.46,1352.66,1.25,4.47,4,1352.6615669833334
2021-03-25,SEC-002,47,47.33,1987.55,2.33,4.22,5,1987.5414862
2021-03-25,SEC-003,27,33.7,845.85,2.73,4.09,3,845.8522050833334
2021-03-25,SEC-004,6,34.93,187.25,3.3,4.5,1,187.24943866666663
2021-03-25,SEC-005,17,69.69,965.48,1.79,4.27,2,965.4743470166668
2021-03-25,SEC-006,56,65.18,3418.46,2.24,4.04,9,3418.4661035
2021-03-26,SEC-001,10,69.46,625.15,2.56,4.25,1,625.14920355
2021-03-26,SEC-002,38,52.4,1692.31,2.76,4.14,5,1692.3171187833334
2021-03-26,SEC-003,19,30.13,598.92,2.55,3.93,2,598.92505025
2021-03-26,SEC-004,12,35.46,425.46,2.25,4.25,2,425.4609597666667
2021-03-26,SEC-005,50,80.18,4619.11,2.49,4.2,11,4619.11211755
2021-03-26,SEC-006,18,54.45,867.08,2.09,4.06,3,867.0744537333334
2021-03-29,SEC-001,16,68.3,1043.02,1.79,4.09,2,1043.0184487333331
2021-03-29,SEC-002,67,45.15,2514.25,3.24,4.28,6,2514.254790533333
2021-03-29,SEC-003,38,31.98,1255.26,2.82,4.4,3,1255.2510335
2021-03-29,SEC-004,37,48.26,1382.32,2.27,4.28,4,1382.3155311
2021-03-29,SEC-005,70,75.69,5346.39,2.26,4.21,13,5346.394090833333
2021-03-29,SEC-006,66,58.13,3400.38,1.99,4.22,10,3400.3871703333334
2021-03-30,SEC-001,21,75.58,1333.2,2.7,4.53,5,1333.200145066667
2021-03-30,SEC-002,39,43.22,1698.71,2.97,4.13,6,1698.7090975333333
2021-03-30,SEC-003,28,30.17,777.9,2.97,4.08,3,777.90282265
2021-03-30,SEC-004,24,41.16,938.64,2.75,4.3,4,938.63673585
2021-03-30,SEC-005,18,58.16,1142.21,2.93,4.25,4,1142.21633225
2021-03-30,SEC-006,51,64.12,2643.01,1.99,4.01,7,2643.00550235
2021-03-31,SEC-001,33,84.53,2356.97,1.74,4.23,6,2356.9744430666665
2021-03-31,SEC-002,35,43.28,1474.57,2.43,4.27,5,1474.5658619333333
2021-03-31,SEC-003,31,32.78,811.74,2.37,4.38,3,811.74531915
2021-03-31,SEC-004,23,44.69,1066.16,2.49,4.33,3,1066.1626075333334
2021-03-31,SEC-005,28,57.78,1564.43,3.12,4.16,4,1564.4346322166666
2021-03-31,SEC-006,56,62.84,3408.03,1.98,4.14,8,3408.018377833333
2021-04-01,SEC-001,12,63.25,695.48,1.44,4.11,2,695.474338
2021-04-01,SEC-002,55,47.93,2547.07,2.51,4.22,8,2547.0729746
2021-04-01,SEC-003,56,40.23,2443.1,2.65,4.23,6,2443.10125165
2021-04-01,SEC-004,15,54.87,674.46,1.55,4.37,2,674.4658171
2021-04-01,SEC-005,34,66.15,2581.11,2.85,4.25,7,2581.1082717333334
2021-04-01,SEC-006,23,50.77,1474.18,2.79,4.05,3,1474.18429735
2021-04-05,SEC-001,22,65.16,1369.5,1.92,4.32,4,1369.500738533333
2021-04-05,SEC-002,34,42.99,1617.09,2.94,4.31,3,1617.0903581166667
2021-04-05,SEC-003,66,39.84,2828.01,2.75,4.23,7,2828.0152785166665
2021-04-05,SEC-004,32,42.91,1206.98,2.28,4.43,2,1206.9835461
2021-04-05,SEC-005,33,55.6,1733.23,3.23,4.16,5,1733.2290975666667
2021-04-05,SEC-006,49,55.78,2434.08,2.18,4.43,7,2434.0823155666667
2021-04-06,SEC-001,6,68.38,362.57,0.7,3.7,1,362.56547108333336
2021-04-06,SEC-002,54,51.03,2568.6,2.79,4.27,7,2568.58987695
2021-04-06,SEC-003,17,33.51,533.15,2.28,4.19,3,533.1555920666667
2021-04-06,SEC-004,17,37.82,599.26,1.54,4.1,2,599.2536749999999
2021-04-06,SEC-005,32,58.68,2174.54,2.28,4.18,6,2174.54127245
2021-04-06,SEC-006,43,56.9,2361.45,2.79,4.1,6,2361.4519818666668
2021-04-07,SEC-001,7,69.83,431.12,0.66,4.0,2,431.1234974333333
2021-04-07,SEC-002,44,49.72,2022.45,2.59,4.2,4,2022.452198383333
2021-04-07,SEC-003,25,35.75,791.12,2.52,4.07,2,791.1314010333333
2021-04-07,SEC-004,21,35.62,758.83,2.21,4.14,2,758.8361133833333
2021-04-07,SEC-005,22,63.67,1316.23,1.73,4.01,4,1316.2350105666667
2021-04-07,SEC-006,26,53.28,1235.61,3.21,4.11,4,1235.6005061
2021-04-08,SEC-001,24,65.8,1419.39,2.5,4.15,4,1419.389867933333
2021-04-08,SEC-002,21,39.75,860.17,2.3,4.21,4,860.1673749833333
2021-04-08,SEC-003,26,30.67,718.95,3.11,4.3,1,718.9503575166667
2021-04-08,SEC-004,16,39.91,574.65,1.5,4.17,3,574.6517920166667
2021-04-08,SEC-005,36,76.29,2785.37,2.73,4.23,6,2785.3644349
2021-04-08,SEC-006,34,58.87,2036.21,2.18,4.16,5,2036.21239175
2021-04-09,SEC-001,29,69.19,1784.88,1.28,4.08,4,1784.8854868666667
2021-04-09,SEC-002,45,48.8,1807.42,2.56,4.0,6,1807.4185311833328
2021-04-09,SEC-003,26,31.53,795.74,3.41,4.23,1,795.7412741166667
2021-04-09,SEC-004,25,45.15,1005.17,2.06,4.28,3,1005.1607022666668
2021-04-09,SEC-005,61,74.68,4785.55,2.87,4.12,12,4785.548068433333
2021-04-09,SEC-006,35,48.68,1572.06,2.08,4.14,4,1572.0642657333333
2021-04-15,SEC-001,20,70.12,1446.37,2.02,4.31,4,1446.3715732
2021-04-15,SEC-002,59,53.16,2651.94,2.5,4.15,7,2651.952039216667
2021-04-15,SEC-003,26,33.7,815.95,2.71,4.25,2,815.9568727666667
2021-04-15,SEC-004,18,42.49,711.4,2.54,4.1,1,711.4064584166667
2021-04-15,SEC-005,52,70.98,3919.01,2.63,4.13,10,3919.0050593
2021-04-15,SEC-006,46,53.94,2392.95,2.26,4.04,7,2392.9624845333333
2021-04-16,SEC-001,15,73.08,987.06,1.52,4.08,3,987.0606864166666
2021-04-16,SEC-002,22,42.04,943.13,2.31,4.03,2,943.1302189
2021-04-16,SEC-003,29,31.9,892.02,3.27,4.06,3,892.0121184666667
2021-04-16,SEC-004,20,42.9,813.33,2.58,4.11,1,813.3318826166667
2021-04-16,SEC-005,63,78.19,5153.92,2.47,4.13,13,5153.9076792666665
2021-04-16,SEC-006,47,63.44,2999.92,2.43,4.07,7,2999.92822545
2021-04-19,SEC-001,26,72.04,1732.23,1.66,4.15,5,1732.2303751833333
2021-04-19,SEC-002,56,47.0,2459.33,3.04,4.07,7,2459.331445683333
2021-04-19,SEC-003,53,34.44,1578.68,3.0,4.25,5,1578.6856356833334
2021-04-19,SEC-004,29,49.72,1060.12,1.84,4.18,3,1060.1265259166669
2021-04-19,SEC-005,35,65.26,2209.92,2.37,4.25,5,2209.9133237
2021-04-19,SEC-006,74,58.93,5141.91,2.26,4.22,12,5141.911142483334
2021-04-20,SEC-001,16,68.12,1034.37,2.71,4.29,4,1034.3737497
2021-04-20,SEC-002,48,47.96,2472.43,2.54,4.25,6,2472.425734533333
2021-04-20,SEC-003,21,31.57,695.86,2.88,4.19,2,695.8688412833333
2021-04-20,SEC-004,15,34.93,481.86,1.87,4.03,2,481.86778905
2021-04-20,SEC-005,38,70.87,2715.37,2.46,4.18,8,2715.375354083333
2021-04-20,SEC-006,57,62.37,3262.49,1.74,4.08,7,3262.488031916667
2021-04-21,SEC-001,11,68.56,711.29,2.22,4.32,3,711.2856763833333
2021-04-21,SEC-002,47,48.46,1872.89,2.83,4.24,5,1872.8846984
2021-04-21,SEC-003,19,29.47,531.89,3.09,4.06,2,531.89545075
2021-04-21,SEC-004,44,52.31,2025.63,2.31,4.11,5,2025.62587225
2021-04-21,SEC-005,41,65.96,2809.73,2.6,4.18,6,2809.729649433333
2021-04-21,SEC-006,40,53.96,2091.99,2.24,4.46,5,2091.989516333333
2021-04-22,SEC-001,5,79.22,303.99,2.75,4.25,1,303.9918631833333
2021-04-22,SEC-002,54,47.96,2200.18,1.95,4.41,5,2200.190243833333
2021-04-22,SEC-003,25,32.66,808.97,2.78,4.12,2,808.9705653833333
2021-04-22,SEC-004,18,42.95,685.44,2.94,4.33,2,685.4404578833334
2021-04-22,SEC-005,29,63.46,1988.65,2.4,4.15,6,1988.6518124166664
2021-04-22,SEC-006,48,60.72,3383.08,2.22,4.27,8,3383.0815587666666
2021-04-23,SEC-001,8,60.5,484.04,3.25,4.38,2,484.0334565
2021-04-23,SEC-002,34,37.14,1284.64,2.76,4.16,4,1284.6286875166666
2021-04-23,SEC-003,39,39.97,1354.47,2.53,4.13,5,1354.46503635
2021-04-23,SEC-004,29,48.41,1573.67,2.33,4.28,4,1573.674115583333
2021-04-23,SEC-005,25,67.23,1839.71,2.4,4.14,5,1839.7064809666667
2021-04-23,SEC-006,33,60.63,2171.46,1.93,4.15,7,2171.4541117333333
2021-04-27,SEC-001,25,63.61,1545.18,1.54,4.16,5,1545.1880108333332
2021-04-27,SEC-002,42,45.12,1802.2,2.02,4.32,5,1802.20608535
2021-04-27,SEC-003,79,44.14,2532.23,2.39,4.08,7,2532.2230179333333
2021-04-27,SEC-004,16,34.95,501.81,2.29,4.1,2,501.80834383333337
2021-04-27,SEC-005,49,71.05,4244.85,2.25,4.12,10,4244.84564685
2021-04-27,SEC-006,34,54.46,2042.48,2.1,4.13,4,2042.4891614833332
2021-04-28,SEC-001,7,74.93,478.07,1.5,4.08,3,478.0714757833333
2021-04-28,SEC-002,46,53.25,1983.39,2.56,4.06,4,1983.39560415
2021-04-28,SEC-003,25,32.75,805.72,2.17,4.07,2,805.72330045
2021-04-28,SEC-004,10,33.67,323.59,2.55,4.0,1,323.58244091666666
2021-04-28,SEC-005,27,64.03,1750.52,2.54,4.22,5,1750.5095617
2021-04-28,SEC-006,38,66.92,2167.0,2.46,4.15,6,2167.000818483333
2021-04-29,SEC-001,14,63.36,875.51,2.25,4.06,3,875.5065675
2021-04-29,SEC-002,11,36.22,341.3,3.07,4.08,1,341.2973001333333
2021-04-29,SEC-003,16,34.9,514.48,1.86,4.25,1,514.47969645
2021-04-29,SEC-004,22,46.87,913.4,1.99,4.26,3,913.40367065
2021-04-29,SEC-005,53,70.77,4092.94,2.93,4.14,10,4092.937265533333
2021-04-29,SEC-006,68,57.75,4061.11,2.16,4.18,10,4061.11252845
2021-04-30,SEC-001,22,65.15,1322.07,1.08,4.15,4,1322.0745981666666
2021-04-30,SEC-002,34,38.0,1235.44,2.55,4.14,4,1235.4486426166666
2021-04-30,SEC-003,23,25.66,582.75,2.48,4.12,2,582.7485078333333
2021-04-30,SEC-004,25,41.11,927.93,2.35,4.19,4,927.9355228
2021-04-30,SEC-005,50,73.27,3780.93,2.82,4.23,10,3780.9255568666663
2021-04-30,SEC-006,51,58.0,3397.78,2.57,4.13,9,3397.779150433333
2021-05-03,SEC-001,34,73.27,2171.38,2.08,4.21,5,2171.373611883333
2021-05-03,SEC-002,53,47.73,2000.81,3.26,4.16,6,2000.8189112
2021-05-03,SEC-003,49,34.09,1478.59,2.22,4.42,3,1478.5907894
2021-05-03,SEC-004,35,40.15,1211.83,2.16,4.02,3,1211.8182753833337
2021-05-03,SEC-005,49,69.41,3623.0,2.59,4.06,9,3622.9965621666665
2021-05-03,SEC-006,56,56.81,3103.91,2.3,4.09,9,3103.90757995
2021-05-04,SEC-001,21,64.96,1231.35,1.25,3.88,3,1231.3537173333334
2021-05-04,SEC-002,33,38.18,1218.09,2.8,4.32,3,1218.0873011166666
2021-05-04,SEC-003,55,39.21,2285.33,3.15,4.12,6,2285.317219283333
2021-05-04,SEC-004,18,44.83,676.79,2.19,4.31,2,676.7945908
2021-05-04,SEC-005,18,54.43,931.58,2.58,4.08,3,931.58463855
2021-05-04,SEC-006,43,58.4,2747.64,2.64,4.3,6,2747.63993635
2021-05-05,SEC-001,4,65.43,261.71,2.25,4.5,1,261.71210645
2021-05-05,SEC-002,25,38.53,876.41,2.42,4.19,2,876.4112746333334
2021-05-05,SEC-003,25,28.42,681.1,1.99,4.24,1,681.0966353333333
2021-05-05,SEC-004,17,45.1,671.61,2.24,4.22,1,671.6072653333333
2021-05-05,SEC-005,47,68.62,3566.94,2.47,4.09,8,3566.9486858833334
2021-05-05,SEC-006,50,57.21,2627.58,2.4,4.1,7,2627.57959425
2021-05-06,SEC-001,30,77.85,2351.55,1.99,4.16,7,2351.5516392
2021-05-06,SEC-002,26,41.87,875.21,3.8,4.04,3,875.2047265833334
2021-05-06,SEC-003,8,28.2,223.02,2.06,4.33,1,223.01595088333332
2021-05-06,SEC-004,21,44.45,811.41,2.4,4.0,2,811.4042071833334
2021-05-06,SEC-005,41,79.4,3525.39,2.69,4.16,8,3525.3869043
2021-05-06,SEC-006,31,57.64,1951.76,2.42,4.28,5,1951.764340166667
2021-05-07,SEC-001,18,66.86,1066.71,2.68,4.59,4,1066.7027543166666
2021-05-07,SEC-002,19,30.37,570.08,1.52,4.15,3,570.0771872333333
2021-05-07,SEC-003,56,40.12,2253.16,2.9,4.26,5,2253.1650670833333
2021-05-07,SEC-004,26,47.65,1003.04,1.39,4.08,4,1003.0413647333334
2021-05-07,SEC-005,19,68.44,1229.91,2.7,4.12,3,1229.90387095
2021-05-07,SEC-006,24,51.6,1229.76,2.27,4.48,3,1229.7553759333332
2021-05-10,SEC-001,9,66.99,611.89,1.85,4.03,3,611.8967739333333
2021-05-10,SEC-002,28,39.78,1053.48,3.16,4.3,4,1053.4760652
2021-05-10,SEC-003,65,35.99,2232.28,2.76,4.15,5,2232.282664083333
2021-05-10,SEC-004,34,44.73,1190.04,2.26,4.11,3,1190.033839
2021-05-10,SEC-005,68,67.3,5044.26,3.06,4.24,13,5044.259085133333
2021-05-10,SEC-006,71,54.77,4290.18,2.37,4.19,11,4290.192570533333
2021-05-11,SEC-001,12,61.06,704.66,2.44,4.38,2,704.6592966
2021-05-11,SEC-002,27,40.78,949.17,3.31,4.1,3,949.1689932833332
2021-05-11,SEC-003,30,33.08,871.8,2.92,4.28,3,871.8042297333334
2021-05-11,SEC-004,48,53.75,2415.77,2.26,4.08,6,2415.77234655
2021-05-11,SEC-005,34,68.04,2239.51,2.62,4.14,6,2239.5030152
2021-05-11,SEC-006,28,52.34,1494.04,2.78,4.06,5,1494.0418984833334
2021-05-12,SEC-001,10,60.26,595.9,2.06,4.44,2,595.9057092333334
2021-05-12,SEC-002,34,46.62,1587.79,2.2,4.11,4,1587.7903895
2021-05-12,SEC-003,30,40.61,1409.49,3.38,4.02,4,1409.4919622
2021-05-12,SEC-004,7,44.07,302.27,2.33,4.22,1,302.2600418
2021-05-12,SEC-005,19,73.85,1628.17,2.35,4.34,4,1628.1766976166666
2021-05-12,SEC-006,23,48.9,1152.4,2.19,4.39,3,1152.4084638666666
2021-05-13,SEC-001,15,54.68,842.84,1.78,4.18,4,842.8364357666667
2021-05-13,SEC-002,31,44.94,1305.22,2.35,4.09,4,1305.22362185
2021-05-13,SEC-003,24,34.15,926.26,2.21,4.19,3,926.2620123666668
2021-05-13,SEC-004,28,48.05,1440.51,2.46,4.28,5,1440.5002109333334
2021-05-13,SEC-005,23,58.11,1396.99,2.95,4.16,4,1396.9930390666666
2021-05-13,SEC-006,20,48.48,1097.88,2.06,4.21,3,1097.8788269666666
2021-05-17,SEC-001,14,57.82,797.26,1.78,4.38,1,797.2631599166666
2021-05-17,SEC-002,37,45.21,1564.51,2.68,3.94,4,1564.5143915833332
2021-05-17,SEC-003,36,34.36,1165.91,2.87,4.12,4,1165.9101335833334
2021-05-17,SEC-004,20,47.2,814.64,1.8,4.11,1,814.6374644333333
2021-05-17,SEC-005,34,73.75,2477.27,2.92,4.12,6,2477.26585705
2021-05-17,SEC-006,32,55.82,1909.6,2.11,4.12,5,1909.6059485833332
2021-05-18,SEC-001,16,71.2,1022.92,1.84,4.28,3,1022.91814875
2021-05-18,SEC-002,29,50.7,1351.61,2.52,4.32,5,1351.5976876166667
2021-05-18,SEC-003,23,36.27,753.66,2.28,4.29,2,753.6550294166667
2021-05-18,SEC-004,18,43.89,769.4,2.07,4.12,2,769.39402355
2021-05-18,SEC-005,25,77.33,1761.74,2.49,4.2,5,1761.7400695833333
2021-05-18,SEC-006,36,56.58,2081.42,2.0,4.08,5,2081.420874283333
2021-05-19,SEC-001,30,66.56,1920.97,2.15,4.11,5,1920.9691325666663
2021-05-19,SEC-002,28,36.85,1207.7,3.5,4.18,3,1207.7032523166667
2021-05-19,SEC-003,55,40.3,2106.72,2.7,4.1,5,2106.72505835
2021-05-19,SEC-004,19,51.47,686.45,1.91,4.13,3,686.4517949666666
2021-05-19,SEC-005,23,59.4,1565.71,2.73,4.13,4,1565.7129624833333
2021-05-19,SEC-006,38,56.55,2378.09,2.8,4.3,6,2378.086555833333
2021-05-20,SEC-001,13,57.6,748.74,1.38,4.23,3,748.7430682
2021-05-20,SEC-002,34,45.94,1569.88,2.75,4.35,4,1569.87995025
2021-05-20,SEC-003,23,31.7,831.73,3.47,4.25,3,831.7384495833334
2021-05-20,SEC-004,28,43.03,1100.67,2.07,4.27,3,1100.6670736666667
2021-05-20,SEC-005,15,61.64,1091.11,1.79,4.28,4,1091.1058102666668
2021-05-20,SEC-006,63,66.28,4175.78,2.34,4.16,10,4175.7870121
2021-05-21,SEC-001,46,77.96,3468.13,1.6,4.2,9,3468.1304466666666
2021-05-21,SEC-002,26,38.96,923.12,2.69,4.16,3,923.1147956833332
2021-05-21,SEC-003,52,39.21,1800.52,2.82,4.19,4,1800.5280079833333
2021-05-21,SEC-004,31,46.58,1286.07,2.05,4.28,4,1286.06822535
2021-05-21,SEC-005,23,56.73,1213.95,3.7,4.49,4,1213.9543182
2021-05-21,SEC-006,36,53.74,1842.12,1.84,4.17,4,1842.1313481333332
2021-05-24,SEC-001,30,70.93,1847.22,2.98,4.14,5,1847.2179426666669
2021-05-24,SEC-002,85,51.18,3954.44,2.66,4.18,10,3954.4371328166662
2021-05-24,SEC-003,50,32.21,1422.54,3.14,4.24,4,1422.539024
2021-05-24,SEC-004,27,32.75,865.42,1.82,4.22,2,865.4197008166667
2021-05-24,SEC-005,44,64.24,2793.73,2.67,4.21,7,2793.7356429666665
2021-05-24,SEC-006,54,56.07,3022.85,2.05,4.29,8,3022.8533993166666
2021-05-25,SEC-001,10,67.18,697.19,1.95,4.14,1,697.1845003666666
2021-05-25,SEC-002,47,48.83,2120.34,2.38,4.19,7,2120.3488735
2021-05-25,SEC-003,9,28.27,254.4,3.33,4.33,1,254.3950456
2021-05-25,SEC-004,42,51.23,2080.99,2.1,4.24,4,2080.9880142166667
2021-05-25,SEC-005,42,79.83,3350.28,2.01,4.11,8,3350.2778317
2021-05-25,SEC-006,24,55.14,1375.13,2.16,4.14,5,1375.1343856333333
2021-05-28,SEC-001,22,62.78,1297.09,2.41,4.34,4,1297.0860514833332
2021-05-28,SEC-002,44,48.16,2454.35,2.7,4.28,6,2454.344671683333
2021-05-28,SEC-003,41,38.96,1451.0,2.65,4.47,4,1451.002242433333
2021-05-28,SEC-004,38,48.4,1479.27,2.04,4.59,4,1479.265707
2021-05-28,SEC-005,28,63.41,1678.07,2.51,4.36,5,1678.06603365
2021-05-28,SEC-006,50,60.26,2987.34,2.18,4.26,9,2987.33559725
2021-05-31,SEC-001,17,74.84,1086.47,1.43,4.16,2,1086.47455105
2021-05-31,SEC-002,53,47.31,2446.71,2.53,4.23,6,2446.704902483333
2021-05-31,SEC-003,31,30.16,879.25,2.79,4.25,3,879.2447794333333
2021-05-31,SEC-004,41,44.21,1775.9,2.2,4.21,6,1775.9060366166666
2021-05-31,SEC-005,41,69.73,2793.08,2.46,4.22,7,2793.088684533333
2021-05-31,SEC-006,75,61.76,4177.96,2.13,4.25,9,4177.966067016667
2021-06-01,SEC-001,14,77.5,859.34,1.7,4.04,2,859.3435478833333
2021-06-01,SEC-002,26,47.77,1259.52,2.94,4.13,2,1259.5207150833332
2021-06-01,SEC-003,36,33.06,1044.45,3.06,4.0,3,1044.45110555
2021-06-01,SEC-004,42,54.34,1745.92,1.8,4.08,5,1745.91923795
2021-06-01,SEC-005,28,60.5,2052.28,2.06,4.16,5,2052.2760574333333
2021-06-01,SEC-006,39,59.76,1806.58,2.14,4.33,5,1806.57703745
2021-06-02,SEC-001,20,63.69,1273.95,1.69,4.19,4,1273.94821275
2021-06-02,SEC-002,17,43.32,648.72,1.57,4.38,2,648.7197671333333
2021-06-02,SEC-003,25,33.29,788.66,2.96,4.19,3,788.65715755
2021-06-02,SEC-004,21,42.17,845.05,2.11,4.2,3,845.0497495
2021-06-02,SEC-005,59,77.81,4986.6,2.89,4.21,12,4986.59671555
2021-06-02,SEC-006,31,51.76,1478.94,2.15,4.12,4,1478.9366792666667
2021-06-03,SEC-001,23,61.42,1268.05,2.6,4.36,3,1268.04526165
2021-06-03,SEC-002,42,43.05,1515.32,2.48,4.24,4,1515.31731265
2021-06-03,SEC-003,42,35.82,1450.09,3.49,4.09,4,1450.090200416667
2021-06-03,SEC-004,34,45.44,1318.1,2.42,4.17,4,1318.0926106833333
2021-06-03,SEC-005,56,80.19,4099.86,2.98,4.13,10,4099.863619366667
2021-06-03,SEC-006,37,54.66,2310.67,2.08,4.12,7,2310.6693266
2021-06-04,SEC-001,16,61.17,930.07,2.42,4.25,3,930.07139435
2021-06-04,SEC-002,35,47.72,1464.92,2.71,4.28,3,1464.9225493166666
2021-06-04,SEC-003,26,32.5,771.21,2.71,4.15,2,771.2067485666666
2021-06-04,SEC-004,24,46.38,1020.08,1.89,4.31,2,1020.0727414333334
2021-06-04,SEC-005,40,73.97,2347.43,2.58,3.98,5,2347.43140295
2021-06-04,SEC-006,43,60.58,2720.82,2.09,4.26,7,2720.82450365
2021-06-07,SEC-001,17,53.65,912.07,1.18,4.12,3,912.0681507166668
2021-06-07,SEC-002,75,46.88,2749.7,2.6,4.14,8,2749.702947266667
2021-06-07,SEC-003,83,37.08,2750.18,2.92,4.17,6,2750.182094383333
2021-06-07,SEC-004,31,45.44,1155.06,2.1,4.27,2,1155.0552660666667
2021-06-07,SEC-005,85,75.89,6389.4,2.59,4.17,15,6389.3893689
2021-06-07,SEC-006,82,64.2,4820.46,2.24,4.13,13,4820.4575271
2021-06-08,SEC-001,28,71.42,1870.13,2.74,4.2,6,1870.1302209166668
2021-06-08,SEC-002,43,51.16,1813.19,3.04,4.12,5,1813.1838060666664
2021-06-08,SEC-003,66,39.53,2543.37,3.03,4.1,7,2543.3684599666667
2021-06-08,SEC-004,11,46.72,532.74,2.22,4.15,3,532.7364106833334
2021-06-08,SEC-005,43,74.95,3194.67,2.95,4.22,9,3194.67390445
2021-06-08,SEC-006,24,50.32,1249.19,2.79,4.15,3,1249.19343385
2021-06-09,SEC-001,20,68.25,1279.12,2.28,4.19,5,1279.113895016667
2021-06-09,SEC-002,48,41.75,2079.95,2.3,4.2,5,2079.9521309666666
2021-06-09,SEC-003,30,27.01,797.84,2.52,4.39,2,797.8365302833333
2021-06-09,SEC-004,14,40.29,512.83,2.6,4.33,2,512.8275136666666
2021-06-09,SEC-005,52,78.82,4055.2,2.65,4.1,10,4055.1937062666666
2021-06-09,SEC-006,30,51.15,1448.48,2.0,4.21,3,1448.4650877666666
2021-06-10,SEC-001,10,72.12,691.27,2.0,4.21,2,691.2700584166666
2021-06-10,SEC-002,38,45.72,1637.14,2.5,4.12,3,1637.1353304333334
2021-06-10,SEC-003,22,34.36,762.26,3.03,4.08,2,762.2636236166667
2021-06-10,SEC-004,20,47.92,911.03,1.95,4.08,3,911.0297648333332
2021-06-10,SEC-005,23,67.17,1829.21,2.21,3.98,4,1829.2133011166663
2021-06-10,SEC-006,30,54.13,1632.13,2.14,4.21,3,1632.1320872166666
2021-06-11,SEC-001,28,71.5,1891.08,1.68,4.28,4,1891.08094205
2021-06-11,SEC-002,46,46.2,2350.53,2.55,4.18,5,2350.5409359833334
2021-06-11,SEC-003,23,29.84,657.44,2.23,4.12,2,657.4324568833333
2021-06-11,SEC-004,10,40.69,427.46,2.72,4.0,2,427.46739505
2021-06-11,SEC-005,21,56.31,1314.04,2.89,4.36,4,1314.0353597
2021-06-11,SEC-006,48,62.1,2880.18,1.93,4.22,7,2880.1722700833334
2021-06-14,SEC-001,11,58.98,641.87,1.81,4.16,1,641.87029125
2021-06-14,SEC-002,36,38.1,1520.42,2.54,4.23,5,1520.4255425
2021-06-14,SEC-003,27,30.38,762.41,2.79,4.29,3,762.4181716833333
2021-06-14,SEC-004,66,51.53,3133.11,1.84,4.17,9,3133.1167483
2021-06-14,SEC-005,37,58.83,1959.46,2.54,4.29,5,1959.45373275
2021-06-14,SEC-006,55,54.32,3252.15,2.76,4.28,8,3252.1520514333333
2021-06-15,SEC-001,11,61.76,673.51,1.34,4.0,2,673.5069387666666
2021-06-15,SEC-002,31,44.19,1421.14,2.71,4.04,5,1421.1403066166667
2021-06-15,SEC-003,25,31.11,651.33,3.65,4.18,1,651.3320344333333
2021-06-15,SEC-004,22,50.32,968.0,2.01,3.96,2,967.9956816333332
2021-06-15,SEC-005,21,60.33,1211.87,2.86,3.96,3,1211.8643315
2021-06-15,SEC-006,47,63.96,2879.44,2.78,4.15,7,2879.44289125
2021-06-16,SEC-001,7,60.54,436.2,2.66,4.58,2,436.2066742
2021-06-16,SEC-002,23,35.23,738.95,2.34,4.1,3,738.9425072666667
2021-06-16,SEC-003,18,26.05,460.5,2.25,4.21,2,460.4996845333333
2021-06-16,SEC-004,27,44.74,1064.17,2.29,4.21,2,1064.1801870833333
2021-06-16,SEC-005,43,72.47,3243.38,3.25,4.07,8,3243.38155355
2021-06-16,SEC-006,38,61.97,2474.49,2.15,4.17,7,2474.48374985
2021-06-17,SEC-001,11,56.97,611.37,2.08,4.34,2,611.3633416833334
2021-06-17,SEC-002,35,43.67,1650.21,2.26,4.1,3,1650.21472465
2021-06-17,SEC-003,24,34.16,606.45,1.73,4.22,2,606.4585245666667
2021-06-17,SEC-004,29,43.09,1072.27,1.77,4.11,4,1072.26204145
2021-06-17,SEC-005,30,72.58,2014.95,2.23,4.28,5,2014.9442383666667
2021-06-17,SEC-006,42,66.9,2623.25,2.08,4.18,6,2623.241613883333
2021-06-18,SEC-001,22,59.9,1373.86,2.98,4.12,4,1373.8583757666668
2021-06-18,SEC-002,33,43.19,1546.72,2.52,4.27,4,1546.722781983333
2021-06-18,SEC-003,47,38.18,1558.89,3.02,4.3,4,1558.8934376333334
2021-06-18,SEC-004,11,34.26,380.5,1.8,4.08,1,380.5040543333333
2021-06-18,SEC-005,23,56.02,1304.03,2.76,4.12,3,1304.034964533333
2021-06-18,SEC-006,65,61.83,2989.92,2.11,4.22,7,2989.9165702
2021-06-21,SEC-001,34,70.84,2276.84,2.66,4.15,7,2276.83864005
2021-06-21,SEC-002,57,39.65,2225.38,2.88,3.86,6,2225.391942433333
2021-06-21,SEC-003,56,35.58,1919.4,3.12,4.17,5,1919.3994429333331
2021-06-21,SEC-004,24,35.66,886.19,2.29,4.22,2,886.1889663666667
2021-06-21,SEC-005,31,61.91,1791.82,2.92,4.16,6,1791.8238797166666
2021-06-21,SEC-006,101,63.02,7502.53,2.23,4.26,18,7502.5321006
2021-06-22,SEC-001,26,66.42,1670.67,2.33,4.2,4,1670.6697
2021-06-22,SEC-002,35,50.37,1700.18,2.26,4.27,5,1700.18170635
2021-06-22,SEC-003,27,29.27,791.84,2.82,4.15,1,791.8381020833333
2021-06-22,SEC-004,29,51.19,1437.71,2.09,4.17,4,1437.7057111
2021-06-22,SEC-005,27,65.51,2043.76,2.99,4.17,6,2043.7572234666663
2021-06-22,SEC-006,22,39.83,1016.16,1.64,4.04,3,1016.1565373666666
2021-06-23,SEC-001,18,67.33,1132.12,1.71,3.96,3,1132.1242838166668
2021-06-23,SEC-002,29,33.89,984.29,2.58,4.24,2,984.2949311166668
2021-06-23,SEC-003,20,30.22,531.11,2.69,4.3,2,531.11563055
2021-06-23,SEC-004,24,45.7,991.47,2.43,4.24,4,991.46309095
2021-06-23,SEC-005,63,76.57,4961.73,2.47,4.27,12,4961.73532795
2021-06-23,SEC-006,34,54.41,1926.57,1.82,4.15,5,1926.5755016666667
2021-06-25,SEC-001,21,62.47,1235.35,1.37,4.33,2,1235.3542043833334
2021-06-25,SEC-002,31,35.44,1034.13,2.11,4.15,2,1034.1259170333333
2021-06-25,SEC-003,43,33.11,1413.96,2.72,4.23,4,1413.95827715
2021-06-25,SEC-004,30,42.51,1270.87,1.92,4.28,4,1270.8743550333334
2021-06-25,SEC-005,39,60.97,2156.3,2.63,4.1,6,2156.2975797333334
2021-06-25,SEC-006,68,62.42,4760.09,2.76,4.2,11,4760.08535315
2021-06-28,SEC-001,16,69.03,1002.21,1.08,4.39,3,1002.2121676833332
2021-06-28,SEC-002,61,44.76,2255.83,2.49,4.22,6,2255.8288769
2021-06-28,SEC-003,45,31.52,1373.95,2.76,4.22,4,1373.9394552
2021-06-28,SEC-004,19,43.44,836.27,1.56,4.25,2,836.2602554333333
2021-06-28,SEC-005,33,63.05,2377.48,2.62,4.12,7,2377.480773033333
2021-06-28,SEC-006,78,60.48,4511.02,2.06,4.2,11,4511.0160903
2021-06-29,SEC-001,16,57.49,878.02,2.12,4.27,4,878.0183120833333
2021-06-29,SEC-002,39,42.46,1785.84,2.33,4.15,5,1785.8360017833334
2021-06-29,SEC-003,52,36.67,1604.0,3.38,4.1,5,1603.9933893333334
2021-06-29,SEC-004,30,43.45,1185.84,2.17,4.2,4,1185.8356589
2021-06-29,SEC-005,27,58.56,1711.37,2.58,4.42,5,1711.3724474166668
2021-06-29,SEC-006,47,55.11,2838.54,2.26,4.16,7,2838.5324604166667
2021-06-30,SEC-001,12,63.92,782.03,1.4,4.22,2,782.0253315
2021-06-30,SEC-002,56,51.0,2715.68,2.44,4.19,8,2715.68286235
2021-06-30,SEC-003,34,37.93,1314.93,3.05,4.24,4,1314.9308323833334
2021-06-30,SEC-004,25,45.62,1030.18,2.57,4.18,3,1030.1770424666668
2021-06-30,SEC-005,24,64.97,1546.77,2.76,4.34,4,1546.773169
2021-06-30,SEC-006,33,51.56,1688.66,2.26,4.26,5,1688.6632707666668
2021-07-01,SEC-001,14,71.2,851.5,2.71,4.25,2,851.4998614333333
2021-07-01,SEC-002,27,46.72,1333.46,2.68,4.11,5,1333.4528474
2021-07-01,SEC-003,25,28.92,678.45,2.7,4.29,2,678.4418154666666
2021-07-01,SEC-004,32,53.74,1513.43,2.48,4.32,4,1513.4235349666667
2021-07-01,SEC-005,26,68.28,1651.85,2.42,4.16,4,1651.8519270833335
2021-07-01,SEC-006,43,60.38,2253.93,2.18,4.16,6,2253.9258475
2021-07-02,SEC-001,20,62.94,1151.6,1.66,4.27,3,1151.5964449166668
2021-07-02,SEC-002,44,42.22,1740.54,2.38,4.18,5,1740.5378591
2021-07-02,SEC-003,35,30.79,992.63,2.52,4.09,3,992.6323534
2021-07-02,SEC-004,23,40.73,834.02,1.89,4.31,2,834.01616125
2021-07-02,SEC-005,43,78.02,2527.45,2.98,4.13,7,2527.452247
2021-07-02,SEC-006,59,62.0,4079.63,2.09,4.09,10,4079.6312471
2021-07-05,SEC-001,21,65.98,1436.33,1.86,4.28,4,1436.3281083333334
2021-07-05,SEC-002,38,42.28,1544.52,2.86,4.12,5,1544.5131329
2021-07-05,SEC-003,32,32.17,969.16,3.2,4.11,2,969.1561544666666
2021-07-05,SEC-004,56,48.18,2109.95,2.07,4.11,6,2109.9562652
2021-07-05,SEC-005,34,58.84,1968.54,2.98,4.05,5,1968.5350068333332
2021-07-05,SEC-006,66,58.24,4036.72,2.04,4.28,11,4036.7231385166665
2021-07-06,SEC-001,7,70.52,543.37,0.84,4.08,3,543.3757785833334
2021-07-06,SEC-002,38,44.7,1419.98,3.7,4.26,3,1419.98143915
2021-07-06,SEC-003,8,30.5,240.04,2.61,4.22,2,240.03850978333327
2021-07-06,SEC-004,23,45.01,1006.32,2.16,4.15,3,1006.3179634666668
2021-07-06,SEC-005,75,78.43,6693.97,2.43,4.13,16,6693.96375645
2021-07-06,SEC-006,49,55.63,2976.28,2.1,4.29,7,2976.2884150833333
2021-07-07,SEC-001,15,63.29,897.29,1.88,4.04,3,897.2852389166667
2021-07-07,SEC-002,29,43.32,1412.2,3.45,4.12,4,1412.2019856666666
2021-07-07,SEC-003,47,37.3,1524.26,3.35,4.01,4,1524.26635045
2021-07-07,SEC-004,42,45.67,1740.48,1.95,4.14,4,1740.4782335833331
2021-07-07,SEC-005,48,69.25,3673.01,2.6,4.03,8,3673.017109583333
2021-07-07,SEC-006,29,51.14,1952.12,2.06,4.14,4,1952.1190371333332
2021-07-08,SEC-001,13,65.1,855.24,2.14,4.0,3,855.2434962
2021-07-08,SEC-002,31,45.23,1191.35,2.52,4.2,3,1191.35030045
2021-07-08,SEC-003,17,33.74,535.14,3.94,4.19,2,535.1514655333333
2021-07-08,SEC-004,18,43.0,707.05,2.03,4.17,2,707.0486121333333
2021-07-08,SEC-005,43,79.04,3061.81,2.35,4.34,8,3061.8007487833333
2021-07-08,SEC-006,16,49.76,924.68,2.76,4.28,3,924.6796122333334
2021-07-09,SEC-001,21,70.22,1366.5,2.25,4.16,3,1366.4971996666666
2021-07-09,SEC-002,35,43.52,1293.91,2.75,4.2,3,1293.9050008333334
2021-07-09,SEC-003,40,37.98,1436.98,2.74,4.14,5,1436.9806264166666
2021-07-09,SEC-004,31,49.32,1447.64,2.67,4.22,5,1447.64046445
2021-07-09,SEC-005,17,57.34,926.1,4.07,4.03,2,926.1065599833332
2021-07-09,SEC-006,25,52.39,1146.13,2.0,4.36,3,1146.1311375833334
2021-07-12,SEC-001,38,69.76,2501.81,1.83,4.11,6,2501.808521733333
2021-07-12,SEC-002,64,48.72,2959.29,2.66,4.17,7,2959.28021315
2021-07-12,SEC-003,43,34.42,1286.15,2.77,4.24,3,1286.1578697333334
2021-07-12,SEC-004,28,47.36,1506.09,2.78,4.24,4,1506.0842936333331
2021-07-12,SEC-005,54,74.72,4136.0,2.48,4.21,9,4136.0008828166665
2021-07-12,SEC-006,37,51.98,2390.77,2.1,4.41,6,2390.76907355
2021-07-13,SEC-001,25,55.18,1516.72,1.02,4.14,4,1516.7205224
2021-07-13,SEC-002,35,44.13,1365.71,2.54,4.11,3,1365.7093946666666
2021-07-13,SEC-003,39,36.56,1381.85,2.77,4.26,3,1381.8545717666666
2021-07-13,SEC-004,14,35.46,475.67,1.13,4.11,1,475.67667705
2021-07-13,SEC-005,18,57.41,979.6,3.31,4.03,3,979.5949493166668
2021-07-13,SEC-006,42,57.32,2685.13,2.14,4.14,8,2685.139242683333
2021-07-14,SEC-001,22,64.86,1453.34,1.92,4.31,3,1453.341139483333
2021-07-14,SEC-002,31,45.7,1238.0,2.86,4.25,3,1238.0005957
2021-07-14,SEC-003,16,30.46,486.36,2.56,4.17,2,486.36440375
2021-07-14,SEC-004,12,42.01,657.8,2.39,4.53,2,657.8023933
2021-07-14,SEC-005,31,75.27,2275.97,2.72,4.22,5,2275.965349566666
2021-07-14,SEC-006,36,56.42,2064.53,2.17,3.88,5,2064.5333634666667
2021-07-15,SEC-001,31,67.32,2089.45,2.16,4.16,5,2089.4454574166666
2021-07-15,SEC-002,36,39.67,1408.47,2.56,4.29,3,1408.4726915833332
2021-07-15,SEC-003,39,34.18,1328.73,2.85,4.23,3,1328.73011405
2021-07-15,SEC-004,26,44.72,1184.52,1.93,4.09,4,1184.5183162166666
2021-07-15,SEC-005,27,55.43,1241.77,2.01,4.34,3,1241.7718934
2021-07-15,SEC-006,68,64.0,3983.28,2.24,4.18,11,3983.2796805
2021-07-16,SEC-001,39,61.11,2515.59,2.79,4.66,6,2515.59265755
2021-07-16,SEC-002,34,42.56,1222.28,2.92,4.19,3,1222.2833162666666
2021-07-16,SEC-003,40,34.6,1185.54,2.98,4.28,3,1185.5396659
2021-07-16,SEC-004,25,51.59,1158.61,2.26,4.07,3,1158.6149681333334
2021-07-16,SEC-005,76,76.64,5923.34,2.52,4.16,15,5923.33688585
2021-07-16,SEC-006,33,54.52,2014.74,2.46,4.12,6,2014.7478239666664
2021-07-19,SEC-001,30,74.13,1806.07,1.73,4.09,4,1806.0694295666667
2021-07-19,SEC-002,38,36.59,1285.62,2.79,4.08,4,1285.61545135
2021-07-19,SEC-003,32,33.11,1091.08,3.6,4.21,3,1091.07612675
2021-07-19,SEC-004,21,42.76,883.37,2.28,4.27,3,883.37300105
2021-07-19,SEC-005,58,89.49,4124.48,2.67,4.1,9,4124.4743831
2021-07-19,SEC-006,36,55.78,1811.29,2.12,4.2,5,1811.2938319833331
2021-07-20,SEC-001,20,67.83,1131.55,2.7,4.36,3,1131.5528561
2021-07-20,SEC-002,44,48.73,1827.09,2.29,4.17,5,1827.08252735
2021-07-20,SEC-003,48,35.45,1569.22,3.14,4.17,3,1569.2228129
2021-07-20,SEC-004,38,53.38,1897.23,2.5,4.12,5,1897.2169222333328
2021-07-20,SEC-005,40,69.86,2976.6,2.6,4.2,9,2976.59783305
2021-07-20,SEC-006,28,46.77,1296.42,3.14,4.22,4,1296.4239960833331
2021-07-22,SEC-001,7,68.11,433.88,1.85,4.1,2,433.8778806833333
2021-07-22,SEC-002,45,51.14,1790.48,2.35,4.24,6,1790.4871942
2021-07-22,SEC-003,43,39.74,1530.45,2.53,4.16,3,1530.4421964666667
2021-07-22,SEC-004,40,45.46,1570.05,2.14,4.16,3,1570.05487425
2021-07-22,SEC-005,24,57.46,1688.34,2.1,4.04,5,1688.3362939333333
2021-07-22,SEC-006,22,49.78,981.24,2.15,4.13,3,981.2393320833334
2021-07-26,SEC-001,37,76.2,2510.61,2.19,4.01,5,2510.6065792833333
2021-07-26,SEC-002,53,31.97,1620.66,2.47,4.18,4,1620.6547371666666
2021-07-26,SEC-003,43,32.32,1192.27,3.51,4.22,3,1192.2678860666667
2021-07-26,SEC-004,26,42.97,930.72,2.37,4.32,3,930.72349465
2021-07-26,SEC-005,59,70.83,4567.85,2.6,4.22,10,4567.85383515
2021-07-26,SEC-006,70,57.44,4082.07,2.13,4.21,10,4082.06923745
2021-07-27,SEC-001,24,69.38,1525.28,2.41,4.1,3,1525.2845732666667
2021-07-27,SEC-002,37,46.23,1592.78,2.75,4.14,4,1592.7788291666666
2021-07-27,SEC-003,34,37.78,1155.45,2.79,4.13,2,1155.4478072666666
2021-07-27,SEC-004,10,41.34,430.22,2.33,4.17,1,430.2157405666666
2021-07-27,SEC-005,28,58.44,1585.58,2.59,4.16,4,1585.5755833333333
2021-07-27,SEC-006,33,53.84,1861.6,2.24,4.1,4,1861.5982183833328
2021-07-28,SEC-001,6,54.08,324.47,1.33,4.33,1,324.4662247
2021-07-28,SEC-002,48,43.81,1808.21,2.74,4.14,5,1808.219366283333
2021-07-28,SEC-003,75,39.13,2925.62,2.74,4.08,8,2925.617488383333
2021-07-28,SEC-004,23,43.96,959.54,2.55,4.35,3,959.5436979833332
2021-07-28,SEC-005,30,62.09,1883.47,2.14,4.15,5,1883.4682148833333
2021-07-28,SEC-006,43,54.15,2307.68,2.35,4.18,6,2307.683231583333
2021-07-29,SEC-001,21,67.23,1272.03,1.83,4.03,4,1272.0290694333332
2021-07-29,SEC-002,50,40.75,1947.61,2.86,4.13,5,1947.6192856
2021-07-29,SEC-003,25,26.75,578.1,2.84,4.31,1,578.0981458833334
2021-07-29,SEC-004,54,46.42,2332.77,2.24,4.08,6,2332.7604001
2021-07-29,SEC-005,83,74.76,6077.81,2.42,4.22,15,6077.808981266667
2021-07-29,SEC-006,55,52.33,2995.76,2.4,4.21,8,2995.7570416
2021-07-30,SEC-001,27,63.18,1594.18,1.57,4.07,5,1594.18364815
2021-07-30,SEC-002,51,48.0,2321.72,2.59,4.28,5,2321.7130774833336
2021-07-30,SEC-003,43,37.0,1475.69,2.47,4.22,3,1475.6884926333332
2021-07-30,SEC-004,29,45.19,1107.25,2.96,4.14,2,1107.2474967833334
2021-07-30,SEC-005,41,65.47,2733.75,3.04,4.14,6,2733.756317916667
2021-07-30,SEC-006,38,47.16,1801.1,2.11,4.18,5,1801.0951414
2021-08-02,SEC-001,22,66.17,1525.71,1.63,4.28,4,1525.7175349833333
2021-08-02,SEC-002,64,44.34,2758.18,2.89,4.28,8,2758.16834735
2021-08-02,SEC-003,68,36.94,2464.39,2.95,4.09,7,2464.3886620666667
2021-08-02,SEC-004,32,41.01,1136.2,1.82,4.18,3,1136.19770275
2021-08-02,SEC-005,68,71.91,5257.86,2.87,4.14,12,5257.861481133334
2021-08-02,SEC-006,43,57.1,2232.91,2.19,4.28,7,2232.9100024333334
2021-08-03,SEC-001,32,82.87,2248.26,2.41,4.28,6,2248.2604167833333
2021-08-03,SEC-002,37,43.27,1406.34,2.78,4.11,5,1406.3314637833332
2021-08-03,SEC-003,44,37.21,1576.24,2.82,4.21,3,1576.2278246166668
2021-08-03,SEC-004,25,41.61,993.95,2.34,4.06,2,993.94337125
2021-08-03,SEC-005,41,71.9,3195.01,2.41,4.15,8,3195.0096519500003
2021-08-03,SEC-006,19,45.22,860.43,2.26,4.18,3,860.43012115
2021-08-04,SEC-001,19,63.08,1151.89,1.87,4.08,3,1151.8907019
2021-08-04,SEC-002,38,46.06,1735.91,2.66,4.15,6,1735.9034578666667
2021-08-04,SEC-003,21,30.77,653.5,3.12,4.16,3,653.4926147333333
2021-08-04,SEC-004,21,47.01,909.19,2.07,4.29,3,909.19465365
2021-08-04,SEC-005,32,73.65,2517.85,2.99,4.18,6,2517.84860405
2021-08-04,SEC-006,38,58.08,2254.38,2.38,4.05,5,2254.3882569166667
2021-08-05,SEC-001,9,59.23,542.19,2.9,4.03,1,542.1833029166667
2021-08-05,SEC-002,43,46.52,1921.16,2.29,4.3,5,1921.1582692666664
2021-08-05,SEC-003,32,32.21,979.2,3.32,4.38,3,979.2039451666668
2021-08-05,SEC-004,20,40.44,723.76,2.55,4.21,1,723.7521055166667
2021-08-05,SEC-005,61,68.97,4553.69,3.08,4.16,11,4553.696706033334
2021-08-05,SEC-006,69,64.09,4049.8,2.3,4.11,9,4049.794308033333
2021-08-06,SEC-001,21,63.42,1337.04,2.58,4.38,4,1337.0415764166669
2021-08-06,SEC-002,33,40.73,1259.87,2.78,4.2,3,1259.869181733333
2021-08-06,SEC-003,45,37.41,1499.94,2.95,4.28,5,1499.9454793333334
2021-08-06,SEC-004,21,42.23,747.21,1.9,4.25,3,747.2120265166666
2021-08-06,SEC-005,36,69.39,2779.29,2.46,4.06,6,2779.2964626166668
2021-08-06,SEC-006,36,53.4,1778.43,2.41,4.16,5,1778.4358800166667
2021-08-09,SEC-001,34,68.69,2353.8,2.37,4.12,6,2353.7960165333334
2021-08-09,SEC-002,60,48.16,2523.63,2.99,4.1,8,2523.6254191333333
2021-08-09,SEC-003,28,29.02,875.91,3.34,4.27,3,875.9071922833333
2021-08-09,SEC-004,48,46.12,1897.1,1.96,4.13,5,1897.0888688
2021-08-09,SEC-005,39,58.83,2034.89,1.96,4.18,5,2034.89826915
2021-08-09,SEC-006,56,57.45,2944.78,2.91,4.34,8,2944.777934516667
2021-08-10,SEC-001,31,67.34,2100.78,2.01,4.19,6,2100.774003783333
2021-08-10,SEC-002,55,49.81,2555.01,3.22,4.25,7,2555.005226333333
2021-08-10,SEC-003,34,33.24,1081.43,2.79,4.27,3,1081.4291209333333
2021-08-10,SEC-004,16,43.1,650.23,2.18,4.38,1,650.2370951166666
2021-08-10,SEC-005,37,66.65,2683.19,2.61,4.19,7,2683.196652466667
2021-08-10,SEC-006,27,53.26,1155.04,3.36,4.07,2,1155.0410495
2021-08-11,SEC-001,9,64.44,626.91,2.56,4.62,2,626.9086502333333
2021-08-11,SEC-002,33,43.16,1441.54,2.47,4.06,5,1441.5439414666666
2021-08-11,SEC-003,27,35.75,881.7,2.8,4.19,2,881.6971879833334
2021-08-11,SEC-004,29,45.94,1232.49,1.78,4.13,3,1232.4991189333334
2021-08-11,SEC-005,21,65.55,1562.23,2.72,4.1,4,1562.23356515
2021-08-11,SEC-006,46,63.52,3381.76,2.46,4.04,9,3381.7625148833336
2021-08-12,SEC-001,28,64.92,2037.62,2.26,4.08,4,2037.6138853833331
2021-08-12,SEC-002,35,42.46,1752.59,2.64,4.23,5,1752.5989622666666
2021-08-12,SEC-003,42,35.49,1201.7,2.71,4.1,4,1201.7032711333334
2021-08-12,SEC-004,33,42.9,1433.55,2.5,4.23,4,1433.5440172333333
2021-08-12,SEC-005,63,83.04,5410.53,2.37,4.15,13,5410.527719233333
2021-08-12,SEC-006,39,51.06,2455.71,1.94,4.05,6,2455.709995933333
2021-08-13,SEC-001,24,61.3,1448.68,2.0,4.3,5,1448.6796163833333
2021-08-13,SEC-002,36,50.34,1532.0,2.58,4.17,3,1532.00254655
2021-08-13,SEC-003,19,27.4,506.33,2.33,4.39,3,506.3268457166667
2021-08-13,SEC-004,27,47.41,1068.32,1.85,4.17,4,1068.3210477166667
2021-08-13,SEC-005,51,77.3,3949.01,2.54,4.25,11,3949.0201268666665
2021-08-13,SEC-006,42,55.63,2306.18,2.41,4.19,7,2306.173124733333
2021-08-16,SEC-001,21,61.2,1245.76,1.86,4.02,3,1245.7645134
2021-08-16,SEC-002,47,43.04,2026.22,2.86,4.23,5,2026.2140810166663
2021-08-16,SEC-003,31,31.85,876.25,2.58,4.11,3,876.2560782333334
2021-08-16,SEC-004,36,50.46,1693.92,1.9,4.09,4,1693.92324765
2021-08-16,SEC-005,48,71.46,3786.85,3.15,4.21,10,3786.844469466667
2021-08-16,SEC-006,60,60.56,4119.87,2.27,4.24,9,4119.870050833333
2021-08-17,SEC-001,26,69.86,1777.6,1.78,4.18,4,1777.5949005166667
2021-08-17,SEC-002,27,44.46,1260.01,3.0,4.35,4,1259.9984993
2021-08-17,SEC-003,31,30.91,871.14,3.18,4.18,3,871.14175325
2021-08-17,SEC-004,18,44.64,711.57,2.35,4.2,2,711.5665337833333
2021-08-17,SEC-005,65,79.94,5374.2,2.63,4.28,13,5374.20763305
2021-08-17,SEC-006,31,51.92,1487.86,2.5,4.22,4,1487.8534350666666
2021-08-18,SEC-001,15,61.1,912.93,2.25,4.0,2,912.9253563166668
2021-08-18,SEC-002,44,42.88,1746.6,2.54,4.11,5,1746.60518345
2021-08-18,SEC-003,30,36.55,774.59,2.17,4.11,1,774.5861728166667
2021-08-18,SEC-004,31,41.89,1118.49,1.99,4.13,3,1118.49633575
2021-08-18,SEC-005,66,83.34,6244.96,2.54,4.13,15,6244.961759266666
2021-08-18,SEC-006,31,51.12,1585.66,2.95,4.13,4,1585.6583688666667
2021-08-19,SEC-001,17,62.05,1059.11,2.3,4.18,3,1059.1178792666667
2021-08-19,SEC-002,53,53.71,2268.22,3.28,4.14,7,2268.218602833333
2021-08-19,SEC-003,43,34.53,1327.52,3.04,4.27,3,1327.5144561333334
2021-08-19,SEC-004,26,33.82,874.9,2.07,4.49,3,874.9065264
2021-08-19,SEC-005,38,70.01,2393.92,2.88,4.08,7,2393.9193329333334
2021-08-19,SEC-006,48,57.96,2694.83,2.34,4.16,7,2694.8313389
2021-08-20,SEC-001,14,74.44,1076.73,1.88,4.65,2,1076.72556535
2021-08-20,SEC-002,23,40.44,889.66,2.42,4.36,4,889.6621136166667
2021-08-20,SEC-003,20,28.32,650.62,2.33,4.27,3,650.6283124333333
2021-08-20,SEC-004,30,47.36,1210.79,2.15,4.3,3,1210.78504665
2021-08-20,SEC-005,29,74.72,2048.09,3.11,4.33,5,2048.085022383333
2021-08-20,SEC-006,69,59.68,4793.55,2.27,4.17,13,4793.554289333333
2021-08-23,SEC-001,14,60.26,890.93,1.85,4.46,2,890.9310833166667
2021-08-23,SEC-002,75,42.19,3044.84,2.72,4.12,8,3044.840641133333
2021-08-23,SEC-003,35,28.2,915.41,3.16,4.31,2,915.4139902166668
2021-08-23,SEC-004,68,50.58,3309.21,1.93,4.15,8,3309.205848983333
2021-08-23,SEC-005,72,69.62,5739.9,2.91,4.15,14,5739.894974566667
2021-08-23,SEC-006,57,52.52,3165.41,2.23,4.23,8,3165.4100055833333
2021-08-24,SEC-001,17,70.13,1139.51,2.84,4.22,4,1139.5079220333334
2021-08-24,SEC-002,41,42.81,1741.48,2.71,4.06,5,1741.475751466667
2021-08-24,SEC-003,11,26.64,261.44,2.44,4.0,2,261.4386179833333
2021-08-24,SEC-004,19,48.61,845.71,2.42,4.06,3,845.70934885
2021-08-24,SEC-005,57,74.04,4210.17,2.54,4.22,11,4210.172083066666
2021-08-24,SEC-006,32,62.04,2119.64,2.32,4.09,6,2119.6461516
2021-08-25,SEC-001,14,74.31,958.33,2.35,4.03,3,958.3313266
2021-08-25,SEC-002,15,35.98,462.45,2.63,4.26,3,462.45527941666666
2021-08-25,SEC-003,11,32.68,342.73,3.12,4.32,2,342.7295200666667
2021-08-25,SEC-004,27,51.61,1287.09,2.26,4.3,4,1287.0835141333334
2021-08-25,SEC-005,20,58.97,1215.96,2.37,4.1,3,1215.961776116667
2021-08-25,SEC-006,34,56.38,2098.83,2.7,4.11,5,2098.82369085
2021-08-26,SEC-001,31,64.26,1895.76,2.16,4.16,6,1895.7618003166667
2021-08-26,SEC-002,30,37.98,1137.04,2.71,4.33,2,1137.03753565
2021-08-26,SEC-003,31,33.47,959.84,2.85,4.21,3,959.8320779833332
2021-08-26,SEC-004,43,49.98,2091.17,2.08,4.08,5,2091.1656613666664
2021-08-26,SEC-005,42,65.81,3074.56,2.51,4.16,8,3074.5662249166667
2021-08-26,SEC-006,63,60.96,3649.51,2.11,4.09,10,3649.5129311333335
2021-08-27,SEC-001,31,67.76,2062.57,1.96,4.04,4,2062.5671415166667
2021-08-27,SEC-002,42,41.06,1660.03,3.14,4.03,4,1660.0295994666667
2021-08-27,SEC-003,19,28.7,499.74,2.49,4.05,3,499.7433244333333
2021-08-27,SEC-004,36,44.26,1434.17,2.11,4.3,4,1434.17099575
2021-08-27,SEC-005,52,79.18,3117.51,2.64,4.15,8,3117.5125463
2021-08-27,SEC-006,33,47.94,1770.62,1.79,4.18,6,1770.6175454833333
2021-08-30,SEC-001,30,59.61,1667.37,1.6,4.12,4,1667.3684293
2021-08-30,SEC-002,34,34.78,1124.44,2.45,4.17,3,1124.4358445
2021-08-30,SEC-003,44,33.64,1412.86,2.94,4.17,5,1412.8614597166666
2021-08-30,SEC-004,38,42.53,1332.2,2.45,4.16,5,1332.1989102166667
2021-08-30,SEC-005,38,61.18,2628.71,2.98,4.09,6,2628.7103452666665
2021-08-30,SEC-006,68,62.4,4209.78,2.11,4.24,11,4209.77492115
2021-08-31,SEC-001,6,65.46,370.44,1.75,4.38,1,370.4465435
2021-08-31,SEC-002,47,42.19,1859.0,2.18,4.22,5,1858.9978624333328
2021-08-31,SEC-003,27,35.66,798.78,3.22,4.13,3,798.7864096000001
2021-08-31,SEC-004,15,36.93,523.53,2.54,3.93,2,523.5276279
2021-08-31,SEC-005,56,75.64,4226.07,2.49,4.18,11,4226.072707066666
2021-08-31,SEC-006,48,58.66,2661.94,2.5,4.21,6,2661.9366928333334
2021-09-01,SEC-001,10,60.65,572.64,1.76,4.23,2,572.6405076
2021-09-01,SEC-002,40,47.89,1963.17,2.68,4.1,5,1963.1755218333333
2021-09-01,SEC-003,60,37.26,2057.24,2.49,4.1,6,2057.2383575333333
2021-09-01,SEC-004,27,44.81,1013.84,2.28,4.31,3,1013.8479982333332
2021-09-01,SEC-005,37,66.95,2348.46,2.43,4.18,6,2348.46193685
2021-09-01,SEC-006,48,52.03,2334.04,2.5,4.13,7,2334.0439441666667
2021-09-02,SEC-001,14,54.4,761.43,1.32,4.35,1,761.43775255
2021-09-02,SEC-002,24,34.5,783.53,2.81,4.18,3,783.5232881166667
2021-09-02,SEC-003,52,33.63,1707.83,3.35,4.26,6,1707.82745755
2021-09-02,SEC-004,46,49.48,2116.06,2.37,4.19,6,2116.0557285833333
2021-09-02,SEC-005,40,60.69,2580.3,2.87,4.12,6,2580.303955433333
2021-09-02,SEC-006,55,57.67,2821.5,1.62,4.17,7,2821.49706045
2021-09-03,SEC-001,19,68.96,1256.24,1.73,4.04,4,1256.2416320666666
2021-09-03,SEC-002,37,41.58,1532.37,2.39,4.0,4,1532.3702628166666
2021-09-03,SEC-003,34,34.43,1145.46,2.52,4.13,3,1145.4599459166666
2021-09-03,SEC-004,14,41.03,635.38,2.0,4.28,3,635.3766218333333
2021-09-03,SEC-005,39,82.54,2822.09,2.24,4.26,7,2822.0902744166665
2021-09-03,SEC-006,46,56.28,2876.2,1.6,4.28,7,2876.200969483333
2021-09-06,SEC-001,38,67.86,2455.05,2.58,4.0,7,2455.0503287166666
2021-09-06,SEC-002,45,41.75,1852.59,2.62,4.18,4,1852.5837532666667
2021-09-06,SEC-003,57,38.09,1931.49,2.87,4.17,5,1931.4820793833333
2021-09-06,SEC-004,36,45.55,1566.84,2.53,4.32,5,1566.8417658
2021-09-06,SEC-005,28,54.45,1678.85,2.47,4.28,4,1678.8551402333333
2021-09-06,SEC-006,48,56.28,3305.16,2.07,4.3,8,3305.1601395
2021-09-07,SEC-001,22,62.74,1367.43,1.5,4.24,4,1367.4271919166667
2021-09-07,SEC-002,28,36.62,984.17,3.28,4.11,3,984.1713644833334
2021-09-07,SEC-003,53,40.78,1891.59,2.77,4.09,5,1891.5956720333331
2021-09-07,SEC-004,15,30.62,505.15,2.42,4.42,2,505.15154055
2021-09-07,SEC-005,32,63.64,2271.15,2.58,4.12,7,2271.1451983
2021-09-07,SEC-006,38,58.09,2528.48,2.5,4.27,6,2528.480550433333
2021-09-08,SEC-001,9,66.41,590.76,2.45,4.12,2,590.7665933333334
2021-09-08,SEC-002,39,45.43,1643.7,2.93,4.24,3,1643.7034964666666
2021-09-08,SEC-003,38,35.86,1262.76,3.65,4.18,4,1262.7574594
2021-09-08,SEC-004,40,46.0,1763.98,2.02,4.48,5,1763.9753647833334
2021-09-08,SEC-005,41,72.2,2540.31,3.13,4.04,7,2540.310349683333
2021-09-08,SEC-006,14,50.55,649.52,1.88,4.13,3,649.5288674666667
2021-09-09,SEC-001,12,56.2,674.4,2.5,4.25,3,674.3971588666667
2021-09-09,SEC-002,21,41.31,820.14,2.5,4.15,3,820.1479653833334
2021-09-09,SEC-003,16,33.14,558.8,2.83,4.32,2,558.80239185
2021-09-09,SEC-004,18,47.88,793.21,1.57,4.07,2,793.2119670666667
2021-09-09,SEC-005,21,70.54,1704.25,2.9,4.28,5,1704.2466822666668
2021-09-09,SEC-006,28,60.52,1543.19,1.97,4.16,3,1543.1868423
2021-09-10,SEC-001,19,65.42,1231.23,2.06,4.17,4,1231.23102525
2021-09-10,SEC-002,30,43.92,1223.36,1.86,4.13,3,1223.3614021833334
2021-09-10,SEC-003,39,36.21,1437.82,3.13,4.09,3,1437.824292583333
2021-09-10,SEC-004,19,42.75,839.28,1.46,4.29,2,839.28241825
2021-09-10,SEC-005,8,44.78,387.06,3.08,4.08,1,387.0570577166667
2021-09-10,SEC-006,32,57.4,1706.8,2.21,4.23,5,1706.8000097333334
2021-09-13,SEC-001,22,64.9,1383.95,2.24,4.13,4,1383.9549477
2021-09-13,SEC-002,81,44.68,3463.01,2.55,4.2,9,3463.0060524833334
2021-09-13,SEC-003,54,33.31,1830.01,3.08,4.11,5,1830.0160059166667
2021-09-13,SEC-004,28,39.01,1111.78,2.2,4.17,4,1111.778978133333
2021-09-13,SEC-005,58,64.57,3181.39,2.64,4.24,9,3181.38342275
2021-09-13,SEC-006,78,54.31,4312.49,2.06,4.2,11,4312.49992305
2021-09-14,SEC-001,15,76.04,1158.58,2.48,4.12,3,1158.5712985166667
2021-09-14,SEC-002,35,46.21,1510.39,2.66,4.16,4,1510.392470666667
2021-09-14,SEC-003,14,26.28,334.81,2.87,4.0,1,334.8104224
2021-09-14,SEC-004,28,48.45,1229.51,2.0,4.13,3,1229.514194266667
2021-09-14,SEC-005,27,65.57,1891.16,2.49,4.19,5,1891.1571793333333
2021-09-14,SEC-006,22,55.4,1319.76,2.57,4.17,3,1319.7618958
2021-09-15,SEC-001,30,77.04,2280.3,1.9,4.19,6,2280.29529895
2021-09-15,SEC-002,39,51.8,1975.59,2.64,4.22,6,1975.5862516666664
2021-09-15,SEC-003,19,32.23,589.25,3.18,4.28,1,589.2508999166666
2021-09-15,SEC-004,19,45.1,755.09,2.0,4.29,1,755.0890303833334
2021-09-15,SEC-005,29,65.07,2093.15,2.88,4.31,5,2093.144030533333
2021-09-15,SEC-006,18,46.33,856.0,2.48,4.21,3,856.0056641166667
2021-09-16,SEC-001,15,60.55,890.47,1.52,4.06,3,890.4678769833333
2021-09-16,SEC-002,25,39.62,935.73,2.23,4.26,4,935.7318008166668
2021-09-16,SEC-003,26,30.42,827.38,2.8,4.21,3,827.3913091333334
2021-09-16,SEC-004,30,46.12,1451.4,2.05,4.19,5,1451.4090650166668
2021-09-16,SEC-005,42,75.86,3259.93,2.43,4.23,9,3259.933263366667
2021-09-16,SEC-006,44,55.53,2675.69,1.85,4.28,7,2675.688418133333
2021-09-17,SEC-001,19,60.19,1150.45,1.97,4.21,3,1150.45077925
2021-09-17,SEC-002,35,46.77,1610.19,2.81,4.14,4,1610.1827558666666
2021-09-17,SEC-003,33,34.11,1077.79,2.69,4.11,4,1077.79360285
2021-09-17,SEC-004,28,46.91,1239.19,2.25,4.19,3,1239.18580175
2021-09-17,SEC-005,45,81.69,3434.25,2.56,4.21,10,3434.25737945
2021-09-17,SEC-006,28,52.24,1404.37,2.86,4.17,4,1404.3758878166666
2021-09-21,SEC-001,47,64.24,2987.34,2.55,4.02,8,2987.334635816667
2021-09-21,SEC-002,61,47.2,2752.3,2.56,4.24,7,2752.298628416667
2021-09-21,SEC-003,50,31.75,1724.84,2.86,4.21,5,1724.83863665
2021-09-21,SEC-004,29,41.22,1102.78,2.19,4.09,3,1102.7858205333334
2021-09-21,SEC-005,45,66.91,2792.26,2.85,4.2,7,2792.2521167
2021-09-21,SEC-006,58,55.19,3781.53,2.26,4.21,9,3781.54323525
2021-09-22,SEC-001,14,59.94,849.83,1.52,3.92,2,849.8246305166666
2021-09-22,SEC-002,49,39.44,1930.34,2.89,4.1,6,1930.3364211333333
2021-09-22,SEC-003,32,32.25,1085.75,3.26,4.23,2,1085.7397204833333
2021-09-22,SEC-004,37,44.42,1496.54,2.13,4.3,4,1496.5366238666666
2021-09-22,SEC-005,58,66.33,3545.69,2.77,4.22,9,3545.696291216667
2021-09-22,SEC-006,71,60.25,4275.56,2.32,4.18,11,4275.554498816667
2021-09-23,SEC-001,10,65.72,638.21,1.95,4.22,2,638.2133458166667
2021-09-23,SEC-002,42,41.35,1640.5,2.99,4.14,4,1640.4880741666666
2021-09-23,SEC-003,52,34.21,1500.39,3.3,4.17,3,1500.3901290166666
2021-09-23,SEC-004,30,44.73,1174.44,1.86,4.08,3,1174.4447016333334
2021-09-23,SEC-005,98,77.44,6935.41,2.57,4.13,17,6935.41456
2021-09-23,SEC-006,31,47.26,1569.64,2.25,4.11,4,1569.6344277333333
2021-09-24,SEC-001,17,62.94,1042.63,2.21,4.19,4,1042.6309439666666
2021-09-24,SEC-002,23,38.22,973.74,3.14,4.23,3,973.7388603333334
2021-09-24,SEC-003,22,32.87,707.13,3.45,4.17,2,707.13474665
2021-09-24,SEC-004,30,51.94,1357.68,2.92,4.2,4,1357.674462316667
2021-09-24,SEC-005,32,71.02,2482.06,2.99,4.29,5,2482.0687471666665
2021-09-24,SEC-006,38,60.98,2680.14,2.52,4.14,7,2680.143992083333
2021-09-27,SEC-001,33,63.78,2063.2,1.83,4.22,5,2063.1978891666668
2021-09-27,SEC-002,53,40.39,2052.83,2.46,4.15,5,2052.825032333333
2021-09-27,SEC-003,71,34.04,2267.26,2.63,4.17,5,2267.25615075
2021-09-27,SEC-004,54,49.21,2173.16,2.06,4.07,6,2173.1612304833334
2021-09-27,SEC-005,82,69.32,5355.62,2.76,4.15,14,5355.6263997666665
2021-09-27,SEC-006,77,55.36,4456.35,2.34,4.27,11,4456.354849533333
2021-09-28,SEC-001,10,57.4,508.93,1.78,4.06,2,508.9347412166667
2021-09-28,SEC-002,23,43.0,1192.77,2.78,4.37,3,1192.7740867333332
2021-09-28,SEC-003,52,35.33,1762.71,2.76,4.14,5,1762.7086803166667
2021-09-28,SEC-004,18,43.31,710.37,2.5,4.13,2,710.3800530833333
2021-09-28,SEC-005,62,71.33,4412.64,2.74,4.15,11,4412.645621183334
2021-09-28,SEC-006,42,55.55,2236.77,2.6,4.26,7,2236.7734741333334
2021-09-29,SEC-001,25,63.81,1637.17,2.08,4.3,4,1637.1689618333332
2021-09-29,SEC-002,35,40.6,1346.23,2.76,4.12,4,1346.2351486
2021-09-29,SEC-003,58,35.23,2204.97,3.03,4.21,6,2204.9655282
2021-09-29,SEC-004,24,47.36,887.23,2.17,3.89,2,887.2323998
2021-09-29,SEC-005,49,72.88,3043.73,2.78,4.31,8,3043.7293165166666
2021-09-29,SEC-006,35,51.9,1995.25,2.33,4.22,5,1995.2500061166668
2021-09-30,SEC-001,7,60.66,410.41,1.16,3.92,1,410.40454931666665
2021-09-30,SEC-002,35,42.24,1427.75,2.81,4.23,5,1427.74819845
2021-09-30,SEC-003,35,34.74,1060.61,2.31,4.14,3,1060.613451316667
2021-09-30,SEC-004,17,47.38,663.48,1.81,4.06,1,663.4694870333333
2021-09-30,SEC-005,70,80.29,5419.2,2.65,4.23,13,5419.1942401666665
2021-09-30,SEC-006,49,54.69,2766.14,2.6,4.2,8,2766.1406416166665
2021-10-01,SEC-001,24,77.28,1542.83,2.46,4.12,3,1542.8287446
2021-10-01,SEC-002,24,35.68,853.51,3.01,4.17,4,853.5112356
2021-10-01,SEC-003,46,36.68,1730.86,3.11,4.29,5,1730.8551594
2021-10-01,SEC-004,15,41.95,598.89,2.36,4.32,3,598.88886625
2021-10-01,SEC-005,38,63.33,2571.17,3.04,4.16,7,2571.168369216666
2021-10-01,SEC-006,34,57.85,1818.23,2.58,4.2,4,1818.240311216667
2021-10-04,SEC-001,17,65.38,1128.44,2.42,4.26,3,1128.4447229166667
2021-10-04,SEC-002,48,53.95,1848.63,2.08,4.14,5,1848.6224136166668
2021-10-04,SEC-003,58,33.55,1938.44,3.01,4.2,5,1938.43834275
2021-10-04,SEC-004,16,42.2,746.93,2.26,4.43,3,746.9267773166666
2021-10-04,SEC-005,93,74.54,6339.01,2.5,4.22,16,6339.001713366667
2021-10-04,SEC-006,44,57.78,2362.92,2.34,4.2,6,2362.924616866667
2021-10-05,SEC-001,21,66.54,1336.98,2.48,4.3,3,1336.98216415
2021-10-05,SEC-002,46,45.42,1813.99,2.9,4.14,6,1813.98660455
2021-10-05,SEC-003,47,37.45,1780.16,3.3,4.07,6,1780.159665033333
2021-10-05,SEC-004,17,44.75,652.31,1.72,4.13,1,652.3090454666667
2021-10-05,SEC-005,37,64.37,2062.26,3.07,4.28,5,2062.2610254666665
2021-10-05,SEC-006,28,51.84,1668.07,2.19,4.19,4,1668.0766077333333
2021-10-06,SEC-001,19,68.29,1206.34,2.07,4.07,3,1206.3343515666668
2021-10-06,SEC-002,50,47.44,2177.99,2.66,4.17,6,2177.9896818666666
2021-10-06,SEC-003,25,30.2,763.21,2.84,4.28,2,763.2169947666666
2021-10-06,SEC-004,23,42.94,864.66,1.87,4.33,3,864.6674727333334
2021-10-06,SEC-005,47,70.64,3503.15,2.21,4.08,9,3503.14672935
2021-10-06,SEC-006,14,55.24,867.26,1.51,3.98,2,867.2612778166666
2021-10-07,SEC-001,18,68.65,1332.34,2.41,4.0,4,1332.3392805833334
2021-10-07,SEC-002,30,44.73,993.94,2.8,4.12,2,993.9538227833332
2021-10-07,SEC-003,31,33.26,974.56,3.32,4.15,3,974.5596446333332
2021-10-07,SEC-004,24,45.71,1156.29,2.68,4.26,3,1156.2919643833334
2021-10-07,SEC-005,98,82.22,8544.21,2.58,4.13,20,8544.1977339
2021-10-07,SEC-006,18,53.97,1018.1,2.39,4.34,3,1018.1043082166668
2021-10-08,SEC-001,48,68.54,3297.88,1.9,4.17,8,3297.8745957666665
2021-10-08,SEC-002,20,37.09,681.29,3.07,3.97,1,681.2944611
2021-10-08,SEC-003,60,37.48,2074.87,2.67,4.22,5,2074.87057345
2021-10-08,SEC-004,48,49.31,2335.44,1.81,4.22,6,2335.43646465
2021-10-08,SEC-005,29,59.63,1647.76,2.31,4.04,4,1647.75487365
2021-10-08,SEC-006,31,50.87,1389.69,2.41,4.1,5,1389.68884635
2021-10-11,SEC-001,21,61.44,1173.14,2.19,4.44,3,1173.1445966
2021-10-11,SEC-002,60,44.84,2239.48,2.86,4.13,6,2239.4765168833333
2021-10-11,SEC-003,45,32.07,1277.37,2.5,4.28,4,1277.3720517
2021-10-11,SEC-004,43,41.46,1375.46,1.97,4.1,4,1375.45761715
2021-10-11,SEC-005,93,76.03,7433.54,2.92,4.2,17,7433.541689033334
2021-10-11,SEC-006,102,54.36,5471.11,2.09,4.15,13,5471.110932983333
2021-10-12,SEC-001,15,65.06,969.46,2.02,4.27,3,969.4615267833332
2021-10-12,SEC-002,67,43.68,2735.83,2.47,4.3,8,2735.8266391166667
2021-10-12,SEC-003,36,32.5,1032.25,3.13,4.55,3,1032.2411535666668
2021-10-12,SEC-004,10,45.36,505.03,2.67,4.5,2,505.0269005
2021-10-12,SEC-005,63,73.41,4098.32,2.65,4.2,10,4098.321466633333
2021-10-12,SEC-006,37,57.15,1977.65,2.32,4.09,5,1977.6449977333332
2021-10-13,SEC-001,26,71.9,1665.21,2.17,4.11,4,1665.21018215
2021-10-13,SEC-002,40,47.8,1528.74,2.1,4.25,3,1528.7431339166667
2021-10-13,SEC-003,26,32.46,870.24,3.47,4.2,3,870.2292767666667
2021-10-13,SEC-004,19,43.36,762.45,1.83,4.2,1,762.447052
2021-10-13,SEC-005,54,77.65,4238.65,2.38,4.17,11,4238.6542054833335
2021-10-13,SEC-006,17,45.59,1044.03,3.11,4.38,3,1044.0296128833334
2021-10-14,SEC-001,6,67.28,424.78,1.75,4.0,2,424.7759517166666
2021-10-14,SEC-002,19,35.35,624.16,2.67,4.14,2,624.1669227833333
2021-10-14,SEC-003,63,37.25,2376.99,2.85,4.23,6,2376.9806521666665
2021-10-14,SEC-004,15,45.23,719.11,2.11,4.17,2,719.09921485
2021-10-14,SEC-005,52,74.07,3880.2,2.72,4.12,10,3880.200426633333
2021-10-14,SEC-006,32,56.72,1867.74,2.33,4.17,5,1867.73907785
2021-10-15,SEC-001,8,56.9,462.56,2.2,4.0,2,462.5585473333333
2021-10-15,SEC-002,36,47.43,1555.13,2.38,4.17,4,1555.13073355
2021-10-15,SEC-003,29,35.63,1067.18,2.45,4.15,3,1067.18592655
2021-10-15,SEC-004,11,39.42,411.97,1.83,4.25,1,411.97053016666666
2021-10-15,SEC-005,21,61.94,1273.84,2.56,4.17,5,1273.8449889
2021-10-15,SEC-006,37,52.84,2137.14,2.16,4.12,6,2137.1445360166667
2021-10-18,SEC-001,23,65.27,1547.06,2.03,4.0,3,1547.068959166667
2021-10-18,SEC-002,40,40.0,1358.12,3.36,4.29,4,1358.1104407166667
2021-10-18,SEC-003,19,31.5,591.09,3.22,4.14,1,591.0814549333334
2021-10-18,SEC-004,66,47.98,3221.23,2.11,4.34,9,3221.22795475
2021-10-18,SEC-005,101,77.96,7695.7,2.41,4.21,18,7695.69854435
2021-10-18,SEC-006,58,55.43,3150.93,2.2,4.08,7,3150.931402216667
2021-10-21,SEC-001,18,65.88,1216.29,1.31,4.19,4,1216.2923023666667
2021-10-21,SEC-002,49,42.4,1839.92,2.4,4.16,5,1839.9185242833328
2021-10-21,SEC-003,44,31.44,1372.3,3.65,4.27,5,1372.3050945333334
2021-10-21,SEC-004,19,41.47,789.03,2.23,4.19,3,789.0247408833334
2021-10-21,SEC-005,55,72.04,3656.29,2.47,4.18,10,3656.297264583333
2021-10-21,SEC-006,80,60.26,5637.18,2.32,4.19,14,5637.186983216667
2021-10-22,SEC-001,11,67.12,751.37,2.05,4.36,3,751.3699294833334
2021-10-22,SEC-002,49,50.2,2023.23,2.92,4.22,4,2023.2296105166668
2021-10-22,SEC-003,20,32.03,705.37,2.89,4.23,2,705.3755243333333
2021-10-22,SEC-004,42,45.91,1786.01,1.78,4.19,5,1786.0091077666666
2021-10-22,SEC-005,47,67.16,3048.87,2.66,4.18,8,3048.871829033333
2021-10-22,SEC-006,31,52.25,1634.77,2.72,4.18,4,1634.7754045
2021-10-25,SEC-001,16,69.7,1195.25,2.06,4.39,3,1195.2471064833337
2021-10-25,SEC-002,48,41.64,1622.7,2.5,4.31,4,1622.6939237166666
2021-10-25,SEC-003,39,33.07,1358.65,3.31,4.1,3,1358.64974795
2021-10-25,SEC-004,69,48.55,3113.36,2.32,4.19,7,3113.353346133333
2021-10-25,SEC-005,90,73.57,6020.8,2.76,4.17,14,6020.7936692
2021-10-25,SEC-006,74,54.54,3910.0,2.0,3.96,9,3910.0056053
2021-10-26,SEC-001,12,59.66,709.93,2.2,4.14,2,709.9334185333333
2021-10-26,SEC-002,31,41.42,1122.63,2.92,4.16,2,1122.6233681666668
2021-10-26,SEC-003,43,31.26,1328.42,2.22,4.2,3,1328.4186917
2021-10-26,SEC-004,34,48.99,1936.81,2.31,4.04,5,1936.8074688166664
2021-10-26,SEC-005,42,72.52,2877.86,2.61,4.24,7,2877.8559741
2021-10-26,SEC-006,27,50.14,1472.79,2.8,4.17,4,1472.7853316333333
2021-10-27,SEC-001,21,59.21,1220.17,2.2,4.23,3,1220.1737304166666
2021-10-27,SEC-002,44,44.99,1777.08,2.82,4.24,5,1777.08201245
2021-10-27,SEC-003,46,34.51,1438.94,2.92,4.23,4,1438.9387936833334
2021-10-27,SEC-004,28,46.9,1313.45,2.23,4.33,5,1313.4539921333333
2021-10-27,SEC-005,38,56.33,2370.77,2.85,4.2,5,2370.772888066667
2021-10-27,SEC-006,47,58.62,3006.17,2.31,4.27,8,3006.1654678
2021-10-28,SEC-001,3,54.34,170.14,1.25,4.25,2,170.13791861666667
2021-10-28,SEC-002,45,52.62,2342.88,2.57,4.33,6,2342.8767241833334
2021-10-28,SEC-003,37,28.76,1060.38,2.9,4.24,2,1060.3803248833333
2021-10-28,SEC-004,13,44.62,492.43,1.57,4.5,1,492.42821735
2021-10-28,SEC-005,35,66.43,2367.03,2.65,4.17,6,2367.029696683333
2021-10-28,SEC-006,31,56.06,2047.99,1.98,4.26,4,2047.9854988
2021-10-29,SEC-001,5,64.6,323.02,2.0,4.2,1,323.0216428166667
2021-10-29,SEC-002,59,46.46,2888.85,2.35,4.09,6,2888.84509605
2021-10-29,SEC-003,32,35.59,939.84,2.65,4.23,2,939.8380846166666
2021-10-29,SEC-004,24,35.02,847.89,2.66,4.26,4,847.89476895
2021-10-29,SEC-005,52,67.17,3965.98,2.24,4.16,9,3965.973334
2021-10-29,SEC-006,45,63.11,2125.87,2.73,4.17,6,2125.87694085
2021-11-01,SEC-001,14,64.5,899.25,2.29,4.22,4,899.2494429833333
2021-11-01,SEC-002,65,43.62,2619.75,2.8,4.19,6,2619.7543338166665
2021-11-01,SEC-003,31,32.33,958.15,2.85,4.19,3,958.14625535
2021-11-01,SEC-004,41,44.91,1676.89,1.75,4.21,5,1676.8844448166667
2021-11-01,SEC-005,75,79.85,5686.85,2.86,4.19,15,5686.854397716666
2021-11-01,SEC-006,30,57.39,1651.72,2.28,4.19,4,1651.72768705
2021-11-02,SEC-001,4,71.09,284.36,1.75,4.25,1,284.36006176666666
2021-11-02,SEC-002,34,44.75,1430.73,1.96,4.14,4,1430.7397090833333
2021-11-02,SEC-003,57,34.78,1819.04,3.17,4.24,5,1819.0388560833333
2021-11-02,SEC-004,26,40.81,1084.6,2.26,4.52,2,1084.59598495
2021-11-02,SEC-005,41,63.97,3373.71,2.94,4.23,9,3373.70107545
2021-11-02,SEC-006,55,53.35,2850.41,1.9,4.03,7,2850.42065015
2021-11-03,SEC-001,9,49.42,476.27,4.38,3.56,1,476.2715079666667
2021-11-03,SEC-002,22,39.9,868.52,2.8,4.0,3,868.5166528666666
2021-11-03,SEC-003,23,33.41,754.48,2.8,4.13,3,754.4841565
2021-11-03,SEC-004,50,49.73,2253.74,2.34,4.08,6,2253.730429733333
2021-11-03,SEC-005,50,78.31,4014.38,2.43,4.13,10,4014.3776452
2021-11-03,SEC-006,34,51.62,1914.58,2.33,4.1,6,1914.5891175333331
2021-11-05,SEC-001,9,62.16,593.89,2.16,4.25,2,593.8896862666667
2021-11-05,SEC-002,72,54.35,2893.67,2.3,4.2,7,2893.671264233333
2021-11-05,SEC-003,56,32.06,1717.39,2.47,4.08,5,1717.3893416833332
2021-11-05,SEC-004,40,45.78,1683.1,2.1,4.24,4,1683.10336435
2021-11-05,SEC-005,35,56.38,1935.95,2.83,4.16,5,1935.9464915166668
2021-11-05,SEC-006,73,57.93,4402.3,2.49,4.16,11,4402.3025885
2021-11-08,SEC-001,26,62.09,1531.61,2.28,4.18,4,1531.61588275
2021-11-08,SEC-002,92,45.44,4289.45,2.66,4.22,10,4289.444097883334
2021-11-08,SEC-003,36,30.99,1033.97,2.74,4.21,3,1033.97314675
2021-11-08,SEC-004,38,35.96,1336.78,2.26,4.08,4,1336.7802748166666
2021-11-08,SEC-005,42,55.41,2383.0,2.97,4.13,6,2382.9971478166667
2021-11-08,SEC-006,85,56.94,4841.01,1.99,4.16,12,4841.005739033333
2021-11-09,SEC-001,8,58.94,427.22,2.42,4.16,1,427.21310845
2021-11-09,SEC-002,35,37.18,1335.49,3.06,4.09,4,1335.4889910833333
2021-11-09,SEC-003,31,29.27,798.89,2.02,4.26,2,798.8913267333334
2021-11-09,SEC-004,40,43.92,1587.27,1.97,4.16,3,1587.2788073
2021-11-09,SEC-005,54,63.59,3168.66,2.52,4.12,8,3168.65586425
2021-11-09,SEC-006,46,54.26,2471.21,2.12,4.14,6,2471.220337733333
2021-11-10,SEC-001,17,57.96,958.36,2.16,4.04,2,958.3550135833334
2021-11-10,SEC-002,26,36.07,911.5,2.92,4.09,4,911.5067685166666
2021-11-10,SEC-003,23,26.1,575.74,2.94,4.13,3,575.7392839666667
2021-11-10,SEC-004,27,46.42,1284.43,2.11,4.2,5,1284.425491
2021-11-10,SEC-005,49,78.46,3905.41,2.07,4.09,10,3905.4219124666665
2021-11-10,SEC-006,29,49.28,1478.09,2.22,4.15,4,1478.0823011833334
2021-11-11,SEC-001,24,69.54,1631.0,2.19,4.34,4,1630.99358075
2021-11-11,SEC-002,34,49.28,1426.61,2.71,4.28,3,1426.60312345
2021-11-11,SEC-003,13,32.21,409.45,2.37,4.07,1,409.4508616
2021-11-11,SEC-004,34,56.6,1363.41,2.48,4.07,3,1363.41656625
2021-11-11,SEC-005,61,77.77,5491.6,2.36,4.18,15,5491.605551633334
2021-11-11,SEC-006,27,45.5,1173.42,1.64,4.31,3,1173.4139311166666
2021-11-12,SEC-001,15,65.32,953.63,2.55,4.2,3,953.6329783166666
2021-11-12,SEC-002,35,41.86,1274.3,2.38,4.14,5,1274.3003862833334
2021-11-12,SEC-003,11,22.3,249.66,3.0,4.38,2,249.6608233
2021-11-12,SEC-004,18,45.3,721.01,2.29,4.12,3,721.0111445
2021-11-12,SEC-005,47,69.06,2788.88,2.81,4.22,6,2788.870598
2021-11-12,SEC-006,45,57.79,2895.7,2.61,4.3,6,2895.6983439666665
2021-11-15,SEC-001,25,64.26,1595.46,2.04,4.2,5,1595.4608605
2021-11-15,SEC-002,68,44.07,2410.27,2.42,4.12,6,2410.2624208666666
2021-11-15,SEC-003,71,34.94,2572.28,2.96,4.12,7,2572.281459566667
2021-11-15,SEC-004,65,45.1,2646.36,2.24,4.26,7,2646.3553284
2021-11-15,SEC-005,93,72.7,7147.73,2.94,4.22,17,7147.72211945
2021-11-15,SEC-006,88,56.02,5517.0,2.23,4.14,14,5517.009818566667
2021-11-16,SEC-001,20,69.78,1284.74,1.6,4.22,4,1284.74834225
2021-11-16,SEC-002,23,43.96,951.45,2.27,4.2,2,951.4408747666666
2021-11-16,SEC-003,9,25.81,263.73,3.49,4.13,1,263.73020955
2021-11-16,SEC-004,34,48.04,1456.46,1.74,4.22,4,1456.4506798166667
2021-11-16,SEC-005,57,71.8,4597.2,2.77,4.28,11,4597.205009066666
2021-11-16,SEC-006,47,54.68,2916.2,2.8,4.13,6,2916.1986378
2021-11-17,SEC-001,17,62.24,1074.46,1.84,4.21,4,1074.4573433166668
2021-11-17,SEC-002,27,40.73,1039.91,3.2,4.24,2,1039.9097398
2021-11-17,SEC-003,34,33.98,1162.94,2.39,4.1,3,1162.9288780333334
2021-11-17,SEC-004,20,45.18,816.44,1.86,4.33,2,816.4463571
2021-11-17,SEC-005,40,64.76,2925.9,2.8,4.3,7,2925.8981068666667
2021-11-17,SEC-006,45,59.7,3202.28,2.61,4.34,8,3202.2779051166667
2021-11-19,SEC-001,9,70.98,556.51,1.56,4.0,3,556.5094955666666
2021-11-19,SEC-002,64,47.74,2758.36,2.71,4.2,6,2758.3661843333334
2021-11-19,SEC-003,39,30.12,1158.02,3.25,4.12,3,1158.012356083333
2021-11-19,SEC-004,44,45.52,1684.53,2.11,4.18,5,1684.5357847333332
2021-11-19,SEC-005,29,56.45,1802.88,2.46,4.04,5,1802.8804647
2021-11-19,SEC-006,57,58.78,3435.59,2.37,4.13,9,3435.588928383333
2021-11-22,SEC-001,14,61.36,861.45,1.65,4.27,3,861.4500556833333
2021-11-22,SEC-002,64,44.45,2620.62,2.4,4.18,8,2620.621243
2021-11-22,SEC-003,42,30.48,1127.24,3.64,4.21,2,1127.2375421333334
2021-11-22,SEC-004,37,44.04,1523.43,1.68,4.28,4,1523.4337445833337
2021-11-22,SEC-005,34,58.56,2120.0,2.7,4.21,6,2120.0027009
2021-11-22,SEC-006,64,59.12,4347.82,1.83,4.16,11,4347.811989866666
2021-11-23,SEC-001,12,56.86,682.31,1.42,4.17,2,682.3141363833333
2021-11-23,SEC-002,53,55.56,2586.16,3.31,4.09,6,2586.1568025333336
2021-11-23,SEC-003,25,35.29,763.98,2.77,4.29,2,763.98402155
2021-11-23,SEC-004,17,34.53,635.85,2.08,4.04,3,635.8496627166667
2021-11-23,SEC-005,42,67.33,3142.29,2.62,4.22,8,3142.280487116667
2021-11-23,SEC-006,25,50.81,1596.41,2.43,4.22,4,1596.4094768
2021-11-24,SEC-001,12,58.84,640.52,2.16,4.44,3,640.5164238166667
2021-11-24,SEC-002,37,43.57,1557.76,2.37,4.18,4,1557.7553567
2021-11-24,SEC-003,34,36.07,1197.35,2.45,4.16,3,1197.3466020833334
2021-11-24,SEC-004,23,46.24,953.32,2.3,4.26,3,953.31814515
2021-11-24,SEC-005,34,71.35,1831.38,2.49,4.04,5,1831.3795170666667
2021-11-24,SEC-006,32,55.9,1698.45,2.55,4.22,6,1698.4612957
2021-11-25,SEC-001,15,64.16,888.27,1.54,4.12,3,888.26510325
2021-11-25,SEC-002,50,48.52,2160.38,2.75,4.04,6,2160.38690615
2021-11-25,SEC-003,24,28.12,703.6,2.26,4.25,2,703.5985711333333
2021-11-25,SEC-004,31,42.59,1136.53,2.99,4.04,3,1136.5235294
2021-11-25,SEC-005,47,73.17,3825.38,2.53,4.09,10,3825.3870272
2021-11-25,SEC-006,36,52.45,1968.03,1.78,4.16,5,1968.0291882166664
2021-11-26,SEC-001,22,69.26,1493.03,2.0,4.31,4,1493.03661355
2021-11-26,SEC-002,29,37.73,1060.23,2.45,4.12,3,1060.2359838833331
2021-11-26,SEC-003,22,28.8,565.52,4.64,4.13,2,565.51406375
2021-11-26,SEC-004,52,53.46,2880.81,2.05,4.3,6,2880.81612805
2021-11-26,SEC-005,44,64.47,2729.22,2.47,4.18,8,2729.215798733333
2021-11-26,SEC-006,48,55.66,2961.51,2.48,4.27,8,2961.51233375
2021-11-29,SEC-001,26,72.58,1861.12,1.77,4.04,5,1861.1155455333333
2021-11-29,SEC-002,60,45.04,2806.43,2.47,4.19,6,2806.435575816666
2021-11-29,SEC-003,37,33.51,1262.3,2.85,4.31,3,1262.3019218833333
2021-11-29,SEC-004,20,39.24,760.03,2.52,4.21,2,760.0293462166667
2021-11-29,SEC-005,94,77.36,7991.57,2.92,4.25,21,7991.568618066667
2021-11-29,SEC-006,39,51.32,1949.76,2.14,4.19,5,1949.7637707666668
2021-11-30,SEC-001,6,55.22,316.76,1.62,4.25,1,316.7569959333333
2021-11-30,SEC-002,17,39.09,594.29,4.85,4.15,2,594.2906473333334
2021-11-30,SEC-003,16,31.68,421.5,3.15,4.17,2,421.50238635
2021-11-30,SEC-004,19,43.76,801.18,2.29,4.24,3,801.17328995
2021-11-30,SEC-005,44,80.42,3988.96,2.98,4.18,9,3988.959229466667
2021-11-30,SEC-006,25,49.92,1404.37,2.22,4.19,5,1404.3696907833337
2021-12-01,SEC-001,4,61.64,284.96,2.34,4.16,1,284.95941856666667
2021-12-01,SEC-002,42,42.25,1678.34,2.09,4.29,4,1678.3462243833333
2021-12-01,SEC-003,35,32.3,1169.44,2.79,4.11,3,1169.4419373833334
2021-12-01,SEC-004,43,47.79,1865.93,2.39,4.17,5,1865.9345580333331
2021-12-01,SEC-005,36,62.87,2362.89,3.02,4.12,6,2362.8879545833333
2021-12-01,SEC-006,52,57.59,3133.38,2.52,4.16,8,3133.3726075833333
2021-12-02,SEC-001,10,64.08,621.93,1.5,4.16,1,621.9275963333333
2021-12-02,SEC-002,29,41.92,1175.36,2.42,4.33,3,1175.3652727
2021-12-02,SEC-003,31,33.87,1260.39,3.26,4.16,3,1260.3935563666666
2021-12-02,SEC-004,46,49.9,2277.24,2.37,4.26,6,2277.234477283333
2021-12-02,SEC-005,21,68.02,1422.54,3.23,4.12,5,1422.5362571
2021-12-02,SEC-006,43,55.53,2452.81,2.08,4.06,6,2452.805535716667
2021-12-03,SEC-001,17,64.15,1027.12,1.51,4.12,3,1027.11740975
2021-12-03,SEC-002,43,52.26,1998.86,2.58,4.0,5,1998.8614181333328
2021-12-03,SEC-003,23,30.36,597.25,2.15,4.48,2,597.2520530166667
2021-12-03,SEC-004,25,41.51,1009.68,2.45,3.95,4,1009.6714238666668
2021-12-03,SEC-005,19,53.24,1227.91,2.74,4.29,4,1227.9118579166666
2021-12-03,SEC-006,37,58.7,2498.73,1.59,4.14,6,2498.7213953666665
2021-12-06,SEC-001,10,56.8,603.62,1.38,4.07,2,603.6189131833333
2021-12-06,SEC-002,56,40.43,2056.03,2.92,4.21,6,2056.042607316667
2021-12-06,SEC-003,44,32.16,1521.32,3.28,4.22,5,1521.32349565
2021-12-06,SEC-004,23,41.88,981.69,1.84,4.31,3,981.6832677
2021-12-06,SEC-005,65,67.67,4692.7,2.38,4.11,13,4692.6947952166665
2021-12-06,SEC-006,85,55.14,5438.64,2.38,4.16,13,5438.647299883333
2021-12-07,SEC-001,16,71.51,1005.5,2.28,4.36,2,1005.5003263166666
2021-12-07,SEC-002,60,43.81,2310.27,2.42,4.15,6,2310.27043415
2021-12-07,SEC-003,22,29.97,681.76,3.18,4.21,2,681.7548974
2021-12-07,SEC-004,15,34.78,492.61,2.25,4.08,3,492.6127107
2021-12-07,SEC-005,35,60.13,2130.24,2.63,4.13,5,2130.2394532
2021-12-07,SEC-006,39,53.73,2029.22,2.11,4.41,4,2029.2058506333333
2021-12-08,SEC-001,12,60.18,722.17,2.0,4.08,2,722.1705237666666
2021-12-08,SEC-002,40,44.92,1576.68,2.51,4.29,3,1576.6839983333334
2021-12-08,SEC-003,30,28.29,1058.64,2.64,4.15,3,1058.63814435
2021-12-08,SEC-004,22,46.35,990.17,2.47,4.15,3,990.1642808166666
2021-12-08,SEC-005,43,64.82,2414.62,2.39,4.01,5,2414.6244205666667
2021-12-08,SEC-006,43,55.08,2608.49,1.75,4.1,8,2608.4803724333333
2021-12-09,SEC-001,13,64.14,785.59,1.96,4.11,2,785.5954002333333
2021-12-09,SEC-002,27,39.28,1002.64,2.38,4.25,4,1002.6457612666668
2021-12-09,SEC-003,64,38.57,2762.81,3.21,4.22,7,2762.815443833333
2021-12-09,SEC-004,24,35.21,866.18,2.34,4.17,4,866.1784515333334
2021-12-09,SEC-005,49,62.94,3056.54,2.86,4.1,8,3056.54284845
2021-12-09,SEC-006,42,54.01,2269.66,2.33,4.19,6,2269.6625886166667
2021-12-10,SEC-001,13,61.62,973.67,0.92,4.71,4,973.6664992666666
2021-12-10,SEC-002,43,46.2,2280.77,2.87,4.16,5,2280.7717501166667
2021-12-10,SEC-003,33,35.41,1032.64,2.79,4.13,3,1032.6333756166666
2021-12-10,SEC-004,10,46.14,495.22,2.75,4.42,2,495.21536998333335
2021-12-10,SEC-005,30,78.16,2157.71,3.61,3.78,6,2157.71447015
2021-12-10,SEC-006,30,56.47,1849.24,2.4,4.37,5,1849.247033
2021-12-13,SEC-001,27,68.6,1660.99,1.85,4.39,4,1660.9883910166666
2021-12-13,SEC-002,64,51.08,2790.17,2.64,4.03,7,2790.170487733333
2021-12-13,SEC-003,31,30.04,913.89,2.87,4.13,4,913.8942523833332
2021-12-13,SEC-004,27,43.52,1145.14,2.62,4.23,3,1145.1341344333334
2021-12-13,SEC-005,25,57.07,1194.08,3.28,4.09,3,1194.080407983333
2021-12-13,SEC-006,53,57.68,3296.75,2.1,4.24,7,3296.7583233
2021-12-14,SEC-001,6,59.32,347.64,1.88,4.0,1,347.64121395
2021-12-14,SEC-002,31,42.69,1323.09,2.69,4.23,5,1323.08504585
2021-12-14,SEC-003,23,23.31,528.32,2.7,4.36,2,528.3165649833334
2021-12-14,SEC-004,16,46.68,756.59,2.09,4.32,2,756.5951032666667
2021-12-14,SEC-005,64,73.81,4726.07,2.88,4.21,12,4726.070097916667
2021-12-14,SEC-006,33,52.17,1440.14,1.9,4.14,4,1440.1351177666668
2021-12-15,SEC-001,7,59.22,418.92,1.62,4.0,1,418.92516808333335
2021-12-15,SEC-002,46,51.77,2458.01,2.44,4.27,7,2458.0059573666667
2021-12-15,SEC-003,26,31.24,748.5,3.57,4.15,2,748.4993013333334
2021-12-15,SEC-004,18,43.77,823.67,2.21,4.19,2,823.6794732
2021-12-15,SEC-005,44,69.61,3284.27,2.76,4.15,8,3284.2672849
2021-12-15,SEC-006,34,55.86,1828.43,2.01,4.3,5,1828.4365767333331
2021-12-16,SEC-001,11,68.32,762.62,2.38,4.19,2,762.6170978
2021-12-16,SEC-002,41,42.19,1714.51,2.5,4.23,5,1714.5071395166667
2021-12-16,SEC-003,30,32.15,861.0,3.2,4.18,2,860.9990503500001
2021-12-16,SEC-004,15,38.12,648.19,2.1,4.39,2,648.1916726333334
2021-12-16,SEC-005,50,67.44,3752.13,2.02,4.28,9,3752.124387533333
2021-12-16,SEC-006,65,57.15,4045.31,1.79,4.33,10,4045.317066833333
2021-12-17,SEC-001,2,52.53,105.05,2.5,4.5,1,105.04603686666668
2021-12-17,SEC-002,28,45.63,1093.81,2.39,4.21,4,1093.8138376333334
2021-12-17,SEC-003,19,29.53,601.36,2.72,4.08,3,601.3635269666667
2021-12-17,SEC-004,23,48.8,1023.46,2.46,4.36,4,1023.4573193666666
2021-12-17,SEC-005,60,74.21,3905.28,3.26,4.27,10,3905.2786850833336
2021-12-17,SEC-006,59,55.19,3584.72,2.09,4.44,10,3584.715580766667
2021-12-20,SEC-001,13,61.82,755.39,2.55,3.94,3,755.3934487166666
2021-12-20,SEC-002,38,37.29,1197.33,2.32,4.09,2,1197.3323078
2021-12-20,SEC-003,72,36.69,2423.75,3.12,4.18,7,2423.7481893
2021-12-20,SEC-004,45,48.28,2410.58,2.21,4.05,6,2410.58427375
2021-12-20,SEC-005,41,67.3,2889.04,3.23,4.32,6,2889.048971133333
2021-12-20,SEC-006,61,54.89,3321.94,2.52,4.21,8,3321.9336347666667
2021-12-21,SEC-001,7,69.8,483.52,2.3,4.35,2,483.5109722166667
2021-12-21,SEC-002,48,44.18,2077.34,2.62,4.2,5,2077.33528355
2021-12-21,SEC-003,29,33.4,1067.63,3.26,4.27,4,1067.630422383333
2021-12-21,SEC-004,15,41.07,597.84,1.79,4.16,2,597.84009785
2021-12-21,SEC-005,37,70.14,2220.84,2.43,4.11,6,2220.834190233333
2021-12-21,SEC-006,26,56.83,1639.32,2.17,4.12,5,1639.3190266
2021-12-22,SEC-001,11,58.58,644.77,2.4,4.08,3,644.7660548333333
2021-12-22,SEC-002,49,47.2,2274.23,2.48,4.28,7,2274.23162845
2021-12-22,SEC-003,18,29.42,490.09,3.16,4.12,3,490.0965929833333
2021-12-22,SEC-004,9,30.89,324.42,1.43,4.38,2,324.41351138333334
2021-12-22,SEC-005,46,77.3,4000.48,2.68,4.24,10,4000.4816802
2021-12-22,SEC-006,34,50.82,2036.97,2.17,4.17,5,2036.9698708666667
2021-12-23,SEC-001,13,68.05,759.66,1.32,4.27,2,759.65970185
2021-12-23,SEC-002,71,44.54,3064.61,2.6,4.03,7,3064.604099516667
2021-12-23,SEC-003,22,28.38,637.86,3.06,4.21,2,637.86242955
2021-12-23,SEC-004,14,35.86,503.67,1.39,4.09,2,503.6717856
2021-12-23,SEC-005,35,59.22,2236.66,2.91,4.26,6,2236.655171083333
2021-12-23,SEC-006,90,60.19,5844.48,2.34,4.24,13,5844.481894183334
2021-12-24,SEC-001,8,64.24,513.95,1.25,4.25,3,513.9504211666666
2021-12-24,SEC-002,28,38.37,1097.97,2.38,4.13,3,1097.9811306833333
2021-12-24,SEC-003,47,32.97,1438.12,3.3,4.13,4,1438.1249599
2021-12-24,SEC-004,27,44.14,1312.32,1.65,4.14,4,1312.319702966667
2021-12-24,SEC-005,62,75.34,4780.87,2.75,4.2,12,4780.869322816667
2021-12-24,SEC-006,48,57.05,2670.44,2.42,4.19,7,2670.436125283333
2021-12-27,SEC-001,25,66.72,1623.82,1.94,4.03,4,1623.8174898333334
2021-12-27,SEC-002,70,46.88,3513.5,2.6,4.08,10,3513.5012475666667
2021-12-27,SEC-003,54,32.14,1631.84,2.83,4.26,3,1631.8398725333334
2021-12-27,SEC-004,31,42.3,1367.73,2.24,4.19,4,1367.730013483333
2021-12-27,SEC-005,73,76.46,5021.71,2.31,4.29,12,5021.705910533334
2021-12-27,SEC-006,23,46.52,1032.58,1.86,4.14,3,1032.5746931
2021-12-28,SEC-001,6,68.37,410.21,1.5,4.0,1,410.2060041
2021-12-28,SEC-002,31,44.77,1144.87,2.84,4.17,3,1144.8697738333333
2021-12-28,SEC-003,19,30.82,640.66,3.56,4.22,2,640.6621150999999
2021-12-28,SEC-004,23,53.74,934.15,1.65,4.03,4,934.14643635
2021-12-28,SEC-005,29,63.44,2066.78,2.74,4.23,5,2066.7854497
2021-12-28,SEC-006,43,59.52,2472.35,2.46,4.31,6,2472.3466763166666
2021-12-29,SEC-001,9,75.02,582.57,2.43,4.22,2,582.5712879166666
2021-12-29,SEC-002,41,45.61,1894.19,2.16,4.27,5,1894.1939177333331
2021-12-29,SEC-003,12,27.6,313.22,2.87,4.19,1,313.2156357
2021-12-29,SEC-004,33,48.41,1603.19,2.13,4.15,4,1603.192286016667
2021-12-29,SEC-005,36,66.39,2471.46,2.38,4.26,7,2471.4647957833336
2021-12-29,SEC-006,34,47.49,1689.34,1.8,4.24,4,1689.347590933333
2021-12-30,SEC-001,11,55.35,650.52,1.53,4.11,1,650.5240929833334
2021-12-30,SEC-002,42,46.1,1567.64,2.41,4.23,5,1567.6377098333332
2021-12-30,SEC-003,37,37.56,1279.13,3.36,4.11,3,1279.13272525
2021-12-30,SEC-004,28,46.06,1375.75,2.2,4.11,4,1375.7423465166669
2021-12-30,SEC-005,30,67.21,2329.11,2.96,4.23,6,2329.1092296166667
2021-12-30,SEC-006,39,55.05,2043.87,2.48,4.22,5,2043.86748465
2021-12-31,SEC-001,24,75.55,1635.07,1.97,4.35,5,1635.0768481166667
2021-12-31,SEC-002,31,41.86,1424.22,2.37,4.1,4,1424.2126852
2021-12-31,SEC-003,15,29.39,494.06,2.8,4.05,2,494.06126245
2021-12-31,SEC-004,37,49.34,1791.4,2.12,4.21,5,1791.4000739666667
2021-12-31,SEC-005,64,76.67,5401.77,2.39,4.1,12,5401.7690493166665
2021-12-31,SEC-006,30,52.19,1452.37,2.21,4.26,4,1452.3755535
2022-01-03,SEC-001,26,71.43,1897.16,2.31,4.12,5,1897.1634126
2022-01-03,SEC-002,68,38.84,2475.73,1.87,4.42,7,2475.7219639833334
2022-01-03,SEC-003,73,34.08,2535.04,2.75,4.25,8,2535.0338629
2022-01-03,SEC-004,21,47.74,1066.25,2.11,4.0,2,1066.2476159
2022-01-03,SEC-005,11,55.15,672.0,3.5,4.23,2,672.0029838166666
2022-01-03,SEC-006,105,56.49,5951.02,2.59,4.26,15,5951.018260216667
2022-01-04,SEC-001,6,78.17,403.92,2.25,4.12,1,403.91889915
2022-01-04,SEC-002,38,44.54,1725.01,2.63,4.2,6,1725.0095759
2022-01-04,SEC-003,22,31.62,715.7,3.35,4.12,3,715.7057666333334
2022-01-04,SEC-004,16,42.87,636.09,1.7,4.15,2,636.0923447833334
2022-01-04,SEC-005,39,74.4,3430.54,2.1,4.12,9,3430.5400440666667
2022-01-04,SEC-006,41,61.44,2272.62,2.59,4.26,5,2272.63435335
2022-01-05,SEC-001,6,53.37,327.66,2.0,4.1,1,327.6555787666667
2022-01-05,SEC-002,39,42.46,1549.38,2.39,4.25,3,1549.3739109833334
2022-01-05,SEC-003,47,36.48,1790.56,3.2,4.18,6,1790.5557356166669
2022-01-05,SEC-004,24,43.46,904.51,2.27,4.07,4,904.5144207333332
2022-01-05,SEC-005,43,67.97,3155.35,3.02,4.07,8,3155.350750233333
2022-01-05,SEC-006,37,55.51,1933.43,3.14,4.31,4,1933.4313924166663
2022-01-06,SEC-001,18,57.68,1050.33,1.72,4.1,3,1050.33849955
2022-01-06,SEC-002,37,50.81,1729.23,2.48,4.26,4,1729.22120115
2022-01-06,SEC-003,18,29.79,521.29,2.66,4.38,1,521.2912620666667
2022-01-06,SEC-004,38,51.33,1911.54,2.1,4.2,5,1911.5448365166667
2022-01-06,SEC-005,33,65.09,2021.48,2.99,4.08,5,2021.48291875
2022-01-06,SEC-006,30,54.76,1644.5,2.61,4.14,4,1644.48906215
2022-01-07,SEC-001,6,66.98,338.15,1.8,4.4,1,338.1496148
2022-01-07,SEC-002,73,46.52,3104.23,2.18,4.3,8,3104.2233061666666
2022-01-07,SEC-003,26,32.98,844.24,3.18,4.07,2,844.2393057333334
2022-01-07,SEC-004,16,42.23,667.62,2.38,4.33,2,667.6231923166666
2022-01-07,SEC-005,22,64.46,1376.15,2.75,4.12,5,1376.1475372333334
2022-01-07,SEC-006,28,55.8,1494.26,2.23,4.23,3,1494.2650270166666
2022-01-10,SEC-001,18,65.03,1081.1,2.61,4.08,3,1081.0949637833337
2022-01-10,SEC-002,61,44.9,2642.2,2.66,4.19,7,2642.198717866667
2022-01-10,SEC-003,39,31.32,1222.98,3.08,4.21,2,1222.98378165
2022-01-10,SEC-004,16,40.12,625.92,2.03,4.35,2,625.9250751166667
2022-01-10,SEC-005,33,64.02,1806.65,3.31,4.13,6,1806.6426175166664
2022-01-10,SEC-006,64,57.64,3627.69,2.07,4.18,10,3627.6922822
2022-01-11,SEC-001,15,60.97,904.33,2.34,4.26,3,904.3308894833332
2022-01-11,SEC-002,26,34.34,901.92,2.7,4.41,4,901.92195695
2022-01-11,SEC-003,23,31.95,720.07,3.15,4.14,2,720.0667051666667
2022-01-11,SEC-004,26,45.39,1331.44,2.41,4.23,4,1331.436950516667
2022-01-11,SEC-005,41,80.93,2242.64,4.0,4.08,6,2242.63819225
2022-01-11,SEC-006,47,58.77,2896.66,2.2,4.03,7,2896.6573410166666
2022-01-12,SEC-001,16,55.78,939.39,1.62,4.19,3,939.3921246666667
2022-01-12,SEC-002,42,45.33,1839.85,2.18,4.14,4,1839.8602611833333
2022-01-12,SEC-003,18,30.63,579.97,2.79,4.04,2,579.97264505
2022-01-12,SEC-004,19,42.56,809.96,1.58,4.21,2,809.96424415
2022-01-12,SEC-005,39,73.84,2971.12,2.34,4.18,9,2971.1266080166665
2022-01-12,SEC-006,43,55.92,2309.53,2.85,4.16,7,2309.522775166666
2022-01-13,SEC-001,17,77.13,1166.55,2.54,4.19,2,1166.5433494
2022-01-13,SEC-002,25,37.9,854.84,2.91,4.09,3,854.8363800666666
2022-01-13,SEC-003,14,28.65,383.68,2.63,4.37,1,383.67992188333335
2022-01-13,SEC-004,14,40.42,558.87,2.36,3.94,2,558.8737801333333
2022-01-13,SEC-005,49,78.65,4243.12,2.46,4.03,11,4243.124508416667
2022-01-13,SEC-006,31,59.16,1586.83,1.56,4.15,4,1586.82947595
2022-01-18,SEC-001,21,65.82,1352.43,1.6,4.27,4,1352.4218676166668
2022-01-18,SEC-002,44,43.81,1909.75,2.59,4.29,5,1909.7397155666667
2022-01-18,SEC-003,36,32.53,1109.76,2.88,4.23,3,1109.75776935
2022-01-18,SEC-004,32,48.08,1174.41,2.2,4.02,3,1174.4134823666666
2022-01-18,SEC-005,46,66.85,2940.57,2.58,4.17,8,2940.5708542
2022-01-18,SEC-006,52,56.55,2801.05,1.92,4.41,8,2801.0589995
2022-01-19,SEC-001,11,68.12,752.65,2.24,4.19,2,752.6490070666666
2022-01-19,SEC-002,29,30.28,970.77,2.25,4.07,3,970.7750292833332
2022-01-19,SEC-003,41,37.31,1461.15,2.65,4.39,5,1461.149179966667
2022-01-19,SEC-004,13,44.33,488.17,2.26,3.87,2,488.1683146833333
2022-01-19,SEC-005,29,66.26,2087.9,2.77,4.31,4,2087.8934267
2022-01-19,SEC-006,31,52.44,1802.11,2.3,4.23,5,1802.1171294833332
2022-01-20,SEC-001,13,59.12,727.93,1.64,4.05,2,727.9339190166667
2022-01-20,SEC-002,16,38.69,606.34,2.96,4.22,1,606.3502998333333
2022-01-20,SEC-003,27,36.13,1033.43,2.86,4.15,4,1033.43557935
2022-01-20,SEC-004,28,48.51,1340.66,1.81,4.32,4,1340.66734615
2022-01-20,SEC-005,30,69.5,2120.43,3.48,4.16,6,2120.433433933333
2022-01-20,SEC-006,38,59.92,1923.42,1.85,4.34,5,1923.4194287333328
2022-01-21,SEC-001,12,61.2,678.75,2.16,3.88,2,678.74482605
2022-01-21,SEC-002,47,51.95,2032.34,2.21,4.15,6,2032.3415704166664
2022-01-21,SEC-003,26,30.79,709.65,2.6,4.0,1,709.64859315
2022-01-21,SEC-004,45,52.31,2287.49,1.84,4.23,6,2287.484046633333
2022-01-21,SEC-005,25,62.09,1458.46,2.87,4.39,4,1458.4577657
2022-01-21,SEC-006,32,55.02,1678.41,1.89,4.16,5,1678.4077865833333
2022-01-24,SEC-001,18,75.74,1254.88,1.92,4.0,3,1254.88088755
2022-01-24,SEC-002,46,39.8,1638.86,2.47,4.36,5,1638.86515725
2022-01-24,SEC-003,22,29.07,701.4,2.92,4.1,1,701.4037784666667
2022-01-24,SEC-004,55,48.49,2739.75,2.06,4.27,8,2739.743987016667
2022-01-24,SEC-005,81,67.75,5000.3,2.55,4.16,12,5000.29864455
2022-01-24,SEC-006,73,55.5,3793.95,2.4,4.14,10,3793.9466401666655
2022-01-25,SEC-001,17,61.24,1035.16,2.21,4.17,3,1035.16629415
2022-01-25,SEC-002,47,43.87,2304.43,2.75,4.26,6,2304.42911
2022-01-25,SEC-003,30,31.26,1108.98,3.08,4.31,3,1108.9813882333333
2022-01-25,SEC-004,19,38.76,662.25,2.88,4.06,2,662.2451274
2022-01-25,SEC-005,60,75.09,4546.56,2.71,4.14,12,4546.566341033334
2022-01-25,SEC-006,44,53.4,2199.48,1.71,4.26,6,2199.4880834666665
2022-01-26,SEC-001,7,60.96,432.89,1.88,4.16,2,432.8939338666667
2022-01-26,SEC-002,52,46.26,2309.36,3.02,4.06,5,2309.3607760666664
2022-01-26,SEC-003,26,28.72,739.38,3.11,4.23,1,739.3856769666667
2022-01-26,SEC-004,21,45.84,983.96,1.89,4.17,3,983.95899865
2022-01-26,SEC-005,40,65.44,2486.85,2.72,4.1,6,2486.84483095
2022-01-26,SEC-006,37,51.58,2123.99,2.74,4.07,7,2123.98967155
2022-01-27,SEC-001,9,56.88,520.91,1.58,4.0,2,520.9121049833334
2022-01-27,SEC-002,43,42.06,1587.99,2.7,4.17,3,1587.9803862666668
2022-01-27,SEC-003,12,28.45,345.77,3.08,4.07,1,345.7682492166667
2022-01-27,SEC-004,19,43.93,718.1,1.84,4.15,2,718.0946445
2022-01-27,SEC-005,29,64.85,2011.89,2.41,4.17,5,2011.8932386666668
2022-01-27,SEC-006,50,57.49,3228.82,2.29,4.23,8,3228.8274335666665
2022-01-28,SEC-001,15,64.11,971.3,2.43,3.98,3,971.3035331833332
2022-01-28,SEC-002,55,52.86,2927.97,2.6,4.32,7,2927.97417355
2022-01-28,SEC-003,13,26.53,321.06,2.72,4.06,1,321.0604661
2022-01-28,SEC-004,31,44.75,1140.48,1.38,4.08,4,1140.4793097833333
2022-01-28,SEC-005,22,55.74,1325.5,3.06,4.25,4,1325.4999294333334
2022-01-28,SEC-006,29,52.26,1094.84,2.52,4.3,3,1094.84878595
2022-01-31,SEC-001,22,66.4,1406.85,2.19,4.2,5,1406.8491830333332
2022-01-31,SEC-002,48,44.3,2178.71,2.76,4.28,6,2178.710676316666
2022-01-31,SEC-003,30,31.81,1024.89,2.62,4.16,3,1024.8912189833334
2022-01-31,SEC-004,13,43.98,441.08,2.85,4.26,2,441.0734871333333
2022-01-31,SEC-005,22,56.85,1237.28,2.83,4.5,4,1237.2775393666666
2022-01-31,SEC-006,50,65.3,3622.04,2.11,4.18,10,3622.042475283333
2022-02-01,SEC-001,14,53.03,742.43,1.57,4.21,2,742.4274840833333
2022-02-01,SEC-002,56,43.7,2648.41,2.93,4.15,7,2648.399651333333
2022-02-01,SEC-003,37,33.68,1268.55,3.24,4.25,4,1268.5450844
2022-02-01,SEC-004,42,45.98,1841.46,2.16,4.23,5,1841.45434495
2022-02-01,SEC-005,23,71.43,1550.72,2.06,4.25,4,1550.7125780666668
2022-02-01,SEC-006,57,53.33,3326.7,2.06,4.14,8,3326.7052878333334
2022-02-02,SEC-001,4,52.85,211.39,2.0,4.5,1,211.38855346666668
2022-02-02,SEC-002,21,41.54,925.75,3.55,4.27,3,925.7523071333331
2022-02-02,SEC-003,35,32.96,1169.02,2.86,4.31,3,1169.027255083333
2022-02-02,SEC-004,14,36.63,492.65,1.96,4.17,1,492.64648323333336
2022-02-02,SEC-005,27,66.09,1930.94,2.34,4.1,4,1930.9373602
2022-02-02,SEC-006,29,56.46,1417.55,2.46,4.26,5,1417.5506935166666
2022-02-03,SEC-001,18,60.1,1058.96,2.11,3.93,3,1058.9637622166667
2022-02-03,SEC-002,43,52.31,1933.82,3.06,4.2,4,1933.8118083666664
2022-02-03,SEC-003,40,32.06,1133.02,3.33,4.37,3,1133.01577345
2022-02-03,SEC-004,16,42.39,654.97,3.08,4.0,2,654.9724578666667
2022-02-03,SEC-005,21,58.12,1329.61,2.67,4.05,5,1329.61621905
2022-02-03,SEC-006,44,59.16,2582.32,2.19,4.1,6,2582.329616216666
2022-02-07,SEC-001,15,71.47,935.43,1.54,4.08,2,935.4230776
2022-02-07,SEC-002,60,43.12,2414.8,2.92,4.1,6,2414.803384316667
2022-02-07,SEC-003,29,30.41,737.43,3.42,4.11,1,737.4269330666667
2022-02-07,SEC-004,40,45.0,1758.74,1.91,4.25,4,1758.7417976166666
2022-02-07,SEC-005,74,72.69,5833.43,2.54,4.24,13,5833.428002933333
2022-02-07,SEC-006,52,53.49,3053.5,2.36,4.23,8,3053.4946043833334
2022-02-08,SEC-001,4,48.6,194.57,2.34,4.0,2,194.56575128333333
2022-02-08,SEC-002,30,46.0,1356.32,2.82,4.22,4,1356.3035991333334
2022-02-08,SEC-003,29,31.48,999.38,3.41,4.11,3,999.37691495
2022-02-08,SEC-004,15,44.34,577.96,1.17,4.15,1,577.9587676
2022-02-08,SEC-005,36,73.5,2314.43,2.65,4.26,6,2314.4325246666667
2022-02-08,SEC-006,49,55.65,3019.59,2.62,4.16,9,3019.5927291
2022-02-09,SEC-001,4,54.11,229.71,2.66,4.5,2,229.71136421666668
2022-02-09,SEC-002,28,34.34,929.8,2.26,4.3,3,929.8010049333334
2022-02-09,SEC-003,27,32.38,898.41,2.07,4.1,3,898.3981288
2022-02-09,SEC-004,24,44.93,1132.45,2.32,4.3,3,1132.4457462833334
2022-02-09,SEC-005,59,74.69,3764.02,2.13,4.18,8,3764.016167883333
2022-02-09,SEC-006,44,51.12,2247.06,2.25,4.34,6,2247.0498400666665
2022-02-10,SEC-001,20,67.1,1243.89,2.55,3.9,3,1243.8855974
2022-02-10,SEC-002,38,48.08,1802.88,2.59,4.05,5,1802.8873235833328
2022-02-10,SEC-003,47,37.35,1801.82,2.95,4.29,4,1801.8115024
2022-02-10,SEC-004,26,42.74,1119.47,2.54,4.11,3,1119.4748504333334
2022-02-10,SEC-005,18,58.59,1018.38,2.29,4.41,3,1018.3743309666668
2022-02-10,SEC-006,36,52.02,2199.63,2.41,4.16,6,2199.631468333333
2022-02-11,SEC-001,14,58.09,813.32,1.57,4.21,2,813.3208981333333
2022-02-11,SEC-002,34,33.5,1136.43,2.25,4.47,4,1136.4327635333334
2022-02-11,SEC-003,18,28.79,480.89,3.49,4.31,2,480.8883340666667
2022-02-11,SEC-004,21,41.12,863.56,1.72,4.15,3,863.5666876666667
2022-02-11,SEC-005,53,73.86,4237.94,2.52,4.19,10,4237.941458716667
2022-02-11,SEC-006,26,43.19,1139.4,1.78,4.27,3,1139.40599225
2022-02-14,SEC-001,20,66.27,1325.43,1.35,4.25,4,1325.43513015
2022-02-14,SEC-002,70,44.8,2895.71,3.09,4.11,7,2895.7123883
2022-02-14,SEC-003,65,38.55,2308.82,2.91,4.19,6,2308.8251907333333
2022-02-14,SEC-004,41,47.8,1907.53,2.37,4.12,6,1907.5347414333332
2022-02-14,SEC-005,57,66.1,3639.33,2.68,4.32,9,3639.3242020833336
2022-02-14,SEC-006,12,42.27,555.12,2.74,4.35,2,555.1162517
2022-02-15,SEC-001,9,54.46,514.37,2.0,4.16,3,514.3628278666666
2022-02-15,SEC-002,31,45.19,1224.03,2.8,4.43,3,1224.0322669333332
2022-02-15,SEC-003,33,31.98,1005.38,2.59,4.15,3,1005.3806589333332
2022-02-15,SEC-004,32,44.91,1288.82,1.6,4.31,3,1288.8077977333332
2022-02-15,SEC-005,32,72.17,2179.12,3.08,4.16,6,2179.1199641333333
2022-02-15,SEC-006,43,54.69,2444.96,2.09,4.21,6,2444.95572085
2022-02-17,SEC-001,20,64.54,1351.62,1.47,4.0,4,1351.6155832333334
2022-02-17,SEC-002,24,42.73,834.58,2.2,4.13,2,834.5878064333333
2022-02-17,SEC-003,25,27.09,758.03,2.82,4.17,2,758.0362047166667
2022-02-17,SEC-004,29,47.01,1365.15,2.17,4.18,4,1365.1603470833334
2022-02-17,SEC-005,29,62.83,2005.56,2.81,4.12,4,2005.554191616667
2022-02-17,SEC-006,54,63.06,3697.21,2.29,4.13,9,3697.223014033333
2022-02-18,SEC-001,16,49.32,851.26,2.32,4.11,4,851.2587707499999
2022-02-18,SEC-002,43,40.71,1595.27,1.61,4.26,4,1595.266980633333
2022-02-18,SEC-003,44,33.81,1440.54,2.51,4.11,4,1440.53910335
2022-02-18,SEC-004,20,41.94,620.56,2.74,4.04,2,620.5575602666667
2022-02-18,SEC-005,48,63.35,2999.18,2.92,4.15,8,2999.1774395833336
2022-02-18,SEC-006,34,51.12,1695.21,3.2,4.11,5,1695.20606925
2022-02-21,SEC-001,3,70.39,235.62,1.5,4.25,1,235.62139975
2022-02-21,SEC-002,43,42.8,1786.1,2.09,4.1,5,1786.093138
2022-02-21,SEC-003,34,31.46,1054.46,2.87,4.1,3,1054.46278655
2022-02-21,SEC-004,40,45.64,1706.91,2.11,4.31,5,1706.9152362833331
2022-02-21,SEC-005,77,72.52,5727.34,2.97,4.14,14,5727.332697683333
2022-02-21,SEC-006,61,57.11,3635.61,1.98,4.16,9,3635.602897366666
2022-02-22,SEC-001,22,58.95,1190.56,1.3,4.08,3,1190.5578911666666
2022-02-22,SEC-002,36,40.44,1589.33,2.2,3.97,4,1589.33696595
2022-02-22,SEC-003,35,30.79,957.18,2.92,4.22,3,957.1832754833332
2022-02-22,SEC-004,50,52.34,2706.83,2.57,4.12,7,2706.824848666666
2022-02-22,SEC-005,42,72.85,3299.17,3.01,4.33,8,3299.177368766667
2022-02-22,SEC-006,34,48.83,1737.67,2.22,4.17,6,1737.666336966667
2022-02-23,SEC-001,18,75.88,1059.03,0.74,4.03,3,1059.029776
2022-02-23,SEC-002,37,39.61,1308.68,2.39,4.14,4,1308.68245585
2022-02-23,SEC-003,54,37.9,1721.44,2.6,4.17,5,1721.4328483166669
2022-02-23,SEC-004,28,42.62,1333.26,2.01,4.1,4,1333.2674785333334
2022-02-23,SEC-005,30,65.44,1724.79,3.1,4.26,4,1724.7932098666668
2022-02-23,SEC-006,41,54.54,2805.6,2.7,4.04,8,2805.600904883333
2022-02-24,SEC-001,2,47.33,94.67,0.5,4.5,1,94.66515723333332
2022-02-24,SEC-002,39,44.64,1551.79,3.27,4.23,4,1551.7885008666667
2022-02-24,SEC-003,27,30.91,816.25,2.55,4.26,1,816.2474728166667
2022-02-24,SEC-004,7,30.96,183.68,1.0,3.58,1,183.67684255
2022-02-24,SEC-005,30,72.85,2036.02,2.93,4.08,4,2036.0235826666667
2022-02-24,SEC-006,33,57.55,1588.93,1.44,4.17,4,1588.935532
2022-02-25,SEC-001,8,62.92,502.38,2.16,4.04,1,502.3771490166667
2022-02-25,SEC-002,28,38.15,1002.39,2.44,4.15,3,1002.3973256833334
2022-02-25,SEC-003,36,34.31,1244.22,2.76,4.21,3,1244.222956
2022-02-25,SEC-004,23,40.92,916.81,2.42,4.19,3,916.8038158666668
2022-02-25,SEC-005,25,58.66,1696.33,2.02,4.23,4,1696.3219070333332
2022-02-25,SEC-006,41,60.77,2225.23,1.98,4.22,6,2225.2310527333334
2022-02-28,SEC-001,19,66.94,1250.56,1.67,4.15,2,1250.5632110166666
2022-02-28,SEC-002,50,44.2,2126.56,3.0,4.26,6,2126.55948965
2022-02-28,SEC-003,30,32.78,961.81,3.27,4.1,3,961.81394575
2022-02-28,SEC-004,20,44.03,784.13,1.7,4.15,1,784.1225014166666
2022-02-28,SEC-005,51,65.39,3727.21,2.34,4.14,8,3727.206082
2022-02-28,SEC-006,59,57.66,3674.73,2.4,4.27,9,3674.7261998166655
2022-03-02,SEC-001,11,61.72,634.73,1.6,4.22,2,634.73352995
2022-03-02,SEC-002,56,51.08,2192.28,2.4,4.11,7,2192.27304015
2022-03-02,SEC-003,38,33.74,1223.24,2.96,4.36,3,1223.25348645
2022-03-02,SEC-004,45,49.33,1855.73,3.01,4.11,5,1855.7243076166667
2022-03-02,SEC-005,26,63.51,1884.19,2.38,3.85,5,1884.1956446
2022-03-02,SEC-006,33,50.69,1626.11,1.94,4.24,4,1626.10556
2022-03-03,SEC-001,5,56.98,276.67,2.0,4.42,1,276.6693992
2022-03-03,SEC-002,37,46.32,1553.4,2.62,4.33,5,1553.4032418666666
2022-03-03,SEC-003,35,36.96,1240.31,3.1,4.24,3,1240.3145946
2022-03-03,SEC-004,21,36.26,755.46,2.35,4.16,2,755.4538386833334
2022-03-03,SEC-005,17,58.87,1177.45,3.17,4.12,2,1177.4505945333333
2022-03-03,SEC-006,17,52.17,866.95,2.41,4.03,3,866.9503040666667
2022-03-04,SEC-001,16,56.86,906.84,1.86,4.43,3,906.8350163833334
2022-03-04,SEC-002,19,34.57,670.19,3.17,4.44,2,670.1959045166667
2022-03-04,SEC-003,39,35.57,1339.52,3.07,4.14,5,1339.5232115666663
2022-03-04,SEC-004,31,46.33,1610.28,2.66,4.25,4,1610.2846542
2022-03-04,SEC-005,33,61.57,1866.23,3.38,4.07,5,1866.2287111333333
2022-03-04,SEC-006,29,55.36,1554.3,2.76,4.06,4,1554.30085935
2022-03-07,SEC-001,27,64.31,1677.75,2.11,4.42,3,1677.7529879666668
2022-03-07,SEC-002,60,43.92,2987.64,1.93,4.14,9,2987.63981715
2022-03-07,SEC-003,58,34.14,1992.99,2.85,4.26,4,1992.9799126166668
2022-03-07,SEC-004,36,44.06,1293.79,2.09,4.16,4,1293.7869389166667
2022-03-07,SEC-005,57,67.12,3660.28,2.63,4.15,9,3660.285661483333
2022-03-07,SEC-006,72,58.76,4392.18,2.26,4.31,10,4392.1770282
2022-03-08,SEC-001,10,69.05,650.28,1.78,4.31,2,650.2734400833333
2022-03-08,SEC-002,38,54.71,1940.24,2.66,4.03,5,1940.2426548833332
2022-03-08,SEC-003,12,25.33,253.37,3.39,3.99,1,253.37404375
2022-03-08,SEC-004,21,46.13,977.51,2.63,4.48,3,977.5154984
2022-03-08,SEC-005,24,56.57,1499.64,2.38,4.17,3,1499.6360151
2022-03-08,SEC-006,36,53.48,2164.73,2.38,4.36,6,2164.7350233166667
2022-03-09,SEC-001,12,54.68,705.88,2.12,4.33,2,705.8815954833333
2022-03-09,SEC-002,40,36.56,1359.88,1.86,4.1,4,1359.8654521
2022-03-09,SEC-003,18,30.03,549.42,2.72,4.28,2,549.4178713333333
2022-03-09,SEC-004,24,44.43,1125.11,1.95,4.17,2,1125.1148506333334
2022-03-09,SEC-005,65,75.65,5281.94,2.52,4.19,13,5281.93560595
2022-03-09,SEC-006,51,58.26,2926.65,2.46,4.3,7,2926.6467267666667
2022-03-10,SEC-001,5,63.59,336.99,2.34,4.0,1,336.98399256666664
2022-03-10,SEC-002,22,35.97,826.7,2.67,4.33,3,826.69575845
2022-03-10,SEC-003,16,26.87,380.09,3.0,4.0,1,380.0841891333333
2022-03-10,SEC-004,25,45.89,1030.93,2.13,4.27,3,1030.9334420666669
2022-03-10,SEC-005,36,77.45,2937.48,2.26,4.25,7,2937.4789643333334
2022-03-10,SEC-006,28,51.38,1633.84,2.38,4.08,4,1633.8488685833331
2022-03-11,SEC-001,12,55.89,643.54,2.09,3.72,2,643.5423687333333
2022-03-11,SEC-002,45,49.24,2123.79,2.6,4.18,6,2123.77641625
2022-03-11,SEC-003,28,31.97,867.62,3.0,4.39,3,867.61984955
2022-03-11,SEC-004,25,46.63,1000.05,2.15,3.97,4,1000.0517626333332
2022-03-11,SEC-005,30,65.93,2114.4,2.75,4.25,5,2114.39588255
2022-03-11,SEC-006,37,49.72,1829.67,2.28,4.29,5,1829.667117166667
2022-03-14,SEC-001,10,59.74,597.41,2.3,4.1,2,597.4143283166667
2022-03-14,SEC-002,59,48.88,2668.52,2.5,3.95,7,2668.51985435
2022-03-14,SEC-003,41,32.69,1296.22,3.56,4.22,3,1296.2182108
2022-03-14,SEC-004,33,44.14,1373.42,2.36,4.29,5,1373.4272884
2022-03-14,SEC-005,50,67.22,3270.71,2.58,3.95,9,3270.709137416666
2022-03-14,SEC-006,56,57.94,2806.06,2.0,4.2,6,2806.0550275
2022-03-15,SEC-001,24,63.08,1394.56,2.8,4.15,4,1394.5628593666663
2022-03-15,SEC-002,41,40.42,1854.55,2.92,4.15,5,1854.5440338333333
2022-03-15,SEC-003,19,30.48,474.58,2.99,4.11,2,474.58013193333335
2022-03-15,SEC-004,47,47.99,2037.54,2.14,4.1,5,2037.5344864833328
2022-03-15,SEC-005,30,58.66,2006.37,2.38,4.14,5,2006.3714925
2022-03-15,SEC-006,55,58.97,3392.81,2.06,4.02,10,3392.8024802166665
2022-03-16,SEC-001,14,61.14,818.99,1.79,4.0,1,818.98904645
2022-03-16,SEC-002,32,41.27,1560.11,3.7,4.32,4,1560.1118951666667
2022-03-16,SEC-003,26,30.92,797.46,3.04,4.22,3,797.4588342666666
2022-03-16,SEC-004,23,41.8,935.3,2.22,4.22,4,935.2966390833332
2022-03-16,SEC-005,23,65.85,1338.61,2.01,4.25,4,1338.5992225
2022-03-16,SEC-006,34,57.6,2058.04,2.09,4.18,5,2058.0358948
2022-03-18,SEC-001,6,58.37,340.12,1.62,4.12,1,340.11565748333334
2022-03-18,SEC-002,35,44.2,1555.35,2.76,4.15,5,1555.34714695
2022-03-18,SEC-003,29,32.67,845.36,3.21,4.27,3,845.3637247333334
2022-03-18,SEC-004,26,39.24,901.49,2.02,4.5,3,901.49340065
2022-03-18,SEC-005,33,62.75,1987.23,2.07,4.1,4,1987.2285255333331
2022-03-18,SEC-006,42,56.07,2278.61,2.39,4.17,6,2278.61151745
2022-03-21,SEC-001,23,65.44,1395.5,2.04,4.37,5,1395.50076845
2022-03-21,SEC-002,44,39.5,1721.01,2.78,4.36,6,1721.0037671833334
2022-03-21,SEC-003,43,30.39,1193.32,2.72,4.31,3,1193.3116698833333
2022-03-21,SEC-004,25,43.42,1225.3,1.8,4.23,3,1225.3032628666667
2022-03-21,SEC-005,60,66.18,4296.15,2.96,4.12,10,4296.143997383333
2022-03-21,SEC-006,92,56.3,4956.47,2.43,4.19,13,4956.468646516667
2022-03-22,SEC-001,6,50.91,305.45,2.0,4.5,2,305.4568316666667
2022-03-22,SEC-002,35,40.38,1499.42,2.66,4.22,5,1499.4266880833334
2022-03-22,SEC-003,40,34.21,1255.31,3.66,4.49,3,1255.3064780166667
2022-03-22,SEC-004,32,43.9,1374.98,2.44,4.19,3,1374.977399183333
2022-03-22,SEC-005,40,65.34,2379.85,2.47,4.18,7,2379.844028966667
2022-03-22,SEC-006,40,52.91,2464.01,2.73,4.04,7,2464.0104695166665
2022-03-23,SEC-001,10,64.4,594.58,2.38,4.0,3,594.5794864333334
2022-03-23,SEC-002,18,37.96,663.34,2.7,4.03,2,663.3461341166667
2022-03-23,SEC-003,23,31.7,796.46,3.63,4.25,2,796.4629222
2022-03-23,SEC-004,32,51.47,1584.26,2.46,4.17,5,1584.2665779
2022-03-23,SEC-005,28,68.94,1904.09,2.29,4.26,5,1904.0957596333333
2022-03-23,SEC-006,28,52.06,1625.58,2.66,4.14,4,1625.5823221833334
2022-03-24,SEC-001,8,55.3,434.55,2.76,4.36,1,434.5574053
2022-03-24,SEC-002,38,40.41,1495.38,2.33,4.16,4,1495.37656555
2022-03-24,SEC-003,30,32.87,979.49,2.9,4.29,3,979.4852962833334
2022-03-24,SEC-004,21,38.05,734.91,2.26,4.21,2,734.9096057333334
2022-03-24,SEC-005,28,62.56,2106.22,2.26,4.17,6,2106.22670105
2022-03-24,SEC-006,45,58.53,2648.66,2.66,4.14,6,2648.660516233333
2022-03-25,SEC-001,17,61.7,1077.09,1.76,4.38,3,1077.0960747666666
2022-03-25,SEC-002,44,46.0,1630.13,2.41,4.38,4,1630.1300445
2022-03-25,SEC-003,59,36.5,2193.87,3.03,4.24,6,2193.8686432333334
2022-03-25,SEC-004,19,41.8,748.3,1.88,4.12,2,748.2881341
2022-03-25,SEC-005,30,59.4,1627.09,2.58,4.31,4,1627.0918433166669
2022-03-25,SEC-006,47,52.24,2446.26,2.0,4.28,5,2446.248704166667
2022-03-28,SEC-001,27,70.81,1586.91,1.92,4.27,3,1586.9032186
2022-03-28,SEC-002,69,43.12,2790.49,2.53,4.21,7,2790.4842346166665
2022-03-28,SEC-003,70,32.97,2189.88,2.9,4.14,6,2189.887353983333
2022-03-28,SEC-004,18,38.12,621.75,1.82,4.29,3,621.7530124833334
2022-03-28,SEC-005,90,71.63,5850.38,2.58,4.09,13,5850.39019545
2022-03-28,SEC-006,39,48.62,1625.44,2.54,4.15,4,1625.4366819833333
2022-03-29,SEC-001,13,60.45,793.15,2.26,4.07,3,793.1571128666667
2022-03-29,SEC-002,35,43.12,1342.81,2.49,4.22,3,1342.8043192166667
2022-03-29,SEC-003,32,31.71,1018.42,2.92,4.17,4,1018.4249295166668
2022-03-29,SEC-004,21,41.31,768.65,2.97,4.32,2,768.6565000166667
2022-03-29,SEC-005,37,71.32,2303.57,2.88,4.12,6,2303.578233283333
2022-03-29,SEC-006,40,58.67,2281.26,2.24,4.2,6,2281.2662991
2022-03-30,SEC-001,11,67.37,683.8,2.46,4.46,1,683.7988766
2022-03-30,SEC-002,35,41.89,1461.65,3.32,4.33,4,1461.64357335
2022-03-30,SEC-003,35,32.69,1004.25,2.96,4.41,3,1004.2523821166668
2022-03-30,SEC-004,15,42.57,658.9,2.22,4.21,1,658.9006976833333
2022-03-30,SEC-005,40,68.98,2964.77,3.22,4.3,8,2964.77301155
2022-03-30,SEC-006,49,57.27,2598.85,2.42,4.19,7,2598.848324983333
2022-03-31,SEC-001,10,54.76,516.34,3.12,4.12,2,516.3365471
2022-03-31,SEC-002,35,45.3,1466.5,2.85,4.2,4,1466.5008914166667
2022-03-31,SEC-003,40,34.5,1374.68,2.93,4.24,4,1374.67260255
2022-03-31,SEC-004,23,42.72,907.47,2.82,4.26,4,907.4656597833332
2022-03-31,SEC-005,30,69.64,2034.75,2.54,4.13,5,2034.7560130833333
2022-03-31,SEC-006,24,51.61,1504.14,2.84,4.36,3,1504.14385035
2022-04-01,SEC-001,21,68.78,1293.04,2.52,4.08,3,1293.0418778666667
2022-04-01,SEC-002,41,48.52,2003.6,2.37,4.25,5,2003.60869255
2022-04-01,SEC-003,21,31.3,612.73,2.75,4.33,2,612.7353707666666
2022-04-01,SEC-004,16,42.04,579.53,2.24,4.18,1,579.5297739333333
2022-04-01,SEC-005,16,43.4,784.59,3.54,4.3,1,784.5908317833333
2022-04-01,SEC-006,33,51.01,1608.97,2.58,4.23,4,1608.9617974
2022-04-04,SEC-001,21,67.66,1388.73,2.2,4.08,4,1388.7220062
2022-04-04,SEC-002,47,38.26,1818.24,2.85,4.28,5,1818.2434695
2022-04-04,SEC-003,27,29.42,823.64,3.4,4.1,2,823.6399610833333
2022-04-04,SEC-004,45,35.5,1550.87,2.6,4.14,5,1550.8699006166669
2022-04-04,SEC-005,31,61.32,2116.32,3.37,4.1,7,2116.3216063833333
2022-04-04,SEC-006,84,58.57,4934.69,2.22,4.21,11,4934.686410366667
2022-04-05,SEC-001,25,68.82,1633.94,2.23,4.02,4,1633.9357864333333
2022-04-05,SEC-002,33,44.58,1365.45,2.94,4.12,4,1365.44929785
2022-04-05,SEC-003,32,32.44,947.09,2.65,4.2,3,947.0943397333332
2022-04-05,SEC-004,41,48.48,2040.16,2.37,4.18,6,2040.1459736333331
2022-04-05,SEC-005,13,45.83,543.28,2.42,4.04,2,543.2797550666667
2022-04-05,SEC-006,38,53.43,2081.23,2.26,4.15,5,2081.2315063666665
2022-04-06,SEC-001,19,58.3,1136.38,1.4,4.16,4,1136.3750022333334
2022-04-06,SEC-002,24,34.59,994.03,3.02,4.14,2,994.0399525666668
2022-04-06,SEC-003,42,35.74,1449.8,2.73,4.23,4,1449.80871695
2022-04-06,SEC-004,31,47.03,1649.0,2.1,4.31,3,1648.99976955
2022-04-06,SEC-005,27,62.39,1717.1,2.58,4.25,5,1717.0941318666669
2022-04-06,SEC-006,38,54.53,2090.35,1.96,4.27,5,2090.35710375
2022-04-07,SEC-001,16,70.65,843.14,1.9,4.06,3,843.1366791166666
2022-04-07,SEC-002,31,40.14,1496.54,2.54,4.1,4,1496.5426400666668
2022-04-07,SEC-003,29,30.13,791.93,3.42,4.17,2,791.93032655
2022-04-07,SEC-004,42,47.32,1769.98,2.32,4.1,6,1769.97708915
2022-04-07,SEC-005,55,74.68,4081.11,2.91,4.15,10,4081.1161755
2022-04-07,SEC-006,53,56.21,3332.33,2.62,4.23,8,3332.3207236
2022-04-08,SEC-001,14,60.56,785.93,2.5,4.29,3,785.9225277
2022-04-08,SEC-002,29,40.2,1209.73,2.41,4.42,3,1209.73478255
2022-04-08,SEC-003,37,31.15,1012.03,2.91,4.22,3,1012.0359609666668
2022-04-08,SEC-004,27,37.84,858.86,2.86,4.08,2,858.8567700666666
2022-04-08,SEC-005,53,72.77,4370.65,2.93,4.07,12,4370.63981015
2022-04-08,SEC-006,42,52.28,2200.57,2.37,4.2,6,2200.5701349666665
2022-04-18,SEC-001,20,69.01,1411.14,1.93,4.14,4,1411.141644066667
2022-04-18,SEC-002,41,37.26,1386.65,2.63,4.2,4,1386.6596328166663
2022-04-18,SEC-003,47,30.63,1341.99,2.64,4.2,4,1341.9874585
2022-04-18,SEC-004,28,43.28,1206.1,2.38,4.07,3,1206.09468655
2022-04-18,SEC-005,35,59.66,2113.07,2.57,4.1,7,2113.073004483333
2022-04-18,SEC-006,86,59.93,4869.06,2.24,4.14,12,4869.06692445
2022-04-19,SEC-001,21,62.76,1177.6,2.25,4.3,3,1177.6045606166667
2022-04-19,SEC-002,28,43.85,1112.27,2.69,4.39,3,1112.2755046333332
2022-04-19,SEC-003,27,30.01,802.06,2.4,4.34,2,802.0506493666667
2022-04-19,SEC-004,15,35.18,526.01,1.8,4.06,1,526.0131910166667
2022-04-19,SEC-005,42,68.97,3050.19,2.47,4.09,8,3050.1901312166665
2022-04-19,SEC-006,53,57.6,2855.13,2.94,4.3,6,2855.1363514166665
2022-04-20,SEC-001,11,60.26,628.27,2.06,4.19,3,628.27553775
2022-04-20,SEC-002,32,37.84,1282.39,2.3,4.13,4,1282.3816278833333
2022-04-20,SEC-003,27,32.47,835.48,3.0,4.24,1,835.4842745999999
2022-04-20,SEC-004,24,43.92,1030.02,1.77,4.14,4,1030.00792855
2022-04-20,SEC-005,50,76.3,4169.64,2.14,4.28,10,4169.645624283334
2022-04-20,SEC-006,21,52.45,1148.99,2.3,4.42,2,1148.9953668333333
2022-04-21,SEC-001,28,66.36,1821.73,1.91,4.24,5,1821.726274183333
2022-04-21,SEC-002,38,50.14,1889.68,2.51,4.12,5,1889.6782932833328
2022-04-21,SEC-003,10,28.67,239.41,2.89,4.06,2,239.41618306666663
2022-04-21,SEC-004,18,48.76,741.33,2.11,4.29,2,741.3287637333333
2022-04-21,SEC-005,27,68.81,1924.37,2.92,4.07,6,1924.36429535
2022-04-21,SEC-006,33,54.54,1867.25,2.36,4.18,4,1867.2660877333333
2022-04-22,SEC-001,33,78.72,2202.56,2.24,4.08,6,2202.5536258166667
2022-04-22,SEC-002,17,32.2,536.56,3.12,4.27,2,536.5575755166667
2022-04-22,SEC-003,25,27.81,632.81,2.52,4.28,2,632.81168285
2022-04-22,SEC-004,21,42.08,829.04,2.42,4.08,2,829.0442390333333
2022-04-22,SEC-005,17,51.99,1062.92,2.53,4.33,4,1062.91663465
2022-04-22,SEC-006,72,53.5,4193.11,1.6,4.2,10,4193.11275835
2022-04-25,SEC-001,25,69.56,1562.4,2.3,4.08,5,1562.403448883333
2022-04-25,SEC-002,32,36.62,1213.16,2.09,4.17,4,1213.1598775666666
2022-04-25,SEC-003,83,37.7,3171.8,2.86,4.1,9,3171.803631183333
2022-04-25,SEC-004,37,46.63,1534.46,2.95,4.13,3,1534.4608163166668
2022-04-25,SEC-005,34,55.52,1809.41,2.89,4.16,4,1809.4149824666667
2022-04-25,SEC-006,59,52.54,3022.02,2.23,4.23,9,3022.0274387833333
2022-04-26,SEC-001,8,68.0,463.29,2.42,4.0,2,463.2969133666667
2022-04-26,SEC-002,38,44.59,1534.9,2.43,4.25,4,1534.9046711
2022-04-26,SEC-003,48,34.7,1755.8,2.76,4.33,6,1755.7952043
2022-04-26,SEC-004,40,47.47,1642.18,2.15,4.24,4,1642.17067875
2022-04-26,SEC-005,17,57.37,1056.57,3.31,4.47,3,1056.5750453833334
2022-04-26,SEC-006,28,52.22,1651.72,2.28,4.18,3,1651.71053305
2022-04-27,SEC-001,10,62.31,567.65,1.45,4.16,3,567.6546637833334
2022-04-27,SEC-002,55,47.93,2719.83,3.26,4.14,6,2719.8365191166668
2022-04-27,SEC-003,26,31.73,926.17,2.51,4.37,3,926.1760121166668
2022-04-27,SEC-004,8,40.74,310.52,1.95,4.11,1,310.5262538833333
2022-04-27,SEC-005,40,60.52,2315.1,2.71,4.18,6,2315.1060098666667
2022-04-27,SEC-006,27,51.1,1533.56,2.16,4.18,4,1533.559391816667
2022-04-28,SEC-001,16,66.26,1000.94,2.0,4.16,3,1000.9390917166668
2022-04-28,SEC-002,34,43.67,1388.48,3.12,4.18,4,1388.4738857833331
2022-04-28,SEC-003,28,31.92,778.93,3.46,4.14,2,778.9345461
2022-04-28,SEC-004,20,40.58,753.67,1.55,4.16,2,753.6667980333333
2022-04-28,SEC-005,40,65.2,2800.43,2.9,4.21,7,2800.4237615166667
2022-04-28,SEC-006,70,55.83,3729.83,2.38,4.27,9,3729.8250792
2022-04-29,SEC-001,22,66.28,1416.68,2.27,4.06,4,1416.6768723833334
2022-04-29,SEC-002,50,46.74,2275.39,2.7,4.17,6,2275.393123566667
2022-04-29,SEC-003,20,28.07,495.49,3.23,4.4,3,495.4836623
2022-04-29,SEC-004,32,44.36,1442.67,2.15,4.27,4,1442.6676903
2022-04-29,SEC-005,29,58.17,1856.54,2.9,4.08,4,1856.5383298833333
2022-04-29,SEC-006,42,56.23,2312.79,2.07,4.19,6,2312.794477316667
2022-05-02,SEC-001,42,65.06,2442.99,1.51,4.31,6,2442.989152233333
2022-05-02,SEC-002,56,41.58,2193.37,2.86,4.1,6,2193.3752909333334
2022-05-02,SEC-003,52,33.33,1807.65,3.18,4.41,5,1807.64120285
2022-05-02,SEC-004,39,44.17,1677.91,2.23,4.1,3,1677.9131195
2022-05-02,SEC-005,66,75.12,5184.84,2.66,4.19,14,5184.8292788
2022-05-02,SEC-006,47,51.37,2316.24,2.04,4.35,7,2316.2289929333333
2022-05-04,SEC-001,6,61.8,356.0,2.12,4.12,1,356.00286516666665
2022-05-04,SEC-002,36,40.48,1367.85,2.59,4.28,4,1367.8602136666666
2022-05-04,SEC-003,21,28.17,569.73,3.3,4.37,3,569.7273620999999
2022-05-04,SEC-004,21,42.66,810.47,2.36,4.42,2,810.4629402166667
2022-05-04,SEC-005,28,62.6,1720.1,2.73,4.21,6,1720.0971724666667
2022-05-04,SEC-006,64,61.58,4045.48,1.99,4.12,10,4045.4792522
2022-05-05,SEC-001,16,58.22,931.57,1.25,4.36,3,931.5702297333332
2022-05-05,SEC-002,22,38.19,701.57,1.16,4.15,2,701.5642879666667
2022-05-05,SEC-003,23,32.11,720.61,2.33,4.25,2,720.6058280833333
2022-05-05,SEC-004,23,41.15,951.63,2.79,4.17,2,951.64024525
2022-05-05,SEC-005,37,67.62,2474.94,2.76,4.24,6,2474.9397593666667
2022-05-05,SEC-006,57,59.11,3683.86,2.0,4.34,9,3683.8550912
2022-05-06,SEC-001,12,66.68,663.72,2.32,4.14,3,663.71776475
2022-05-06,SEC-002,25,38.41,876.83,3.29,4.17,3,876.8342844166666
2022-05-06,SEC-003,33,34.76,946.26,3.07,3.97,3,946.2589193666666
2022-05-06,SEC-004,17,41.59,681.26,2.25,4.25,2,681.2620463833333
2022-05-06,SEC-005,29,65.2,2176.68,2.58,4.05,6,2176.67868575
2022-05-06,SEC-006,38,57.83,2270.65,2.77,4.04,6,2270.6542673666668
2022-05-09,SEC-001,17,56.32,989.78,2.2,4.22,2,989.7816745
2022-05-09,SEC-002,46,47.92,1911.76,3.26,4.07,5,1911.7685495166663
2022-05-09,SEC-003,36,32.6,1052.13,2.87,4.13,3,1052.1196664833333
2022-05-09,SEC-004,22,38.02,767.95,2.27,4.15,2,767.9518604166667
2022-05-09,SEC-005,44,64.85,2721.59,2.47,4.02,7,2721.59280535
2022-05-09,SEC-006,31,48.9,1609.22,2.33,4.2,4,1609.2156597333333
2022-05-10,SEC-001,10,58.96,589.63,1.9,4.3,2,589.6263709
2022-05-10,SEC-002,35,44.24,1276.19,2.96,4.1,4,1276.1851218833333
2022-05-10,SEC-003,12,30.6,393.75,2.93,4.27,1,393.7548280666667
2022-05-10,SEC-004,18,43.85,863.38,2.36,4.44,4,863.3763223333333
2022-05-10,SEC-005,25,63.12,1607.61,2.53,3.99,5,1607.6125617833334
2022-05-10,SEC-006,69,59.76,4351.54,1.88,4.2,11,4351.5341832
2022-05-11,SEC-001,39,77.62,3015.97,2.01,4.16,7,3015.97126715
2022-05-11,SEC-002,32,40.24,1267.88,2.68,4.11,4,1267.8883628
2022-05-11,SEC-003,21,30.4,609.5,3.07,4.53,3,609.4957144666666
2022-05-11,SEC-004,13,34.49,405.83,2.07,4.52,1,405.8282648666667
2022-05-11,SEC-005,19,60.74,1007.3,2.29,4.44,3,1007.2958799166666
2022-05-11,SEC-006,28,52.23,1374.05,2.07,4.39,4,1374.0505440666666
2022-05-12,SEC-001,17,72.66,1120.64,1.84,4.04,3,1120.6410611833332
2022-05-12,SEC-002,18,34.03,674.82,3.04,4.21,3,674.8263234166667
2022-05-12,SEC-003,41,34.95,1339.98,2.56,4.15,4,1339.9776769166667
2022-05-12,SEC-004,13,36.66,427.39,2.26,4.31,2,427.3881514
2022-05-12,SEC-005,31,66.57,2072.5,2.87,4.3,4,2072.499409933333
2022-05-12,SEC-006,50,57.03,2994.62,2.34,4.17,8,2994.6137514333336
2022-05-13,SEC-001,8,52.94,441.46,2.42,4.08,1,441.46220395
2022-05-13,SEC-002,43,46.99,1924.38,3.07,4.2,6,1924.3905070166663
2022-05-13,SEC-003,55,33.25,1719.16,2.37,4.15,5,1719.15362145
2022-05-13,SEC-004,29,44.84,1169.92,3.06,4.15,2,1169.9197335666668
2022-05-13,SEC-005,30,65.89,2068.77,2.33,4.11,5,2068.760132233333
2022-05-13,SEC-006,56,52.78,3246.77,2.35,4.13,8,3246.7579108666664
2022-05-17,SEC-001,37,69.7,2494.81,1.89,4.4,6,2494.8192929166667
2022-05-17,SEC-002,29,39.17,1198.42,2.48,4.3,3,1198.42562805
2022-05-17,SEC-003,11,24.86,320.47,3.33,4.56,1,320.46697171666665
2022-05-17,SEC-004,31,48.0,1588.07,2.43,4.18,3,1588.0670339166666
2022-05-17,SEC-005,38,73.03,2881.47,2.64,4.15,7,2881.471282883333
2022-05-17,SEC-006,42,51.65,2214.77,2.22,4.12,6,2214.768239666667
2022-05-18,SEC-001,30,66.28,1864.33,2.18,4.15,6,1864.3317180833333
2022-05-18,SEC-002,23,38.1,838.08,2.45,4.27,2,838.08118345
2022-05-18,SEC-003,42,34.07,1263.99,2.82,4.31,4,1263.9851677666666
2022-05-18,SEC-004,16,46.16,550.63,2.03,4.23,2,550.6244711666667
2022-05-18,SEC-005,21,58.73,1106.23,1.29,4.13,3,1106.2277906833333
2022-05-18,SEC-006,73,61.0,4276.59,2.21,4.24,10,4276.586974766667
2022-05-19,SEC-001,21,53.83,1042.5,2.16,4.14,3,1042.4946665
2022-05-19,SEC-002,31,39.63,1105.34,2.77,4.17,3,1105.3356587
2022-05-19,SEC-003,32,30.49,833.94,3.79,4.17,1,833.9435164166666
2022-05-19,SEC-004,31,48.0,1924.89,2.25,4.26,6,1924.892024816667
2022-05-19,SEC-005,27,56.55,1539.63,2.02,4.26,4,1539.6188345166668
2022-05-19,SEC-006,35,50.66,1888.65,2.38,4.01,4,1888.6484431666668
2022-05-20,SEC-001,5,61.65,322.43,2.5,4.42,1,322.4270986833333
2022-05-20,SEC-002,54,45.08,2563.09,2.32,4.24,6,2563.0833552833333
2022-05-20,SEC-003,58,36.44,1824.62,3.29,4.13,4,1824.6156577166664
2022-05-20,SEC-004,13,38.66,448.5,2.02,4.02,1,448.4999318
2022-05-20,SEC-005,23,69.19,1556.06,2.27,3.92,3,1556.0666524166666
2022-05-20,SEC-006,27,53.44,1644.53,2.32,4.18,5,1644.5376408
2022-05-23,SEC-001,42,70.42,2677.15,2.1,4.12,8,2677.146768283333
2022-05-23,SEC-002,107,52.43,4797.12,2.56,4.16,12,4797.118395716667
2022-05-23,SEC-003,28,33.61,789.4,3.19,4.2,2,789.4067121
2022-05-23,SEC-004,11,32.0,356.38,2.94,4.39,1,356.3769256666667
2022-05-23,SEC-005,49,64.98,3193.13,2.79,4.08,8,3193.1346135333333
2022-05-23,SEC-006,44,48.36,1997.42,2.49,4.08,5,1997.4199973666664
2022-05-24,SEC-001,6,60.44,362.68,3.0,4.0,1,362.67470605
2022-05-24,SEC-002,17,36.41,574.51,2.68,4.05,3,574.5119968
2022-05-24,SEC-003,34,34.66,1059.9,2.89,4.19,3,1059.9062578333333
2022-05-24,SEC-004,29,47.97,1407.41,1.95,4.15,4,1407.4089606166667
2022-05-24,SEC-005,37,75.2,3045.3,2.07,3.96,8,3045.298204583333
2022-05-24,SEC-006,22,54.98,1144.81,2.32,4.3,3,1144.8100951833333
2022-05-25,SEC-001,14,67.82,853.41,2.45,4.22,3,853.4076050666666
2022-05-25,SEC-002,22,44.93,864.27,1.86,4.23,4,864.2639340666667
2022-05-25,SEC-003,33,33.12,925.18,2.45,4.07,4,925.1807836666668
2022-05-25,SEC-004,11,46.66,541.35,3.67,4.11,3,541.356455
2022-05-25,SEC-005,26,54.77,1385.95,3.14,4.24,3,1385.94905085
2022-05-25,SEC-006,43,59.68,2942.84,2.13,4.1,8,2942.8402993166665
2022-05-26,SEC-001,8,83.16,528.67,1.92,4.0,2,528.6751710166667
2022-05-26,SEC-002,43,48.32,1782.73,2.13,4.26,6,1782.734453066667
2022-05-26,SEC-003,11,28.09,295.89,2.72,4.11,1,295.8882814666667
2022-05-26,SEC-004,23,44.29,957.15,2.27,4.12,2,957.1490009166666
2022-05-26,SEC-005,28,66.82,2026.01,2.52,4.23,5,2026.00305815
2022-05-26,SEC-006,56,59.39,3442.76,2.36,4.12,9,3442.76968675
2022-05-27,SEC-001,20,67.52,1231.03,1.88,4.1,3,1231.03275345
2022-05-27,SEC-002,19,38.46,674.99,2.18,4.08,2,674.9934643833333
2022-05-27,SEC-003,46,33.4,1419.74,3.13,4.09,4,1419.7431089833333
2022-05-27,SEC-004,23,35.95,793.5,2.3,4.18,1,793.5065369
2022-05-27,SEC-005,49,64.21,2733.14,2.62,4.13,7,2733.148792716667
2022-05-27,SEC-006,19,46.84,876.41,2.0,4.34,4,876.4007168666667
2022-05-30,SEC-001,18,61.74,1093.67,2.5,4.19,3,1093.6762551833333
2022-05-30,SEC-002,49,41.58,1838.38,2.42,4.32,5,1838.3746923833328
2022-05-30,SEC-003,47,33.94,1388.04,2.63,4.11,4,1388.0341009166666
2022-05-30,SEC-004,32,41.91,1338.02,1.74,4.12,4,1338.01893415
2022-05-30,SEC-005,44,71.4,2641.02,2.9,4.31,8,2641.0130873333333
2022-05-30,SEC-006,26,44.17,1009.47,2.18,4.31,3,1009.4697624333334
2022-05-31,SEC-001,7,69.33,420.54,2.0,4.08,2,420.54732175
2022-05-31,SEC-002,36,40.44,1546.87,2.76,4.12,4,1546.8710755
2022-05-31,SEC-003,38,29.27,1139.37,3.48,4.07,4,1139.3669313833334
2022-05-31,SEC-004,34,39.09,1195.31,2.59,4.15,3,1195.3107550166667
2022-05-31,SEC-005,72,80.97,6130.16,2.43,4.19,15,6130.165150916667
2022-05-31,SEC-006,60,58.3,3487.28,2.37,4.19,9,3487.2658622
2022-06-01,SEC-001,10,55.87,507.68,1.88,4.12,2,507.6763269666666
2022-06-01,SEC-002,32,43.51,1213.61,3.01,4.28,3,1213.6085675333334
2022-06-01,SEC-003,36,38.99,1028.57,2.29,4.5,4,1028.5649633166663
2022-06-01,SEC-004,31,43.46,1200.08,2.25,4.07,4,1200.0770261333332
2022-06-01,SEC-005,30,67.41,1704.29,2.83,4.37,5,1704.29061075
2022-06-01,SEC-006,36,55.85,2114.35,2.45,4.08,7,2114.3535387
2022-06-02,SEC-001,34,83.24,2597.2,1.87,3.98,6,2597.19418195
2022-06-02,SEC-002,33,44.28,1197.56,2.66,4.19,3,1197.5546057333331
2022-06-02,SEC-003,24,25.36,579.95,3.0,4.19,1,579.9386681666666
2022-06-02,SEC-004,31,43.16,1157.52,2.09,4.16,3,1157.5122313833333
2022-06-02,SEC-005,33,60.21,2288.44,2.62,4.14,7,2288.43648955
2022-06-02,SEC-006,29,50.65,1779.04,3.1,4.24,5,1779.03632835
2022-06-03,SEC-001,4,52.78,211.13,1.75,4.0,2,211.13453666666663
2022-06-03,SEC-002,40,46.1,1773.63,2.6,4.06,5,1773.6291726
2022-06-03,SEC-003,19,31.65,590.72,3.05,4.06,3,590.7172251833333
2022-06-03,SEC-004,23,39.62,858.22,2.13,4.34,3,858.21821975
2022-06-03,SEC-005,28,60.77,1829.13,3.02,4.16,6,1829.1309814833332
2022-06-03,SEC-006,37,53.18,2041.64,2.23,4.16,5,2041.6354134666667
2022-06-06,SEC-001,22,59.64,1301.03,2.62,4.19,4,1301.0276869166669
2022-06-06,SEC-002,86,43.63,3395.28,2.8,4.3,9,3395.281374883333
2022-06-06,SEC-003,62,32.35,1881.16,3.06,4.19,5,1881.1598897833333
2022-06-06,SEC-004,30,40.68,1057.34,2.46,4.2,3,1057.3383701
2022-06-06,SEC-005,42,64.01,2676.66,2.68,4.1,7,2676.6583314833333
2022-06-06,SEC-006,75,55.1,3969.12,2.24,4.18,10,3969.11029615
2022-06-07,SEC-001,13,55.36,711.01,2.54,4.08,1,711.0078632
2022-06-07,SEC-002,26,46.4,1047.65,2.42,4.18,3,1047.6529520833333
2022-06-07,SEC-003,21,32.97,683.67,2.67,4.25,2,683.67611375
2022-06-07,SEC-004,15,40.35,566.21,1.56,4.22,2,566.21679665
2022-06-07,SEC-005,30,64.64,1906.88,2.35,4.21,5,1906.8773438666667
2022-06-07,SEC-006,34,56.09,2249.0,2.52,4.24,5,2248.9993273166665
2022-06-08,SEC-001,13,64.83,757.42,1.96,4.09,2,757.42359165
2022-06-08,SEC-002,27,40.18,970.64,2.32,4.18,3,970.6321010666668
2022-06-08,SEC-003,18,30.94,476.14,2.31,4.2,2,476.1445923
2022-06-08,SEC-004,28,48.92,1097.06,2.04,4.22,3,1097.0616859666666
2022-06-08,SEC-005,55,81.21,4598.43,2.91,4.04,12,4598.423351716667
2022-06-08,SEC-006,17,53.95,1009.96,2.62,4.3,3,1009.9544108666666
2022-06-09,SEC-001,20,60.41,1190.78,3.13,4.07,3,1190.7815603
2022-06-09,SEC-002,40,40.39,1446.07,2.43,4.06,4,1446.0706526833333
2022-06-09,SEC-003,13,29.8,428.36,4.93,4.1,3,428.3589242666667
2022-06-09,SEC-004,24,36.06,783.29,2.13,4.08,2,783.2914286833334
2022-06-09,SEC-005,32,63.35,2008.93,2.32,4.15,6,2008.9327651166668
2022-06-09,SEC-006,44,58.2,2607.3,3.25,4.2,7,2607.2998931666666
2022-06-10,SEC-001,19,72.38,1066.03,1.44,4.16,2,1066.0334187333333
2022-06-10,SEC-002,37,48.7,1408.68,3.03,4.06,3,1408.6722805666666
2022-06-10,SEC-003,61,36.74,1996.25,3.15,4.1,5,1996.2483492166664
2022-06-10,SEC-004,26,40.9,911.68,2.09,4.31,3,911.6879113166668
2022-06-10,SEC-005,56,69.0,3993.5,2.63,4.17,11,3993.500206633333
2022-06-10,SEC-006,56,54.18,2916.87,1.91,4.19,7,2916.864174266667
2022-06-13,SEC-001,17,49.02,816.6,1.98,4.23,1,816.6078625333333
2022-06-13,SEC-002,41,37.01,1504.16,2.78,4.06,3,1504.15041495
2022-06-13,SEC-003,54,34.33,1581.0,2.5,4.13,5,1580.991177633333
2022-06-13,SEC-004,34,34.67,1183.43,1.86,4.33,4,1183.4246439166666
2022-06-13,SEC-005,47,64.24,3537.54,2.49,4.16,9,3537.540007766667
2022-06-13,SEC-006,48,52.48,2573.02,2.32,4.22,6,2573.0182015666664
2022-06-15,SEC-001,22,58.3,1223.64,2.16,4.24,3,1223.6438245833333
2022-06-15,SEC-002,34,35.09,1043.93,2.98,4.1,4,1043.9278599166666
2022-06-15,SEC-003,68,35.05,2016.12,2.48,4.3,4,2016.1221978333333
2022-06-15,SEC-004,37,42.9,1398.16,2.49,4.14,4,1398.1551706
2022-06-15,SEC-005,41,63.45,2639.36,3.04,4.08,7,2639.3654958166667
2022-06-15,SEC-006,69,56.26,4028.75,2.22,4.14,10,4028.7522305
2022-06-16,SEC-001,17,64.66,986.94,2.22,4.15,3,986.9391076166668
2022-06-16,SEC-002,29,39.52,1152.52,2.83,4.23,3,1152.5256124333334
2022-06-16,SEC-003,17,29.23,478.06,3.1,4.35,1,478.0577861
2022-06-16,SEC-004,21,45.8,890.3,2.75,4.28,4,890.2972815166667
2022-06-16,SEC-005,46,75.08,3212.89,2.64,4.1,9,3212.887912883333
2022-06-16,SEC-006,32,59.35,1784.9,2.58,4.05,4,1784.8904073
2022-06-17,SEC-001,12,63.1,700.07,2.25,4.06,2,700.0717089333333
2022-06-17,SEC-002,25,36.71,955.75,3.61,4.14,3,955.7473874666666
2022-06-17,SEC-003,47,32.22,1315.52,3.14,4.26,5,1315.5230237833334
2022-06-17,SEC-004,21,39.42,856.92,1.91,4.18,3,856.9239349166667
2022-06-17,SEC-005,43,67.75,2713.35,2.97,4.21,7,2713.345665566667
2022-06-17,SEC-006,31,53.14,1548.87,1.79,4.15,5,1548.86888775
2022-06-20,SEC-001,42,71.24,2883.12,1.71,4.23,8,2883.126516916667
2022-06-20,SEC-002,62,47.5,2600.01,2.4,4.16,7,2600.013651333333
2022-06-20,SEC-003,27,28.04,693.57,2.53,3.98,2,693.5757942
2022-06-20,SEC-004,31,43.22,1102.48,1.6,4.4,3,1102.48861825
2022-06-20,SEC-005,45,64.15,3165.69,2.24,4.21,8,3165.697488983333
2022-06-20,SEC-006,42,46.26,2304.13,1.76,4.11,6,2304.1330619166665
2022-06-21,SEC-001,20,69.56,1215.36,2.06,4.2,3,1215.3600985666667
2022-06-21,SEC-002,30,47.9,1134.55,2.37,4.17,4,1134.5467243666667
2022-06-21,SEC-003,24,30.84,828.49,3.71,4.28,2,828.4889881833333
2022-06-21,SEC-004,27,32.28,871.97,2.35,4.22,3,871.9701614666667
2022-06-21,SEC-005,38,71.38,2499.29,2.88,4.16,6,2499.2874782833333
2022-06-21,SEC-006,32,59.92,1717.02,1.99,4.15,5,1717.025588083333
2022-06-22,SEC-001,3,47.07,153.59,2.25,4.25,2,153.59348958333334
2022-06-22,SEC-002,47,43.23,1809.86,2.08,4.26,4,1809.8563690666667
2022-06-22,SEC-003,22,31.68,768.26,2.09,4.07,2,768.2566627333333
2022-06-22,SEC-004,24,41.07,1029.76,2.04,4.05,3,1029.7603427166666
2022-06-22,SEC-005,40,68.01,2802.67,2.78,4.28,7,2802.6713624333333
2022-06-22,SEC-006,55,57.55,3270.06,2.22,4.11,8,3270.05884395
2022-06-23,SEC-001,18,61.74,1171.5,2.0,4.34,3,1171.49089565
2022-06-23,SEC-002,29,42.26,1204.97,2.56,4.13,2,1204.9590678
2022-06-23,SEC-003,44,40.22,1842.45,2.64,4.21,5,1842.45415135
2022-06-23,SEC-004,29,41.27,1333.51,1.99,4.12,4,1333.5122757333334
2022-06-23,SEC-005,48,64.9,3127.52,2.75,4.12,8,3127.51857015
2022-06-23,SEC-006,52,56.28,2821.28,2.12,4.21,7,2821.2761897666664
2022-06-24,SEC-001,19,55.94,1076.09,2.9,4.25,3,1076.0892620333334
2022-06-24,SEC-002,24,36.78,776.28,2.65,4.05,2,776.28622915
2022-06-24,SEC-003,40,34.68,1356.22,2.67,4.1,4,1356.2210112833334
2022-06-24,SEC-004,20,43.85,784.1,2.15,4.11,2,784.0956695166667
2022-06-24,SEC-005,35,77.12,2966.19,2.68,4.15,8,2966.190063416667
2022-06-24,SEC-006,36,51.29,1869.41,2.29,4.12,6,1869.4075166666669
2022-06-27,SEC-001,12,56.25,695.36,1.94,4.24,2,695.3521701
2022-06-27,SEC-002,74,42.14,3050.68,2.66,4.32,8,3050.6730014
2022-06-27,SEC-003,68,35.19,1950.83,3.16,4.16,4,1950.82970795
2022-06-27,SEC-004,31,48.04,1191.32,2.4,4.19,4,1191.3229795166667
2022-06-27,SEC-005,47,62.74,2900.0,2.67,4.14,8,2900.0018595
2022-06-27,SEC-006,67,57.82,3970.86,2.49,4.2,10,3970.859647533333
2022-06-28,SEC-001,9,55.64,518.54,1.75,4.33,1,518.5425728666667
2022-06-28,SEC-002,22,41.52,785.49,2.38,4.06,2,785.4909664333334
2022-06-28,SEC-003,37,33.54,1068.13,2.74,4.13,3,1068.1265378333333
2022-06-28,SEC-004,24,45.3,983.61,2.32,4.2,3,983.6092995166666
2022-06-28,SEC-005,53,68.62,3517.39,2.74,4.21,9,3517.3943096
2022-06-28,SEC-006,29,50.87,1453.81,2.69,4.3,4,1453.8108308166666
2022-06-29,SEC-001,8,65.91,551.9,1.84,4.44,1,551.9051778833333
2022-06-29,SEC-002,15,40.75,497.55,2.76,4.18,3,497.55183891666667
2022-06-29,SEC-003,18,31.77,525.42,2.67,4.11,3,525.4149234166666
2022-06-29,SEC-004,19,43.38,779.33,2.32,4.27,2,779.3253605
2022-06-29,SEC-005,33,64.08,1784.12,2.3,4.15,4,1784.124116166667
2022-06-29,SEC-006,47,63.15,2940.2,2.23,4.16,9,2940.203213266667
2022-06-30,SEC-001,10,71.21,677.24,1.71,4.08,1,677.2403425
2022-06-30,SEC-002,43,44.11,1944.46,2.85,4.2,5,1944.46055525
2022-06-30,SEC-003,34,32.73,998.88,2.36,4.02,2,998.87264855
2022-06-30,SEC-004,35,47.38,1612.28,2.11,4.09,5,1612.2817604833333
2022-06-30,SEC-005,21,62.18,1128.63,2.39,4.06,4,1128.6231637666667
2022-06-30,SEC-006,47,51.32,2515.83,2.24,4.08,7,2515.8409165
2022-07-01,SEC-001,16,79.06,1094.99,1.88,4.34,4,1094.9946328333333
2022-07-01,SEC-002,33,43.54,1362.68,2.55,4.18,5,1362.6813343166666
2022-07-01,SEC-003,35,31.86,991.32,2.69,4.25,3,991.3309129166666
2022-07-01,SEC-004,16,38.82,552.72,1.53,4.28,3,552.7181932166667
2022-07-01,SEC-005,42,66.87,2952.77,3.13,4.3,8,2952.7672599
2022-07-01,SEC-006,30,49.85,1641.12,2.6,3.96,4,1641.1195334333331
2022-07-04,SEC-001,22,60.44,1363.0,1.84,4.12,4,1362.9981963166667
2022-07-04,SEC-002,95,46.64,3848.09,2.59,4.25,10,3848.08622945
2022-07-04,SEC-003,57,31.77,1842.63,2.78,4.26,5,1842.6295527166667
2022-07-04,SEC-004,27,36.74,952.91,2.07,4.27,4,952.9086285666666
2022-07-04,SEC-005,64,68.11,4705.43,3.1,4.2,12,4705.432726866667
2022-07-04,SEC-006,80,53.16,4213.87,2.19,4.16,10,4213.871253366667
2022-07-05,SEC-001,17,53.94,917.43,1.62,4.08,2,917.4297199666668
2022-07-05,SEC-002,60,48.2,2675.83,2.66,4.29,7,2675.8258849333333
2022-07-05,SEC-003,43,34.21,1283.67,2.91,4.29,3,1283.6675049333332
2022-07-05,SEC-004,28,47.26,1123.17,2.48,4.23,3,1123.16913075
2022-07-05,SEC-005,12,47.12,527.47,3.19,4.38,1,527.4608237
2022-07-05,SEC-006,51,53.93,2828.29,2.04,4.23,7,2828.280535733333
2022-07-06,SEC-001,13,60.27,783.76,2.11,4.06,1,783.7591559166667
2022-07-06,SEC-002,27,45.08,1075.62,2.26,4.3,3,1075.63019655
2022-07-06,SEC-003,32,31.97,1019.1,2.6,4.23,3,1019.1003024666668
2022-07-06,SEC-004,28,43.66,1132.11,2.39,4.21,3,1132.1144749833334
2022-07-06,SEC-005,18,57.12,852.75,3.38,4.23,4,852.7485486666667
2022-07-06,SEC-006,35,51.01,1968.82,1.9,4.21,5,1968.8215052166668
2022-07-07,SEC-001,10,58.54,585.41,2.1,4.1,2,585.41335125
2022-07-07,SEC-002,36,40.43,1694.21,2.94,4.14,6,1694.2072525333333
2022-07-07,SEC-003,34,34.04,1102.76,3.21,4.13,4,1102.76278265
2022-07-07,SEC-004,16,40.74,702.02,2.68,4.15,2,702.0142809833334
2022-07-07,SEC-005,39,66.32,2572.02,2.39,4.29,7,2572.0204458333333
2022-07-07,SEC-006,42,57.14,2510.46,2.61,4.2,6,2510.467043816667
2022-07-08,SEC-001,6,58.0,374.07,1.62,4.5,1,374.06990358333337
2022-07-08,SEC-002,39,39.31,1500.85,2.64,4.18,4,1500.8485150666666
2022-07-08,SEC-003,39,30.9,1107.36,2.96,4.23,3,1107.355510783333
2022-07-08,SEC-004,30,48.36,1175.63,1.63,4.09,3,1175.6305290833334
2022-07-08,SEC-005,65,76.99,5283.26,2.44,4.34,13,5283.263977616667
2022-07-08,SEC-006,19,46.34,1024.49,2.74,4.12,2,1024.4947889
2022-07-11,SEC-001,28,62.28,1824.78,1.69,4.16,5,1824.7794020166664
2022-07-11,SEC-002,49,42.34,2337.11,2.91,4.22,7,2337.116565033333
2022-07-11,SEC-003,38,30.98,1219.05,3.07,4.23,3,1219.0484719833332
2022-07-11,SEC-004,28,34.21,970.19,2.22,4.14,2,970.1962858
2022-07-11,SEC-005,68,72.47,4876.78,2.93,4.21,12,4876.788683966666
2022-07-11,SEC-006,64,54.38,3569.78,2.23,4.19,10,3569.779173016667
2022-07-12,SEC-001,11,55.69,610.74,2.35,4.25,2,610.7400560166667
2022-07-12,SEC-002,36,41.09,1391.5,2.81,4.18,5,1391.4979602
2022-07-12,SEC-003,32,30.07,894.22,2.62,4.16,4,894.2271263
2022-07-12,SEC-004,26,42.82,964.18,2.11,4.14,3,964.1809415333332
2022-07-12,SEC-005,66,71.57,4811.72,2.39,4.14,13,4811.7195417
2022-07-12,SEC-006,31,54.04,1594.81,2.52,4.29,4,1594.8141149333333
2022-07-14,SEC-001,20,62.37,1247.33,2.45,4.1,2,1247.3249516666667
2022-07-14,SEC-002,62,43.25,2779.01,2.84,4.11,7,2779.00556265
2022-07-14,SEC-003,11,31.8,272.1,3.02,4.0,1,272.0944615166667
2022-07-14,SEC-004,38,44.57,1572.46,1.82,4.07,3,1572.4494862833333
2022-07-14,SEC-005,57,63.03,3894.29,2.57,3.99,10,3894.2907237
2022-07-14,SEC-006,65,54.26,4403.86,2.54,4.27,10,4403.85577325
2022-07-15,SEC-001,19,57.1,1064.04,1.76,4.19,2,1064.0432349333337
2022-07-15,SEC-002,29,38.2,947.25,2.92,4.27,3,947.2590254166666
2022-07-15,SEC-003,28,37.33,688.17,3.28,4.06,2,688.1719897
2022-07-15,SEC-004,34,43.12,1498.43,2.29,4.04,4,1498.4227279333334
2022-07-15,SEC-005,27,64.75,1859.24,2.45,4.17,6,1859.24468345
2022-07-15,SEC-006,27,51.26,1636.35,2.38,4.18,4,1636.336832533333
2022-07-18,SEC-001,14,59.58,814.56,1.56,4.29,1,814.5526775000001
2022-07-18,SEC-002,38,37.82,1355.45,2.4,4.34,4,1355.4500374
2022-07-18,SEC-003,54,31.69,1631.14,3.85,4.3,5,1631.1422056
2022-07-18,SEC-004,48,46.19,2277.77,2.14,4.16,6,2277.7710400166666
2022-07-18,SEC-005,67,59.61,4526.82,2.41,4.13,11,4526.822919983333
2022-07-18,SEC-006,45,50.47,2555.27,2.21,4.24,7,2555.2705865
2022-07-19,SEC-001,6,70.96,464.16,2.0,4.12,3,464.1572290833333
2022-07-19,SEC-002,23,37.49,824.58,2.42,4.14,3,824.5783907
2022-07-19,SEC-003,26,28.44,754.27,3.19,4.05,3,754.2742609
2022-07-19,SEC-004,10,42.25,475.86,3.17,4.1,2,475.85468463333336
2022-07-19,SEC-005,21,60.74,1403.91,2.54,4.21,4,1403.9033882166668
2022-07-19,SEC-006,71,60.48,4438.65,2.33,4.17,10,4438.6606207
2022-07-20,SEC-001,9,57.95,500.75,1.75,4.06,2,500.74561178333335
2022-07-20,SEC-002,27,36.36,907.84,2.67,4.32,3,907.842089
2022-07-20,SEC-003,19,28.84,514.12,3.24,4.16,2,514.1232423499999
2022-07-20,SEC-004,15,40.75,610.62,2.32,4.15,3,610.6198426166667
2022-07-20,SEC-005,58,64.31,3571.34,2.7,4.29,9,3571.341869183333
2022-07-20,SEC-006,47,58.3,2898.87,2.05,4.24,7,2898.86548975
2022-07-21,SEC-001,5,50.27,251.35,1.4,4.0,1,251.35358461666667
2022-07-21,SEC-002,38,37.84,1282.78,2.82,4.3,3,1282.7858288166667
2022-07-21,SEC-003,14,25.48,338.18,3.16,4.0,1,338.1772385833333
2022-07-21,SEC-004,29,42.92,1233.3,1.65,4.24,2,1233.3004493166666
2022-07-21,SEC-005,55,73.75,4429.46,2.52,4.22,12,4429.464095233333
2022-07-21,SEC-006,49,55.24,3079.06,2.21,4.09,7,3079.06194845
2022-07-22,SEC-001,20,67.38,1202.2,2.18,4.13,3,1202.2057765
2022-07-22,SEC-002,21,36.91,808.15,2.09,4.2,2,808.1433006333333
2022-07-22,SEC-003,39,37.48,1417.94,2.47,4.19,4,1417.9333989666666
2022-07-22,SEC-004,37,45.12,1615.0,1.96,4.19,4,1614.9931303833332
2022-07-22,SEC-005,19,52.2,842.52,1.7,4.29,2,842.5225721666667
2022-07-22,SEC-006,43,57.47,2257.99,2.79,4.28,6,2257.99831225
2022-07-25,SEC-001,37,66.85,2214.09,1.98,3.96,6,2214.08676255
2022-07-25,SEC-002,40,34.72,1325.97,2.86,4.24,3,1325.97143485
2022-07-25,SEC-003,74,32.26,2133.01,2.82,4.13,6,2133.0060034166668
2022-07-25,SEC-004,44,39.69,1496.62,2.21,4.35,4,1496.6191333333334
2022-07-25,SEC-005,78,64.22,4853.67,2.46,4.14,11,4853.67088275
2022-07-25,SEC-006,123,58.75,7441.6,2.26,4.19,19,7441.591200283333
2022-07-26,SEC-001,10,70.95,627.64,2.0,4.38,2,627.6339264833333
2022-07-26,SEC-002,37,40.3,1372.1,3.13,4.33,4,1372.1004786
2022-07-26,SEC-003,24,29.85,676.52,3.15,4.32,2,676.5257209166666
2022-07-26,SEC-004,17,43.11,740.67,2.09,4.17,3,740.6684352666666
2022-07-26,SEC-005,26,60.61,1675.34,2.36,4.13,3,1675.3463562833333
2022-07-26,SEC-006,50,58.64,3517.74,2.72,4.22,9,3517.7373398833333
2022-07-27,SEC-001,8,55.83,444.52,1.76,4.36,1,444.5219105
2022-07-27,SEC-002,39,44.46,1955.15,2.96,4.33,6,1955.14447975
2022-07-27,SEC-003,24,25.83,578.32,1.71,4.22,1,578.3218726333333
2022-07-27,SEC-004,50,50.38,2477.75,2.47,4.16,7,2477.7474687833333
2022-07-27,SEC-005,16,49.74,846.71,2.77,4.26,3,846.7158508166667
2022-07-27,SEC-006,34,49.64,1484.77,2.1,4.14,4,1484.7716569666668
2022-07-28,SEC-001,16,66.73,1078.97,2.4,4.06,2,1078.9663644166667
2022-07-28,SEC-002,41,48.78,1682.09,2.91,4.16,4,1682.099720316667
2022-07-28,SEC-003,7,25.54,173.37,3.89,3.94,1,173.36316891666667
2022-07-28,SEC-004,16,43.96,652.62,2.13,4.21,2,652.6202217333333
2022-07-28,SEC-005,31,68.66,2378.43,3.03,4.02,6,2378.433541233333
2022-07-28,SEC-006,32,54.84,1534.9,2.24,4.2,3,1534.8991557
2022-07-29,SEC-001,9,61.86,592.57,1.75,4.08,3,592.5660491166667
2022-07-29,SEC-002,43,49.28,1973.54,2.57,4.16,5,1973.5460485166664
2022-07-29,SEC-003,39,35.61,1238.21,3.05,4.22,2,1238.2142106166666
2022-07-29,SEC-004,19,38.45,693.69,1.85,4.22,3,693.6952415166667
2022-07-29,SEC-005,39,67.0,2705.99,2.99,4.23,7,2705.985776883333
2022-07-29,SEC-006,29,49.42,1399.84,2.18,4.15,4,1399.8439822833334
2022-08-01,SEC-001,29,65.46,1850.76,2.38,4.38,5,1850.7597050333331
2022-08-01,SEC-002,64,43.58,2590.98,2.66,4.25,7,2590.982049733333
2022-08-01,SEC-003,18,28.75,478.51,3.31,4.33,1,478.5199726833333
2022-08-01,SEC-004,29,41.58,1060.95,2.28,4.13,2,1060.9491719
2022-08-01,SEC-005,79,73.16,5972.85,2.77,4.24,14,5972.84023735
2022-08-01,SEC-006,32,54.16,1674.64,1.94,4.1,3,1674.64274275
2022-08-02,SEC-001,4,46.53,186.1,1.0,4.25,2,186.1043246333333
2022-08-02,SEC-002,22,42.57,837.75,2.31,4.06,2,837.74964725
2022-08-02,SEC-003,43,33.88,1370.6,3.08,4.25,3,1370.58890995
2022-08-02,SEC-004,29,46.65,1125.34,1.54,4.25,3,1125.3524169833331
2022-08-02,SEC-005,45,73.94,3780.85,2.36,4.18,11,3780.846615033333
2022-08-02,SEC-006,38,50.39,1781.86,2.85,4.02,5,1781.8699013166663
2022-08-03,SEC-001,14,64.6,883.38,2.71,4.39,3,883.3794958666667
2022-08-03,SEC-002,69,45.2,2861.36,3.23,4.18,7,2861.3584893833336
2022-08-03,SEC-003,12,31.99,362.19,3.35,4.44,1,362.1852605
2022-08-03,SEC-004,40,56.3,1577.59,2.86,4.44,5,1577.5860077666666
2022-08-03,SEC-005,36,60.32,1752.24,2.52,4.15,6,1752.23779075
2022-08-03,SEC-006,49,54.31,2175.87,2.99,4.15,6,2175.86755065
2022-08-04,SEC-001,17,61.36,1065.86,1.97,4.2,3,1065.8546439333334
2022-08-04,SEC-002,39,44.7,1515.79,3.19,4.24,4,1515.7902107333334
2022-08-04,SEC-003,48,38.15,1676.7,3.37,4.04,4,1676.69403105
2022-08-04,SEC-004,32,49.63,1586.91,2.05,4.08,4,1586.9133361
2022-08-04,SEC-005,30,57.66,1837.42,3.23,4.3,5,1837.4170686833331
2022-08-04,SEC-006,20,55.46,985.83,2.19,4.13,4,985.8316349
2022-08-05,SEC-001,22,61.3,1289.83,1.88,4.43,4,1289.8223509
2022-08-05,SEC-002,46,44.06,1879.89,2.4,4.14,5,1879.8953124
2022-08-05,SEC-003,51,35.66,1600.0,2.85,4.19,4,1600.0057128333333
2022-08-05,SEC-004,28,41.71,1092.9,2.31,4.21,3,1092.9009036333334
2022-08-05,SEC-005,42,63.12,2715.0,2.73,4.14,7,2714.991463116666
2022-08-05,SEC-006,32,47.13,1738.88,2.25,4.25,5,1738.87669085
2022-08-08,SEC-001,26,62.09,1583.33,2.32,4.3,4,1583.3315299333333
2022-08-08,SEC-002,44,35.52,1500.0,2.3,4.18,5,1499.9973942833333
2022-08-08,SEC-003,84,30.63,2274.37,3.28,4.14,6,2274.3814774166667
2022-08-08,SEC-004,102,47.14,4296.49,2.04,4.16,11,4296.487449366667
2022-08-08,SEC-005,164,71.69,8733.81,2.37,4.15,21,8733.808863416667
2022-08-08,SEC-006,63,50.93,3568.57,2.46,4.2,8,3568.563192466667
2022-08-09,SEC-001,19,61.11,1146.89,1.73,4.47,2,1146.8938005333332
2022-08-09,SEC-002,35,41.45,1251.27,2.38,4.14,3,1251.26853745
2022-08-09,SEC-003,17,31.0,509.35,2.64,4.12,2,509.3536332666667
2022-08-09,SEC-004,20,40.05,739.36,2.34,4.28,2,739.3487797666667
2022-08-09,SEC-005,53,74.85,4178.15,2.89,4.23,11,4178.146331883333
2022-08-09,SEC-006,27,48.82,1419.13,2.24,4.34,3,1419.1240003333332
2022-08-10,SEC-001,7,77.66,474.73,2.65,4.1,2,474.72802225
2022-08-10,SEC-002,38,44.2,1814.79,2.99,4.22,5,1814.78270035
2022-08-10,SEC-003,16,23.52,410.74,2.66,4.38,1,410.73490695
2022-08-10,SEC-004,41,49.87,1791.36,2.04,4.25,5,1791.3569723666667
2022-08-10,SEC-005,14,66.09,825.12,3.27,4.19,1,825.1236121
2022-08-10,SEC-006,40,52.09,2351.95,2.17,4.0,5,2351.9419338166667
2022-08-12,SEC-001,14,55.53,777.38,2.07,4.0,2,777.37869755
2022-08-12,SEC-002,45,32.62,1540.58,2.62,4.16,4,1540.5820891833334
2022-08-12,SEC-003,22,26.56,580.54,2.6,4.26,1,580.5399391333333
2022-08-12,SEC-004,59,47.32,2528.07,2.56,4.31,8,2528.0748456
2022-08-12,SEC-005,59,71.38,4006.97,2.72,4.16,11,4006.971644633333
2022-08-12,SEC-006,68,53.05,3619.61,2.23,4.12,9,3619.6182139166663
2022-08-15,SEC-001,16,55.94,925.39,1.72,4.15,2,925.3871831166666
2022-08-15,SEC-002,36,38.96,1467.11,2.8,4.37,4,1467.1092110666666
2022-08-15,SEC-003,23,28.31,654.58,2.48,4.1,2,654.5772134333333
2022-08-15,SEC-004,38,48.93,1718.51,2.03,4.23,5,1718.5043303333334
2022-08-15,SEC-005,55,71.01,3579.29,2.92,4.12,9,3579.285510583333
2022-08-15,SEC-006,52,59.3,2847.01,2.06,4.3,8,2847.0082765
2022-08-16,SEC-001,30,63.53,1756.69,2.42,4.12,6,1756.690076483333
2022-08-16,SEC-002,42,43.18,1802.64,2.89,4.13,6,1802.63447635
2022-08-16,SEC-003,32,23.4,748.73,2.56,4.22,2,748.7331739166667
2022-08-16,SEC-004,20,35.31,666.34,2.8,4.43,3,666.34650885
2022-08-16,SEC-005,36,65.11,2107.28,2.88,4.16,6,2107.27707245
2022-08-16,SEC-006,72,61.02,5354.89,2.39,4.12,13,5354.90040965
2022-08-17,SEC-001,21,62.37,1252.7,2.72,4.25,3,1252.7005207333334
2022-08-17,SEC-002,44,42.4,1671.25,2.47,4.22,5,1671.24823785
2022-08-17,SEC-003,45,34.34,1421.83,2.9,4.08,5,1421.8278881
2022-08-17,SEC-004,17,38.99,587.45,2.53,4.22,2,587.4481122166667
2022-08-17,SEC-005,46,61.07,2547.2,2.43,4.25,7,2547.2005113666664
2022-08-17,SEC-006,46,53.9,2615.51,2.52,4.01,6,2615.5143175
2022-08-18,SEC-001,24,70.3,1770.14,1.75,4.31,6,1770.1386903666669
2022-08-18,SEC-002,28,35.5,963.94,2.5,4.1,3,963.9389189
2022-08-18,SEC-003,17,24.83,447.25,3.2,4.18,2,447.25226548333336
2022-08-18,SEC-004,32,46.23,1351.13,1.95,4.49,3,1351.1252727666667
2022-08-18,SEC-005,22,55.38,1098.6,2.63,4.23,4,1098.5986870166666
2022-08-18,SEC-006,28,56.77,1584.81,2.49,4.16,4,1584.8027295833333
2022-08-19,SEC-001,11,67.26,708.47,1.25,4.2,2,708.4718273
2022-08-19,SEC-002,35,46.72,1373.41,2.62,4.31,3,1373.3959879833333
2022-08-19,SEC-003,29,29.98,730.44,2.9,4.11,2,730.4291383999999
2022-08-19,SEC-004,40,38.58,1580.95,2.6,4.36,5,1580.9518978333333
2022-08-19,SEC-005,52,82.31,3820.61,2.19,4.1,9,3820.609122
2022-08-19,SEC-006,30,49.46,1263.77,2.52,4.18,5,1263.77014945
2022-08-22,SEC-001,12,55.33,663.93,2.34,4.16,1,663.9303445333334
2022-08-22,SEC-002,62,41.11,2267.6,2.81,4.11,5,2267.6010269333333
2022-08-22,SEC-003,53,33.32,1792.57,2.48,4.27,6,1792.57937215
2022-08-22,SEC-004,33,44.42,1380.43,2.34,4.26,4,1380.4276819
2022-08-22,SEC-005,74,72.38,5869.81,2.89,4.11,14,5869.8158642
2022-08-22,SEC-006,61,53.41,3379.98,2.13,4.33,9,3379.9973549333336
2022-08-23,SEC-001,17,69.36,1106.74,2.0,4.22,3,1106.7395793833334
2022-08-23,SEC-002,41,38.96,1453.0,2.74,4.19,4,1452.9958463833334
2022-08-23,SEC-003,26,29.05,728.95,2.46,4.37,2,728.9598419333333
2022-08-23,SEC-004,22,39.06,826.48,2.48,4.19,2,826.47921185
2022-08-23,SEC-005,34,63.59,2076.22,2.43,4.08,5,2076.2133325333334
2022-08-23,SEC-006,66,62.74,4951.69,2.28,4.15,11,4951.684288233333
2022-08-24,SEC-001,13,56.24,717.39,1.2,4.04,2,717.3952721833333
2022-08-24,SEC-002,37,45.81,1766.23,3.13,4.31,5,1766.2270963333333
2022-08-24,SEC-003,26,29.15,653.95,3.42,4.32,2,653.94746575
2022-08-24,SEC-004,25,37.8,983.17,1.7,4.17,3,983.16459905
2022-08-24,SEC-005,39,62.75,2402.53,2.33,4.11,5,2402.5217963166665
2022-08-24,SEC-006,40,57.2,2717.33,2.57,4.15,6,2717.3223555
2022-08-25,SEC-001,25,62.32,1521.43,2.72,4.18,5,1521.4245715333334
2022-08-25,SEC-002,35,41.46,1369.76,2.38,4.34,5,1369.7522784166667
2022-08-25,SEC-003,32,31.28,942.39,3.44,4.35,3,942.3813072666668
2022-08-25,SEC-004,13,42.04,523.33,1.9,4.05,2,523.3302498833334
2022-08-25,SEC-005,50,80.45,3441.66,2.86,4.19,8,3441.656104516667
2022-08-25,SEC-006,19,53.59,1136.7,2.0,4.4,2,1136.690920966667
2022-08-26,SEC-001,6,49.62,283.19,1.8,4.2,1,283.1942135833333
2022-08-26,SEC-002,30,49.49,1450.91,2.12,4.17,3,1450.9112859
2022-08-26,SEC-003,20,32.17,625.7,2.96,4.13,2,625.7006451166667
2022-08-26,SEC-004,23,40.93,863.62,2.28,4.47,3,863.6163149
2022-08-26,SEC-005,18,72.17,1178.0,2.89,4.25,3,1178.01067435
2022-08-26,SEC-006,32,56.32,2348.39,2.88,4.06,5,2348.3953561666667
2022-08-29,SEC-001,37,63.42,2233.38,2.28,4.22,6,2233.37649605
2022-08-29,SEC-002,50,40.82,1935.79,2.78,4.27,4,1935.7846633333331
2022-08-29,SEC-003,36,30.31,1094.27,2.65,4.15,2,1094.2625607666666
2022-08-29,SEC-004,25,35.98,852.12,1.92,4.15,2,852.1133935833334
2022-08-29,SEC-005,64,60.54,4262.52,2.45,4.13,11,4262.51687055
2022-08-29,SEC-006,86,56.72,4953.06,2.09,4.14,12,4953.05682185
2022-08-30,SEC-001,11,58.0,589.96,1.25,4.42,2,589.9663105166667
2022-08-30,SEC-002,44,50.82,1813.03,2.81,4.16,5,1813.0212718833332
2022-08-30,SEC-003,15,26.19,359.25,3.7,4.05,1,359.2499039666667
2022-08-30,SEC-004,26,43.39,970.52,2.06,4.06,3,970.52371695
2022-08-30,SEC-005,33,65.14,1640.78,3.32,4.23,4,1640.7801185333333
2022-08-30,SEC-006,44,56.42,2421.74,2.42,4.16,6,2421.736277616667
2022-08-31,SEC-001,21,61.14,1268.18,2.38,4.29,5,1268.1790132166666
2022-08-31,SEC-002,64,45.14,2789.76,2.63,4.19,7,2789.75563895
2022-08-31,SEC-003,31,28.28,763.06,3.05,4.23,2,763.0637633666666
2022-08-31,SEC-004,27,40.77,1184.93,1.92,4.27,2,1184.9227610833334
2022-08-31,SEC-005,63,73.24,4783.33,2.4,4.14,13,4783.333547016667
2022-08-31,SEC-006,48,55.02,2733.57,2.48,4.06,6,2733.5753657833334
2022-09-01,SEC-001,21,58.57,1312.56,1.86,4.11,4,1312.55825175
2022-09-01,SEC-002,39,40.55,1567.47,2.58,4.25,5,1567.4689885166667
2022-09-01,SEC-003,59,35.19,2010.61,3.0,4.22,5,2010.61416835
2022-09-01,SEC-004,41,45.63,1783.72,1.99,4.26,5,1783.7217675666666
2022-09-01,SEC-005,45,62.92,2327.79,2.47,4.29,6,2327.7880924666665
2022-09-01,SEC-006,36,53.08,1667.28,1.3,4.14,4,1667.2779027
2022-09-02,SEC-001,57,76.52,4290.35,2.08,4.11,12,4290.347578033334
2022-09-02,SEC-002,41,42.23,1624.26,2.82,4.24,4,1624.2535780166666
2022-09-02,SEC-003,36,31.3,1188.29,3.54,4.13,3,1188.2878694
2022-09-02,SEC-004,16,37.28,522.27,2.41,4.06,1,522.26893455
2022-09-02,SEC-005,28,58.83,1626.32,2.3,4.32,3,1626.3285160333332
2022-09-02,SEC-006,43,53.67,2603.97,2.23,4.09,7,2603.97566955
2022-09-05,SEC-001,36,61.31,2166.75,1.58,4.23,6,2166.7478996333334
2022-09-05,SEC-002,57,50.46,2364.83,2.77,4.13,6,2364.8378167666665
2022-09-05,SEC-003,22,26.92,577.02,2.44,4.36,3,577.0219187166667
2022-09-05,SEC-004,40,43.42,1532.19,1.96,4.32,3,1532.1915438
2022-09-05,SEC-005,46,68.62,3425.65,2.79,4.22,10,3425.648497733333
2022-09-05,SEC-006,53,56.59,3076.87,2.4,4.15,8,3076.8638739333333
2022-09-06,SEC-001,21,72.9,1287.67,2.86,4.5,3,1287.6684759
2022-09-06,SEC-002,28,38.7,1173.9,2.64,4.32,4,1173.8984186333332
2022-09-06,SEC-003,34,31.32,986.05,3.62,4.3,4,986.0546273333332
2022-09-06,SEC-004,18,44.49,667.09,2.48,4.13,2,667.0900189833334
2022-09-06,SEC-005,39,60.28,2430.57,2.93,4.24,6,2430.5622342
2022-09-06,SEC-006,62,57.5,4008.5,2.0,4.15,10,4008.50807345
2022-09-07,SEC-001,10,54.36,562.73,1.5,4.31,2,562.734993
2022-09-07,SEC-002,12,32.33,432.85,3.08,4.17,3,432.8675049666667
2022-09-07,SEC-003,21,30.22,699.09,2.81,4.07,3,699.0938695
2022-09-07,SEC-004,30,43.94,1149.94,2.0,4.13,3,1149.9308887166667
2022-09-07,SEC-005,45,69.2,3516.11,2.86,4.21,9,3516.106124533333
2022-09-07,SEC-006,57,58.0,3838.96,2.0,4.08,9,3838.9541419666666
2022-09-08,SEC-001,9,60.54,485.18,2.28,4.22,2,485.1797730333333
2022-09-08,SEC-002,54,48.26,2159.04,2.56,4.26,6,2159.032110166667
2022-09-08,SEC-003,30,28.33,771.77,2.71,4.09,2,771.7665701000001
2022-09-08,SEC-004,21,47.68,824.19,1.78,4.17,2,824.1899389833334
2022-09-08,SEC-005,37,67.33,2509.7,2.93,4.22,7,2509.699326133333
2022-09-08,SEC-006,32,51.43,1840.43,2.4,4.04,5,1840.4329953166664
2022-09-09,SEC-001,10,54.95,549.53,2.4,4.3,2,549.5309075333333
2022-09-09,SEC-002,34,48.71,1384.7,2.25,4.2,3,1384.7034938333334
2022-09-09,SEC-003,22,25.14,529.72,2.22,4.12,3,529.7214391333333
2022-09-09,SEC-004,16,41.33,566.2,2.18,4.37,1,566.2003635333333
2022-09-09,SEC-005,19,68.64,1377.41,2.93,3.99,3,1377.401710566667
2022-09-09,SEC-006,27,58.24,1567.47,2.25,4.22,4,1567.4713663
2022-09-12,SEC-001,37,69.76,2420.99,1.98,4.2,5,2420.9889563
2022-09-12,SEC-002,71,51.52,3066.55,2.76,4.22,7,3066.535366333333
2022-09-12,SEC-003,22,26.1,513.55,2.74,4.15,2,513.5472295333334
2022-09-12,SEC-004,49,42.54,2016.55,2.15,4.31,5,2016.5557262166667
2022-09-12,SEC-005,36,57.29,2074.45,2.66,4.25,4,2074.45214645
2022-09-12,SEC-006,54,63.64,3023.34,1.99,4.09,8,3023.3383411166665
2022-09-13,SEC-001,13,64.3,726.98,2.07,4.43,2,726.98512275
2022-09-13,SEC-002,37,37.94,1597.89,3.07,4.08,4,1597.8820383666666
2022-09-13,SEC-003,36,30.97,1084.84,3.12,4.16,4,1084.847768716667
2022-09-13,SEC-004,24,48.32,901.19,2.32,4.12,3,901.19659095
2022-09-13,SEC-005,68,74.08,4907.82,2.78,4.11,11,4907.817152083333
2022-09-13,SEC-006,35,49.17,1862.83,1.67,4.25,5,1862.8290855833332
2022-09-14,SEC-001,25,66.09,1621.31,2.34,4.28,3,1621.3060599166668
2022-09-14,SEC-002,55,43.24,2269.16,2.84,4.22,7,2269.1689314166665
2022-09-14,SEC-003,34,34.88,963.61,3.04,4.13,4,963.6042698333332
2022-09-14,SEC-004,24,36.59,854.91,2.39,4.19,3,854.9019084833333
2022-09-14,SEC-005,41,63.47,2932.73,3.09,4.19,7,2932.7337692666665
2022-09-14,SEC-006,47,53.16,2675.35,1.72,4.21,6,2675.3513896333334
2022-09-15,SEC-001,6,57.48,342.53,1.6,4.1,1,342.5232826833333
2022-09-15,SEC-002,36,41.65,1535.82,2.03,4.2,4,1535.80833585
2022-09-15,SEC-003,40,36.1,1242.92,3.58,4.27,3,1242.91517255
2022-09-15,SEC-004,29,42.32,1120.13,2.62,4.13,3,1120.117869466667
2022-09-15,SEC-005,26,70.0,1761.01,2.83,4.3,5,1761.0130605833333
2022-09-15,SEC-006,14,45.96,821.32,2.11,4.0,2,821.320665
2022-09-16,SEC-001,18,65.67,1246.52,1.96,4.0,3,1246.520153533333
2022-09-16,SEC-002,22,37.2,912.05,3.02,4.06,2,912.0481461666668
2022-09-16,SEC-003,34,34.61,1096.72,3.48,4.25,2,1096.7205121833333
2022-09-16,SEC-004,16,28.99,507.48,0.66,4.16,2,507.4731865666666
2022-09-16,SEC-005,23,58.06,1306.28,3.2,4.21,4,1306.2845992333334
2022-09-16,SEC-006,42,57.7,2566.79,2.19,4.04,6,2566.7929997666665
2022-09-19,SEC-001,12,53.0,635.97,2.0,4.0,2,635.9696777333334
2022-09-19,SEC-002,41,34.86,1306.66,2.7,4.12,4,1306.652164266667
2022-09-19,SEC-003,68,33.44,2480.07,3.26,4.16,6,2480.0584316333334
2022-09-19,SEC-004,36,40.63,1226.44,2.14,4.28,2,1226.4377266
2022-09-19,SEC-005,117,74.31,9311.68,2.63,4.2,23,9311.682357933334
2022-09-19,SEC-006,47,47.65,2234.15,2.11,4.16,5,2234.1536309666667
2022-09-20,SEC-001,16,63.9,1085.6,1.6,4.36,2,1085.59336835
2022-09-20,SEC-002,24,48.19,1055.12,2.78,4.12,4,1055.1106387833331
2022-09-20,SEC-003,23,30.24,649.74,3.31,4.3,2,649.74033795
2022-09-20,SEC-004,17,37.21,567.15,2.33,4.09,2,567.1585035833333
2022-09-20,SEC-005,40,66.1,2867.56,2.72,4.17,7,2867.56632105
2022-09-20,SEC-006,55,55.24,3276.57,2.15,4.13,8,3276.5702185166665
2022-09-21,SEC-001,29,51.7,1520.85,2.3,4.14,4,1520.851145716667
2022-09-21,SEC-002,41,44.01,1764.73,2.6,4.1,6,1764.7399510333337
2022-09-21,SEC-003,31,28.85,732.15,3.05,4.4,2,732.1578021666667
2022-09-21,SEC-004,37,42.42,1464.82,2.35,4.28,4,1464.8274060833332
2022-09-21,SEC-005,32,52.13,1434.66,2.73,4.28,5,1434.6586670666666
2022-09-21,SEC-006,46,59.26,2883.45,2.31,4.15,6,2883.45748575
2022-09-22,SEC-001,21,58.73,1236.35,2.38,4.15,4,1236.34880215
2022-09-22,SEC-002,31,40.54,1153.19,2.5,4.19,3,1153.1948813333331
2022-09-22,SEC-003,35,33.41,881.01,3.77,4.07,3,881.0145661333333
2022-09-22,SEC-004,39,45.74,1586.84,2.49,4.06,3,1586.8435500166668
2022-09-22,SEC-005,75,74.27,5836.0,2.95,4.18,14,5836.006379716667
2022-09-22,SEC-006,43,45.77,1927.13,2.74,4.2,5,1927.131999533333
2022-09-23,SEC-001,9,46.21,421.72,3.0,4.0,2,421.71603415
2022-09-23,SEC-002,43,40.84,1802.09,2.57,4.02,6,1802.087492116667
2022-09-23,SEC-003,55,33.22,1634.84,2.13,4.23,4,1634.8521810666666
2022-09-23,SEC-004,19,36.27,673.38,1.37,4.33,2,673.38422715
2022-09-23,SEC-005,46,65.81,2677.55,2.84,4.09,6,2677.5525963
2022-09-23,SEC-006,34,50.69,1942.34,2.34,4.31,5,1942.3431551
2022-09-26,SEC-001,35,59.6,1911.36,2.74,4.12,5,1911.36688635
2022-09-26,SEC-002,66,45.69,2490.62,2.71,4.23,6,2490.617586183333
2022-09-26,SEC-003,44,26.03,1176.17,2.6,4.16,3,1176.1681569666666
2022-09-26,SEC-004,77,53.88,3871.37,2.26,4.21,10,3871.370208533333
2022-09-26,SEC-005,37,53.93,1921.88,2.5,4.11,6,1921.88251395
2022-09-26,SEC-006,52,51.12,2411.22,2.11,4.16,6,2411.218951266667
2022-09-27,SEC-001,15,60.57,848.94,2.31,4.22,3,848.9372022833334
2022-09-27,SEC-002,46,37.92,1976.66,3.17,4.37,6,1976.6555593166668
2022-09-27,SEC-003,46,32.54,1363.62,3.11,4.09,4,1363.6150919666668
2022-09-27,SEC-004,32,45.75,1228.12,2.54,4.25,3,1228.1291282
2022-09-27,SEC-005,61,67.45,4771.52,2.42,4.06,12,4771.520373033333
2022-09-27,SEC-006,66,57.19,3947.65,2.5,4.14,9,3947.6582533666665
2022-09-28,SEC-001,13,64.32,802.89,2.47,3.98,2,802.8871619
2022-09-28,SEC-002,20,32.7,615.22,3.82,4.26,2,615.2145068833333
2022-09-28,SEC-003,34,31.67,1160.97,3.04,4.18,3,1160.9674045
2022-09-28,SEC-004,14,39.46,535.97,1.58,4.07,1,535.9725877166667
2022-09-28,SEC-005,48,73.06,2984.23,2.56,4.29,8,2984.226712983333
2022-09-28,SEC-006,42,52.82,2338.2,3.04,4.27,6,2338.2017127
2022-09-29,SEC-001,14,52.06,747.33,1.66,4.08,2,747.3283834
2022-09-29,SEC-002,22,43.36,886.25,2.72,4.22,3,886.2505761
2022-09-29,SEC-003,40,36.77,1498.39,2.61,4.22,3,1498.3916282333334
2022-09-29,SEC-004,20,43.91,864.78,2.14,4.21,2,864.7757778499999
2022-09-29,SEC-005,18,66.4,1074.38,2.6,4.14,4,1074.3885812166666
2022-09-29,SEC-006,27,50.1,1274.46,2.52,4.22,3,1274.4564806166666
2022-09-30,SEC-001,15,55.5,797.03,2.58,4.14,1,797.0356508166667
2022-09-30,SEC-002,46,40.49,1705.01,2.62,4.18,5,1705.0200102
2022-09-30,SEC-003,28,26.59,759.18,3.92,4.16,2,759.1794346333334
2022-09-30,SEC-004,27,41.92,1050.66,2.02,4.1,3,1050.6660925
2022-09-30,SEC-005,50,77.86,3798.15,2.82,4.23,11,3798.14525575
2022-09-30,SEC-006,35,48.17,1776.24,1.88,4.19,5,1776.230852916667
2022-10-03,SEC-001,37,67.18,2346.85,1.37,4.02,7,2346.8549013166667
2022-10-03,SEC-002,29,36.66,1131.21,2.47,4.54,2,1131.2104798833334
2022-10-03,SEC-003,66,38.03,2142.32,2.88,4.13,6,2142.322853
2022-10-03,SEC-004,35,37.73,1231.97,1.92,4.06,3,1231.9768431333334
2022-10-03,SEC-005,65,73.72,4105.95,2.39,4.05,10,4105.950668733333
2022-10-03,SEC-006,49,48.77,2664.03,2.08,4.26,7,2664.0282910166666
2022-10-04,SEC-001,12,70.93,892.74,2.36,4.22,3,892.7350257333334
2022-10-04,SEC-002,47,42.42,2089.32,3.26,4.21,5,2089.319990833333
2022-10-04,SEC-003,22,27.41,595.44,3.45,4.17,3,595.43401515
2022-10-04,SEC-004,21,49.83,769.57,2.19,4.0,2,769.56054655
2022-10-04,SEC-005,85,72.91,6342.16,2.47,4.25,17,6342.15400955
2022-10-04,SEC-006,38,47.85,1904.69,2.19,4.19,4,1904.6830158833332
2022-10-05,SEC-001,21,61.47,1253.03,2.24,3.95,3,1253.0259599833332
2022-10-05,SEC-002,42,46.81,1410.26,2.02,4.08,4,1410.2516136
2022-10-05,SEC-003,16,24.36,367.69,2.22,4.5,1,367.6836805666667
2022-10-05,SEC-004,23,46.67,920.36,1.7,4.31,3,920.3635040833332
2022-10-05,SEC-005,49,68.05,3458.77,3.13,4.21,10,3458.7743984166664
2022-10-05,SEC-006,49,52.46,2336.2,2.12,4.31,6,2336.2075599333334
2022-10-06,SEC-001,13,57.88,833.61,1.82,4.59,2,833.6105973666666
2022-10-06,SEC-002,31,40.02,1255.9,2.24,3.94,3,1255.8980237833334
2022-10-06,SEC-003,45,37.73,1825.86,2.25,4.26,6,1825.8640003666667
2022-10-06,SEC-004,20,37.19,657.88,1.62,4.01,2,657.8839125333333
2022-10-06,SEC-005,20,65.19,1377.17,2.99,4.23,4,1377.1604927333333
2022-10-06,SEC-006,38,54.03,2329.95,2.43,3.81,7,2329.947003483333
2022-10-07,SEC-001,14,58.91,824.78,1.92,4.08,2,824.7840285333333
2022-10-07,SEC-002,56,41.48,2230.35,2.6,4.07,6,2230.3595935333333
2022-10-07,SEC-003,58,34.64,2009.45,3.41,4.19,5,2009.4429936833333
2022-10-07,SEC-004,27,46.18,1093.51,2.2,4.11,3,1093.5128636833333
2022-10-07,SEC-005,27,50.19,1387.65,3.24,4.15,4,1387.64930265
2022-10-07,SEC-006,58,54.6,3480.07,2.98,4.16,9,3480.0638202833334
2022-10-11,SEC-001,22,48.16,1038.61,2.1,4.1,3,1038.60931515
2022-10-11,SEC-002,63,40.75,2530.91,2.77,4.11,8,2530.9052189
2022-10-11,SEC-003,60,31.1,2066.55,2.96,4.22,5,2066.541015866667
2022-10-11,SEC-004,53,43.35,2093.57,2.04,4.17,4,2093.5710535333333
2022-10-11,SEC-005,57,59.51,3234.78,2.6,4.19,7,3234.7797708333333
2022-10-11,SEC-006,68,55.76,3747.9,2.1,4.13,9,3747.9045126666665
2022-10-12,SEC-001,13,60.26,749.28,2.29,4.3,2,749.28147025
2022-10-12,SEC-002,40,35.67,1449.76,2.3,4.39,4,1449.7601035333332
2022-10-12,SEC-003,31,30.13,815.56,2.69,4.53,1,815.5655264666667
2022-10-12,SEC-004,38,42.67,1562.97,1.86,4.12,4,1562.9686911
2022-10-12,SEC-005,56,68.1,4212.36,2.8,4.07,11,4212.35717705
2022-10-12,SEC-006,73,56.26,3934.46,2.26,4.2,9,3934.45662325
2022-10-13,SEC-001,9,56.79,515.74,2.12,4.35,2,515.7385366666667
2022-10-13,SEC-002,45,37.54,1712.36,2.48,4.22,6,1712.3708601166666
2022-10-13,SEC-003,31,32.77,796.9,2.88,4.15,1,796.89682545
2022-10-13,SEC-004,17,34.73,545.31,2.62,4.29,2,545.3084158833334
2022-10-13,SEC-005,36,66.94,2335.38,2.92,4.29,7,2335.3692870833333
2022-10-13,SEC-006,42,57.52,2189.86,2.12,4.02,6,2189.852208783333
2022-10-14,SEC-001,3,59.46,178.82,2.5,4.25,1,178.82352695
2022-10-14,SEC-002,45,43.41,1908.02,2.58,4.28,5,1908.0295376833333
2022-10-14,SEC-003,32,29.01,841.1,2.47,4.1,2,841.0919010833333
2022-10-14,SEC-004,68,50.05,3190.16,2.21,4.07,7,3190.1488397
2022-10-14,SEC-005,25,68.7,1268.03,2.51,4.19,3,1268.03065455
2022-10-14,SEC-006,43,51.03,2275.88,2.45,4.09,6,2275.87901995
2022-10-17,SEC-001,28,61.82,1582.28,1.87,4.18,5,1582.2823894
2022-10-17,SEC-002,67,43.22,2816.83,2.82,4.2,6,2816.838592383333
2022-10-17,SEC-003,50,32.59,1422.15,2.6,4.22,4,1422.14771505
2022-10-17,SEC-004,23,32.34,693.53,2.06,4.31,3,693.5298830666667
2022-10-17,SEC-005,72,72.21,5874.6,3.08,4.31,14,5874.603344733333
2022-10-17,SEC-006,50,50.68,2613.32,1.81,4.02,6,2613.31987725
2022-10-18,SEC-001,12,68.3,753.62,2.25,4.12,2,753.62711705
2022-10-18,SEC-002,30,42.56,1219.89,2.23,4.31,3,1219.8996248
2022-10-18,SEC-003,37,32.12,1058.6,2.65,4.29,2,1058.59736175
2022-10-18,SEC-004,29,43.75,1311.52,1.94,4.13,3,1311.518712
2022-10-18,SEC-005,41,63.31,3171.99,2.0,4.14,7,3171.994796483333
2022-10-18,SEC-006,60,54.39,3533.46,2.51,4.23,10,3533.4488239666666
2022-10-19,SEC-001,11,60.08,623.56,2.65,4.25,2,623.55466495
2022-10-19,SEC-002,41,40.87,1554.18,2.68,4.27,4,1554.1820099166666
2022-10-19,SEC-003,35,28.84,1149.82,2.68,4.15,3,1149.8176126166666
2022-10-19,SEC-004,29,47.01,1524.54,2.51,4.03,4,1524.5347430333334
2022-10-19,SEC-005,18,54.3,871.6,3.26,4.18,3,871.5981195833333
2022-10-19,SEC-006,60,57.82,3604.42,2.31,4.24,10,3604.41721315
2022-10-20,SEC-001,17,69.22,1074.12,1.76,4.12,3,1074.1162097666668
2022-10-20,SEC-002,60,44.93,2707.11,2.93,4.06,7,2707.1069566
2022-10-20,SEC-003,32,31.01,860.94,3.39,4.38,3,860.9491351833334
2022-10-20,SEC-004,13,39.21,435.26,2.15,4.23,2,435.2627362
2022-10-20,SEC-005,38,63.91,2208.6,2.58,4.31,6,2208.60577605
2022-10-20,SEC-006,39,49.8,2000.02,2.43,4.2,6,2000.01449795
2022-10-21,SEC-001,21,66.22,1320.27,1.83,4.06,4,1320.2757777166669
2022-10-21,SEC-002,27,38.61,1055.62,2.43,4.28,2,1055.6247617666668
2022-10-21,SEC-003,23,34.18,780.64,2.98,4.18,1,780.6400578333333
2022-10-21,SEC-004,15,34.7,501.43,2.06,4.08,3,501.427871
2022-10-21,SEC-005,28,65.09,1760.6,2.79,4.09,4,1760.5999298666666
2022-10-21,SEC-006,41,54.23,2280.32,2.35,4.14,6,2280.312233
2022-10-25,SEC-001,12,64.39,785.87,2.08,4.27,1,785.86546805
2022-10-25,SEC-002,37,42.96,1614.0,2.85,4.2,3,1614.0093627666668
2022-10-25,SEC-003,21,30.81,561.8,3.37,3.95,1,561.80938005
2022-10-25,SEC-004,17,42.0,686.84,2.88,4.52,2,686.8362905500001
2022-10-25,SEC-005,26,61.91,1526.36,2.86,4.17,5,1526.3597744833332
2022-10-25,SEC-006,32,55.42,1815.5,1.99,4.31,5,1815.5010292333332
2022-10-26,SEC-001,19,63.06,1204.14,2.28,4.15,4,1204.1356696
2022-10-26,SEC-002,47,45.36,2130.13,2.04,4.13,6,2130.1334277666665
2022-10-26,SEC-003,29,30.1,878.86,3.11,4.14,3,878.8574526333333
2022-10-26,SEC-004,26,36.67,919.24,1.83,4.07,3,919.2414381333332
2022-10-26,SEC-005,50,67.05,3024.26,2.85,4.15,8,3024.256764333333
2022-10-26,SEC-006,34,50.56,2049.13,2.35,4.11,5,2049.1267663
2022-10-27,SEC-001,10,64.45,689.43,1.9,4.4,3,689.4336514666667
2022-10-27,SEC-002,61,44.81,2576.23,2.28,4.17,6,2576.236366466667
2022-10-27,SEC-003,41,31.22,1228.54,3.06,4.12,4,1228.5341957166668
2022-10-27,SEC-004,18,42.42,758.44,1.73,4.25,1,758.4365248833333
2022-10-27,SEC-005,26,66.17,1695.98,2.28,4.38,5,1695.9761571166666
2022-10-27,SEC-006,43,51.53,2207.22,2.33,4.28,5,2207.226101
2022-10-28,SEC-001,7,59.32,424.03,2.25,4.38,1,424.0281616833333
2022-10-28,SEC-002,37,40.2,1544.55,2.61,4.13,4,1544.56446465
2022-10-28,SEC-003,24,28.44,666.53,2.89,4.11,2,666.52990895
2022-10-28,SEC-004,16,38.16,521.17,1.69,4.54,1,521.1630117166667
2022-10-28,SEC-005,45,64.13,2050.2,2.7,4.07,5,2050.191302816667
2022-10-28,SEC-006,27,48.4,1348.9,1.89,4.05,4,1348.8989886
2022-10-31,SEC-001,15,55.98,826.6,2.34,4.06,3,826.5968639
2022-10-31,SEC-002,34,37.93,1631.98,2.88,4.23,4,1631.9759056166668
2022-10-31,SEC-003,70,33.2,2239.49,3.06,4.23,6,2239.495465183333
2022-10-31,SEC-004,27,39.84,928.06,2.96,4.43,4,928.0603493
2022-10-31,SEC-005,97,69.63,6796.52,2.49,4.16,17,6796.52515205
2022-10-31,SEC-006,72,52.74,4107.19,2.42,4.27,10,4107.1784210666665
2022-11-01,SEC-001,11,59.06,652.61,2.26,4.1,2,652.6051037833333
2022-11-01,SEC-002,46,47.28,1929.62,3.55,4.17,5,1929.6181267333332
2022-11-01,SEC-003,40,34.63,1297.7,3.21,4.2,5,1297.6969487666668
2022-11-01,SEC-004,26,46.09,955.83,1.96,4.16,3,955.8227747166668
2022-11-01,SEC-005,25,59.33,1506.52,2.82,4.21,3,1506.5177036166667
2022-11-01,SEC-006,38,55.34,2017.84,2.07,4.22,5,2017.8390275333331
2022-11-02,SEC-001,18,61.22,1086.74,2.1,4.38,3,1086.7306372833334
2022-11-02,SEC-002,22,43.19,769.1,3.32,4.14,2,769.09595675
2022-11-02,SEC-003,42,36.28,1347.73,2.88,4.12,4,1347.7324219333334
2022-11-02,SEC-004,30,43.51,1167.09,1.81,4.12,3,1167.09155345
2022-11-02,SEC-005,44,72.29,3706.1,3.25,4.09,8,3706.102050983333
2022-11-02,SEC-006,32,51.96,1749.95,2.33,4.28,5,1749.9624319333334
2022-11-03,SEC-001,5,50.02,245.72,2.25,4.16,2,245.720973
2022-11-03,SEC-002,47,51.78,2202.07,2.52,4.18,6,2202.0774946166666
2022-11-03,SEC-003,19,30.81,633.45,3.57,4.28,1,633.4493035666667
2022-11-03,SEC-004,25,40.17,929.49,2.52,4.34,3,929.4916391666668
2022-11-03,SEC-005,34,69.0,2139.92,1.85,4.23,6,2139.92720605
2022-11-03,SEC-006,25,48.42,1242.49,2.37,4.15,4,1242.4903105
2022-11-04,SEC-001,14,64.33,900.63,2.22,4.22,2,900.6363516499999
2022-11-04,SEC-002,54,45.34,2224.15,2.79,4.24,6,2224.15623805
2022-11-04,SEC-003,11,24.2,272.38,2.92,4.54,1,272.38422303333334
2022-11-04,SEC-004,58,48.52,2302.41,1.66,4.32,6,2302.41195905
2022-11-04,SEC-005,46,58.61,2695.96,3.1,4.18,8,2695.9511488666667
2022-11-04,SEC-006,33,48.84,1658.58,2.52,4.24,4,1658.5770195
2022-11-08,SEC-001,22,59.48,1344.24,1.96,4.09,3,1344.2411628333332
2022-11-08,SEC-002,34,36.76,1214.45,3.04,4.15,3,1214.4539657833334
2022-11-08,SEC-003,67,34.31,2520.67,2.93,4.23,7,2520.6766804666668
2022-11-08,SEC-004,20,38.93,717.52,1.86,4.22,2,717.5263476833334
2022-11-08,SEC-005,32,52.89,1629.42,2.55,4.17,4,1629.4132954166666
2022-11-08,SEC-006,36,49.76,2123.39,2.1,4.14,6,2123.3823306
2022-11-09,SEC-001,7,64.44,411.13,2.16,4.58,2,411.13062013333337
2022-11-09,SEC-002,59,45.7,2425.98,2.27,3.99,6,2425.982129333333
2022-11-09,SEC-003,39,32.22,1240.41,3.45,4.15,2,1240.4035028
2022-11-09,SEC-004,17,38.72,658.16,1.95,4.38,1,658.1599682833333
2022-11-09,SEC-005,33,60.77,1992.59,2.77,4.19,5,1992.5881537166667
2022-11-09,SEC-006,19,50.7,975.96,1.77,4.11,2,975.9517630333332
2022-11-10,SEC-001,6,57.74,335.5,3.0,4.0,1,335.49798545
2022-11-10,SEC-002,35,42.95,1376.61,2.96,4.07,3,1376.6156925333332
2022-11-10,SEC-003,35,32.16,1026.1,3.74,4.14,3,1026.10159835
2022-11-10,SEC-004,6,29.21,175.48,1.8,4.1,1,175.48471781666666
2022-11-10,SEC-005,30,62.93,2023.48,2.56,4.11,5,2023.4738539333332
2022-11-10,SEC-006,41,55.34,2348.71,2.3,4.12,6,2348.714201783333
2022-11-11,SEC-001,6,52.98,335.45,1.75,4.0,2,335.44919565
2022-11-11,SEC-002,46,46.15,1986.28,2.69,4.23,5,1986.2823166166668
2022-11-11,SEC-003,46,34.27,1384.36,3.34,4.26,4,1384.360736416667
2022-11-11,SEC-004,23,42.96,975.42,2.27,4.19,3,975.4170315833334
2022-11-11,SEC-005,30,57.61,1586.94,2.55,4.38,4,1586.945964
2022-11-11,SEC-006,31,53.91,1393.68,2.71,4.1,4,1393.6880853
2022-11-14,SEC-001,7,57.4,425.58,1.7,4.35,2,425.5757533
2022-11-14,SEC-002,45,45.07,1584.24,2.3,4.11,4,1584.23483015
2022-11-14,SEC-003,25,30.56,719.52,3.36,3.99,2,719.5202440166667
2022-11-14,SEC-004,32,41.36,1149.9,2.12,4.19,2,1149.9041657166667
2022-11-14,SEC-005,92,70.15,5805.94,2.66,4.16,14,5805.93813515
2022-11-14,SEC-006,90,56.08,5174.27,1.9,4.17,13,5174.27139165
2022-11-15,SEC-001,15,64.61,934.73,1.86,4.2,3,934.72687075
2022-11-15,SEC-002,24,36.18,855.77,2.8,4.19,3,855.7786152
2022-11-15,SEC-003,54,33.64,1786.47,3.12,4.15,5,1786.4679564
2022-11-15,SEC-004,21,37.46,723.43,1.93,4.06,2,723.4394190166666
2022-11-15,SEC-005,50,62.62,2747.58,2.76,4.28,7,2747.572106333333
2022-11-15,SEC-006,52,58.6,2970.69,2.34,4.23,8,2970.6913838
2022-11-16,SEC-001,13,61.58,789.41,2.06,4.45,2,789.4062027333333
2022-11-16,SEC-002,33,45.58,1146.66,1.94,4.03,3,1146.6542177666668
2022-11-16,SEC-003,28,28.98,898.5,2.71,4.22,2,898.4999799333333
2022-11-16,SEC-004,26,43.2,888.17,2.31,4.17,3,888.1696749833333
2022-11-16,SEC-005,49,66.81,3531.18,2.25,4.14,9,3531.179768666667
2022-11-16,SEC-006,69,59.0,3927.69,2.46,4.15,10,3927.683467716666
2022-11-17,SEC-001,12,56.99,694.47,2.52,4.17,2,694.4674675333333
2022-11-17,SEC-002,42,45.14,1706.17,2.02,4.26,4,1706.17429125
2022-11-17,SEC-003,26,31.62,764.44,2.5,4.2,2,764.4417325666667
2022-11-17,SEC-004,11,41.96,473.0,2.92,4.22,1,472.99647868333335
2022-11-17,SEC-005,50,69.54,3592.82,2.47,4.14,9,3592.815969866667
2022-11-17,SEC-006,32,48.54,1606.26,2.44,4.23,4,1606.26222705
2022-11-18,SEC-001,4,65.17,268.12,2.0,4.0,1,268.1245490333333
2022-11-18,SEC-002,44,46.71,1873.99,2.83,4.39,4,1873.9913008166668
2022-11-18,SEC-003,24,31.97,754.94,3.15,4.24,2,754.9437984666666
2022-11-18,SEC-004,4,43.48,173.94,1.75,3.75,1,173.9325253
2022-11-18,SEC-005,39,71.57,3054.54,2.67,4.18,9,3054.5404963
2022-11-18,SEC-006,43,55.48,2462.91,2.51,4.18,6,2462.9104873166666
2022-11-21,SEC-001,23,56.48,1274.02,1.66,4.32,4,1274.0236049
2022-11-21,SEC-002,54,45.76,2095.6,3.0,4.15,5,2095.5992522666666
2022-11-21,SEC-003,82,35.38,2950.16,2.84,4.12,8,2950.1541964
2022-11-21,SEC-004,39,41.96,1540.36,2.12,4.24,5,1540.3525072833334
2022-11-21,SEC-005,42,59.65,2437.23,2.15,4.23,5,2437.228585733333
2022-11-21,SEC-006,65,52.74,3425.05,2.0,4.15,10,3425.0553429
2022-11-22,SEC-001,9,60.03,553.14,2.28,4.32,2,553.13350935
2022-11-22,SEC-002,26,44.52,1080.24,2.01,4.08,3,1080.2420566333333
2022-11-22,SEC-003,20,28.68,610.29,2.14,4.22,2,610.2889419166667
2022-11-22,SEC-004,10,36.83,361.02,1.11,4.11,1,361.0134067833333
2022-11-22,SEC-005,35,74.07,2633.23,2.9,4.11,7,2633.2227679666667
2022-11-22,SEC-006,48,54.06,2590.03,1.92,4.18,7,2590.0269983666667
2022-11-23,SEC-001,22,60.12,1344.48,1.88,4.16,5,1344.47520575
2022-11-23,SEC-002,47,41.29,1820.9,1.62,4.26,5,1820.90186195
2022-11-23,SEC-003,24,28.74,681.9,2.7,4.1,2,681.90756085
2022-11-23,SEC-004,20,42.0,649.48,1.8,4.26,2,649.4800456
2022-11-23,SEC-005,26,55.5,1508.65,3.47,4.35,3,1508.6545184
2022-11-23,SEC-006,42,55.64,2245.6,2.12,4.3,6,2245.5949480833333
2022-11-24,SEC-001,16,69.22,933.17,2.98,4.12,3,933.1605882166666
2022-11-24,SEC-002,35,43.43,1275.26,2.41,4.15,5,1275.2573703333333
2022-11-24,SEC-003,26,31.77,820.93,3.67,4.12,1,820.9261409666667
2022-11-24,SEC-004,20,44.25,796.82,2.76,4.07,1,796.8176415833333
2022-11-24,SEC-005,61,78.75,4912.03,2.51,4.17,13,4912.029166566666
2022-11-24,SEC-006,27,47.56,1463.79,2.24,4.15,3,1463.7926231
2022-11-25,SEC-001,22,63.46,1430.29,2.12,4.27,3,1430.2883538166666
2022-11-25,SEC-002,31,39.42,1122.43,2.67,4.13,3,1122.4253741833334
2022-11-25,SEC-003,20,26.67,511.42,2.99,4.01,2,511.4235307
2022-11-25,SEC-004,22,43.63,1058.6,2.46,4.22,3,1058.5894303833334
2022-11-25,SEC-005,45,63.39,3168.9,2.67,4.09,8,3168.8985018
2022-11-25,SEC-006,54,57.35,3181.16,1.85,4.19,8,3181.15657385
2022-11-28,SEC-001,57,78.6,4191.35,2.15,4.07,9,4191.349566666667
2022-11-28,SEC-002,47,44.77,1831.46,2.28,4.27,5,1831.4482331166664
2022-11-28,SEC-003,53,36.25,1830.94,3.3,4.16,5,1830.9354260333332
2022-11-28,SEC-004,23,35.53,725.06,2.63,4.27,1,725.0576999
2022-11-28,SEC-005,33,58.44,1573.91,2.04,4.19,4,1573.9080671666666
2022-11-28,SEC-006,43,48.99,2251.55,1.86,4.13,6,2251.5415945333334
2022-11-29,SEC-001,13,59.1,781.68,1.7,4.16,2,781.6822702166667
2022-11-29,SEC-002,24,34.85,767.09,2.28,4.41,1,767.0908580166667
2022-11-29,SEC-003,52,36.13,1822.27,2.96,4.23,5,1822.27204035
2022-11-29,SEC-004,21,39.31,728.38,1.33,4.2,1,728.3762208
2022-11-29,SEC-005,42,59.81,2965.77,2.73,4.11,8,2965.772746766667
2022-11-29,SEC-006,56,50.42,3332.95,2.54,4.09,8,3332.949805666666
2022-11-30,SEC-001,9,61.06,545.47,2.12,4.25,3,545.4604695333334
2022-11-30,SEC-002,30,40.05,1087.09,3.02,4.08,3,1087.0961808
2022-11-30,SEC-003,70,36.61,2384.0,2.83,4.22,7,2384.009676683333
2022-11-30,SEC-004,32,43.21,1278.36,2.03,4.26,5,1278.3592592
2022-11-30,SEC-005,19,50.91,942.46,2.11,4.39,3,942.45797955
2022-11-30,SEC-006,45,56.62,2648.21,2.83,4.15,7,2648.2129303
2022-12-01,SEC-001,20,61.27,1252.25,1.96,4.04,2,1252.2506016166667
2022-12-01,SEC-002,25,46.24,900.22,3.27,4.22,3,900.2164467833334
2022-12-01,SEC-003,26,28.64,705.72,2.98,4.21,1,705.7127368
2022-12-01,SEC-004,15,38.7,669.01,2.11,4.26,2,669.0115802833333
2022-12-01,SEC-005,69,71.18,5468.29,2.72,4.12,14,5468.293760683333
2022-12-01,SEC-006,43,54.13,2516.4,2.56,4.31,6,2516.3835800666666
2022-12-02,SEC-001,16,69.31,1025.13,2.16,4.32,2,1025.1299011833337
2022-12-02,SEC-002,27,35.45,970.56,2.86,4.16,3,970.55788285
2022-12-02,SEC-003,12,24.45,260.39,3.66,4.2,1,260.39318133333336
2022-12-02,SEC-004,43,41.98,1651.31,2.25,4.32,4,1651.3016714333332
2022-12-02,SEC-005,84,75.49,5785.57,2.86,4.31,14,5785.5726306
2022-12-02,SEC-006,54,51.97,3012.15,2.44,4.16,8,3012.14665635
2022-12-05,SEC-001,17,54.93,922.73,1.87,4.07,3,922.7315865
2022-12-05,SEC-002,54,42.92,2452.07,2.39,4.26,5,2452.080809983333
2022-12-05,SEC-003,71,33.71,2668.09,3.28,4.29,6,2668.08273515
2022-12-05,SEC-004,15,31.82,466.7,2.52,3.97,2,466.70215375
2022-12-05,SEC-005,63,66.97,4792.84,2.82,4.22,12,4792.842451433334
2022-12-05,SEC-006,29,46.71,1536.49,2.26,4.27,5,1536.4819007166668
2022-12-06,SEC-001,28,57.98,1403.77,1.96,4.08,4,1403.77481845
2022-12-06,SEC-002,37,39.97,1481.87,2.26,4.16,4,1481.8699656166666
2022-12-06,SEC-003,41,34.03,1478.14,3.13,4.19,4,1478.1456092166668
2022-12-06,SEC-004,37,46.59,1281.39,2.41,4.25,3,1281.3882041333334
2022-12-06,SEC-005,35,66.59,2383.04,2.48,4.16,6,2383.041203333333
2022-12-06,SEC-006,32,46.53,1525.67,2.23,4.22,4,1525.6715345
2022-12-08,SEC-001,15,62.14,850.7,2.9,4.36,2,850.6967928
2022-12-08,SEC-002,47,43.73,2002.65,2.65,4.08,4,2002.654025
2022-12-08,SEC-003,35,34.18,1251.98,3.15,4.02,3,1251.9884002666668
2022-12-08,SEC-004,22,43.09,895.26,1.63,4.35,2,895.2621379166667
2022-12-08,SEC-005,12,49.66,678.95,2.83,4.42,2,678.9593780333333
2022-12-08,SEC-006,24,43.78,1218.45,2.17,4.19,3,1218.4522988833332
2022-12-09,SEC-001,14,65.06,966.26,1.42,4.08,4,966.2600707833332
2022-12-09,SEC-002,21,29.79,579.78,2.21,4.25,1,579.7854921166667
2022-12-09,SEC-003,18,30.92,508.96,3.58,4.26,1,508.9631722166667
2022-12-09,SEC-004,15,31.94,485.71,1.84,4.11,3,485.70888835
2022-12-09,SEC-005,35,64.48,2123.1,2.72,4.16,5,2123.095944016666
2022-12-09,SEC-006,59,62.72,3479.13,2.16,4.09,10,3479.1304807333336
2022-12-12,SEC-001,26,60.96,1385.47,2.28,4.14,3,1385.46770175
2022-12-12,SEC-002,61,39.48,2478.92,2.73,4.26,7,2478.916036333333
2022-12-12,SEC-003,48,32.64,1433.0,2.79,4.32,5,1432.9930105333333
2022-12-12,SEC-004,72,47.29,2728.65,1.99,4.34,6,2728.650729133333
2022-12-12,SEC-005,64,61.2,4368.17,2.67,4.23,12,4368.175514766666
2022-12-12,SEC-006,87,56.42,5478.3,2.34,4.2,14,5478.300505833333
2022-12-13,SEC-001,8,54.66,437.28,1.62,4.12,2,437.2874549833333
2022-12-13,SEC-002,32,39.55,1384.02,3.32,4.2,4,1384.0099367
2022-12-13,SEC-003,28,30.54,870.28,2.69,4.26,2,870.2840140666667
2022-12-13,SEC-004,28,41.26,1173.58,2.24,4.15,2,1173.5812620333334
2022-12-13,SEC-005,63,71.96,4061.38,2.56,4.29,10,4061.37668955
2022-12-13,SEC-006,41,48.39,1916.26,2.08,4.17,5,1916.2444007166664
2022-12-14,SEC-001,12,57.75,727.83,2.16,3.89,2,727.8289916166667
2022-12-14,SEC-002,22,33.96,799.05,1.91,4.34,2,799.0424722333333
2022-12-14,SEC-003,22,24.54,535.97,3.06,4.04,3,535.9753858
2022-12-14,SEC-004,31,42.01,1530.7,2.11,4.21,4,1530.695326216667
2022-12-14,SEC-005,30,67.53,2047.08,2.25,4.15,6,2047.079037233333
2022-12-14,SEC-006,65,58.59,4081.34,2.05,4.15,10,4081.3418815166665
2022-12-15,SEC-001,18,62.38,1154.0,1.99,4.16,4,1154.0022471666666
2022-12-15,SEC-002,44,51.34,1920.07,2.66,4.19,5,1920.0735076833328
2022-12-15,SEC-003,33,31.76,1094.32,2.88,4.18,3,1094.3259970166666
2022-12-15,SEC-004,23,39.0,862.12,2.34,4.23,3,862.1158772166667
2022-12-15,SEC-005,30,62.77,1682.29,2.8,4.17,5,1682.2878609
2022-12-15,SEC-006,44,53.65,2389.39,2.02,4.2,6,2389.383248983333
2022-12-16,SEC-001,22,68.96,1249.85,1.05,4.32,4,1249.8533009
2022-12-16,SEC-002,43,47.5,1887.75,2.76,4.05,5,1887.7385599333331
2022-12-16,SEC-003,27,27.53,756.12,2.38,4.2,2,756.1248311833333
2022-12-16,SEC-004,20,39.84,858.74,1.69,4.08,3,858.749107
2022-12-16,SEC-005,40,57.63,1950.82,1.95,4.18,6,1950.816701083333
2022-12-16,SEC-006,37,50.82,1986.9,2.37,4.01,6,1986.909748066667
2022-12-19,SEC-001,20,54.17,1110.1,2.0,4.23,3,1110.1059603166666
2022-12-19,SEC-002,71,44.48,3050.05,2.53,4.16,8,3050.0504052666665
2022-12-19,SEC-003,52,29.07,1494.48,2.89,4.23,3,1494.4806373166666
2022-12-19,SEC-004,65,41.95,2641.84,2.05,4.21,8,2641.839245916666
2022-12-19,SEC-005,97,65.77,6283.69,2.47,4.25,15,6283.6817237333335
2022-12-19,SEC-006,71,49.82,3725.76,2.39,4.14,10,3725.7620551166665
2022-12-20,SEC-001,7,59.47,457.26,1.95,4.7,1,457.26081231666666
2022-12-20,SEC-002,33,45.99,1246.56,3.9,4.13,3,1246.5620783833333
2022-12-20,SEC-003,22,30.19,646.62,2.14,4.5,2,646.6231757
2022-12-20,SEC-004,13,38.45,479.69,2.63,4.0,3,479.68718286666666
2022-12-20,SEC-005,28,61.76,1628.09,2.66,4.24,4,1628.0892730166663
2022-12-20,SEC-006,42,53.54,2181.61,2.61,4.27,6,2181.6077942166667
2022-12-21,SEC-001,14,50.54,735.48,2.2,4.18,3,735.4784647833334
2022-12-21,SEC-002,27,35.27,871.34,2.22,4.45,3,871.3478626
2022-12-21,SEC-003,25,31.03,777.23,3.39,4.34,2,777.23412065
2022-12-21,SEC-004,34,42.98,1274.43,2.5,4.11,3,1274.4302881833332
2022-12-21,SEC-005,41,67.78,2939.63,2.43,4.26,7,2939.6361792666667
2022-12-21,SEC-006,61,52.24,2831.1,2.45,4.19,7,2831.094604
2022-12-22,SEC-001,7,72.76,530.5,2.38,4.42,2,530.5054717833333
2022-12-22,SEC-002,9,33.33,250.19,3.19,4.14,2,250.18910641666668
2022-12-22,SEC-003,27,30.68,893.36,2.96,3.99,3,893.3551746166667
2022-12-22,SEC-004,27,45.03,1206.61,2.26,4.3,2,1206.6008784
2022-12-22,SEC-005,50,74.85,4077.51,2.7,4.19,9,4077.507470083333
2022-12-22,SEC-006,39,50.0,1949.11,2.19,4.22,5,1949.1009800166669
2022-12-23,SEC-001,37,64.04,2299.25,2.23,4.18,5,2299.25729375
2022-12-23,SEC-002,75,45.64,2915.14,3.04,4.27,7,2915.13945085
2022-12-23,SEC-003,47,31.83,1500.95,3.58,4.17,3,1500.9537672666663
2022-12-23,SEC-004,21,38.48,848.68,2.41,4.37,3,848.6779961333333
2022-12-23,SEC-005,45,59.64,3031.55,2.69,4.15,8,3031.545676966666
2022-12-23,SEC-006,31,44.04,1417.18,2.04,4.26,5,1417.176318
2022-12-27,SEC-001,16,63.18,929.62,1.94,4.34,2,929.6156932333332
2022-12-27,SEC-002,15,30.4,496.94,2.75,4.12,2,496.94080285
2022-12-27,SEC-003,50,32.12,1610.49,2.76,3.99,5,1610.4855471666667
2022-12-27,SEC-004,42,46.19,1946.73,2.3,4.2,5,1946.7266128166664
2022-12-27,SEC-005,58,72.49,3767.52,2.81,4.15,8,3767.518416483333
2022-12-27,SEC-006,45,49.72,2321.64,2.53,4.15,6,2321.6324508666667
2022-12-28,SEC-001,4,55.13,220.51,1.75,4.25,2,220.51481146666663
2022-12-28,SEC-002,23,37.28,759.75,2.7,4.08,2,759.7488073999999
2022-12-28,SEC-003,15,31.69,498.59,2.74,4.07,2,498.58002625
2022-12-28,SEC-004,16,37.25,581.52,2.23,4.17,2,581.5193327
2022-12-28,SEC-005,43,67.99,2682.43,2.89,4.08,7,2682.43114135
2022-12-28,SEC-006,31,53.04,1565.92,2.35,4.18,5,1565.9148309333334
2022-12-29,SEC-001,2,54.64,109.29,2.5,4.0,1,109.2889001
2022-12-29,SEC-002,52,45.0,1966.91,2.75,4.16,5,1966.9155526666664
2022-12-29,SEC-003,28,29.53,817.69,2.76,4.08,2,817.6967683166666
2022-12-29,SEC-004,11,45.27,476.5,2.83,4.0,2,476.49624573333335
2022-12-29,SEC-005,76,76.72,5501.11,2.55,4.11,14,5501.116041616667
2022-12-29,SEC-006,39,50.96,2039.07,2.32,4.22,6,2039.0680844333333
2022-12-30,SEC-001,7,64.48,440.72,2.08,4.0,3,440.7209791833333
2022-12-30,SEC-002,57,43.49,2505.93,2.41,4.26,6,2505.9305279833334
2022-12-30,SEC-003,22,28.62,691.19,3.15,4.16,2,691.1839685333333
2022-12-30,SEC-004,40,46.34,2058.36,2.54,4.08,5,2058.357368
2022-12-30,SEC-005,44,60.22,3129.71,3.77,4.09,7,3129.6999496333333
2022-12-30,SEC-006,25,51.93,1173.62,2.36,4.28,3,1173.6149954833334
2023-01-02,SEC-001,19,59.38,1089.1,1.47,4.2,2,1089.1020955833333
2023-01-02,SEC-002,28,34.8,933.06,2.67,3.98,3,933.0488072333334
2023-01-02,SEC-003,58,34.25,1604.67,2.61,4.26,5,1604.6708365
2023-01-02,SEC-004,25,42.15,976.74,2.64,4.4,2,976.7428312
2023-01-02,SEC-005,49,63.26,3307.17,2.26,4.09,8,3307.176694866667
2023-01-02,SEC-006,58,53.13,3646.55,1.84,4.2,9,3646.5563296
2023-01-03,SEC-001,13,70.31,812.02,1.82,4.53,3,812.0183516166667
2023-01-03,SEC-002,21,36.55,721.81,2.5,4.13,2,721.8117866666666
2023-01-03,SEC-003,15,25.99,339.31,3.39,4.06,1,339.3105272166667
2023-01-03,SEC-004,60,55.33,3030.47,2.35,4.18,9,3030.47259125
2023-01-03,SEC-005,22,61.66,1631.27,2.41,4.19,4,1631.26988565
2023-01-03,SEC-006,43,49.53,2017.95,2.54,4.12,4,2017.9538566166664
2023-01-04,SEC-001,18,89.18,1194.91,1.6,4.15,4,1194.9060220666668
2023-01-04,SEC-002,62,46.6,2277.46,2.79,4.19,6,2277.4602341833333
2023-01-04,SEC-003,38,28.04,1191.72,3.52,4.07,3,1191.719996066667
2023-01-04,SEC-004,16,40.95,631.69,2.2,4.13,2,631.68921585
2023-01-04,SEC-005,30,57.74,1913.26,2.66,4.27,5,1913.257736733333
2023-01-04,SEC-006,79,57.76,5085.04,2.71,4.04,13,5085.035391383333
2023-01-05,SEC-001,8,63.32,547.73,2.25,3.92,3,547.7282521833333
2023-01-05,SEC-002,30,39.37,1090.91,2.71,4.36,3,1090.9191974166667
2023-01-05,SEC-003,41,33.97,1282.97,3.48,4.01,4,1282.97796655
2023-01-05,SEC-004,23,41.15,1045.69,1.76,3.98,3,1045.6935238166666
2023-01-05,SEC-005,44,66.14,2933.32,1.81,4.15,8,2933.3175004333334
2023-01-05,SEC-006,38,54.32,2153.6,2.34,4.13,6,2153.598723416667
2023-01-09,SEC-001,21,51.01,1048.49,1.88,4.06,4,1048.4870326333332
2023-01-09,SEC-002,35,37.8,1344.64,2.18,4.03,4,1344.6365463666666
2023-01-09,SEC-003,56,33.04,2385.1,3.0,3.97,7,2385.091950583333
2023-01-09,SEC-004,29,42.36,1168.3,2.46,4.4,3,1168.30101545
2023-01-09,SEC-005,44,72.87,3551.44,2.54,4.12,9,3551.442888716667
2023-01-09,SEC-006,32,50.24,1784.03,3.01,4.1,5,1784.0292148333333
2023-01-10,SEC-001,6,67.99,383.6,1.12,4.0,1,383.5985046
2023-01-10,SEC-002,32,36.56,1233.92,2.44,3.99,3,1233.9184035333333
2023-01-10,SEC-003,28,33.33,928.66,3.34,4.26,3,928.6588182166666
2023-01-10,SEC-004,31,49.47,1338.48,2.07,4.18,3,1338.48565235
2023-01-10,SEC-005,57,68.72,4451.83,2.61,4.21,11,4451.833424683333
2023-01-10,SEC-006,19,52.73,1042.67,2.82,4.1,3,1042.6719590166667
2023-01-11,SEC-001,17,59.11,1035.83,1.85,4.2,2,1035.8342092833334
2023-01-11,SEC-002,40,37.93,1486.35,2.26,4.4,4,1486.35729195
2023-01-11,SEC-003,32,29.62,782.54,3.2,4.3,2,782.5393031
2023-01-11,SEC-004,57,47.43,2651.29,1.67,4.15,7,2651.296542633333
2023-01-11,SEC-005,61,68.24,3957.86,3.04,4.18,10,3957.8668653666655
2023-01-11,SEC-006,26,45.36,1126.88,1.73,4.18,3,1126.8748964833333
2023-01-12,SEC-001,7,60.13,418.21,3.54,4.16,1,418.2168830833333
2023-01-12,SEC-002,22,34.86,756.04,2.59,4.27,3,756.0413544
2023-01-12,SEC-003,27,30.71,763.91,3.33,4.27,2,763.91288165
2023-01-12,SEC-004,6,41.04,225.27,1.83,4.08,1,225.2711966333333
2023-01-12,SEC-005,44,75.68,3830.3,2.43,4.15,10,3830.304740716667
2023-01-12,SEC-006,35,50.72,1654.73,2.42,4.16,4,1654.7266058166667
2023-01-13,SEC-001,7,59.25,414.98,1.75,4.2,2,414.9752283833333
2023-01-13,SEC-002,42,36.06,1421.41,2.42,4.03,4,1421.4044116333334
2023-01-13,SEC-003,37,29.48,1193.23,2.59,4.25,3,1193.23342335
2023-01-13,SEC-004,41,46.64,1578.37,2.4,3.83,3,1578.3613921666667
2023-01-13,SEC-005,47,65.42,3554.83,3.32,4.14,9,3554.8317326333336
2023-01-13,SEC-006,28,48.82,1509.93,2.19,4.29,4,1509.9262676333333
2023-01-17,SEC-001,27,66.35,1632.17,2.26,4.22,4,1632.1671667
2023-01-17,SEC-002,48,45.71,1814.81,2.55,4.36,6,1814.8125500666667
2023-01-17,SEC-003,20,26.34,572.2,2.81,4.2,3,572.20537325
2023-01-17,SEC-004,32,34.08,1073.2,2.12,4.36,4,1073.1915726333334
2023-01-17,SEC-005,42,63.97,3024.53,2.76,4.07,8,3024.5283986
2023-01-17,SEC-006,30,47.56,1819.82,2.56,4.11,5,1819.8163482333332
2023-01-18,SEC-001,5,66.13,330.66,2.8,4.2,1,330.65919775
2023-01-18,SEC-002,35,42.48,1341.66,2.25,4.11,3,1341.6526864666666
2023-01-18,SEC-003,38,30.07,1040.07,3.14,4.28,4,1040.0653637833334
2023-01-18,SEC-004,30,42.92,1196.17,2.12,4.23,3,1196.1765191333334
2023-01-18,SEC-005,85,74.93,6774.03,2.89,4.19,18,6774.033639166667
2023-01-18,SEC-006,31,51.19,1601.32,1.94,4.26,3,1601.3171225833332
2023-01-19,SEC-001,9,59.48,450.09,4.19,4.06,2,450.09036133333336
2023-01-19,SEC-002,46,44.3,1897.7,2.2,4.17,5,1897.6949619333332
2023-01-19,SEC-003,40,33.98,1364.63,2.67,4.16,4,1364.63428065
2023-01-19,SEC-004,24,39.28,867.48,2.06,4.12,3,867.4854828333333
2023-01-19,SEC-005,26,56.9,1434.67,2.64,4.16,4,1434.6679754333334
2023-01-19,SEC-006,45,54.17,2199.74,2.26,4.02,7,2199.7423736166666
2023-01-20,SEC-001,13,54.51,685.14,1.75,4.21,2,685.14256945
2023-01-20,SEC-002,36,42.79,1472.2,2.77,4.13,4,1472.1959589166663
2023-01-20,SEC-003,36,31.73,1232.61,2.92,4.08,3,1232.6142922833333
2023-01-20,SEC-004,18,39.82,811.2,2.84,4.53,1,811.2035943333333
2023-01-20,SEC-005,28,61.92,1434.78,2.55,4.17,4,1434.785924283333
2023-01-20,SEC-006,34,55.72,1866.89,2.11,4.29,5,1866.8853846666664
2023-01-23,SEC-001,24,61.18,1400.18,2.28,4.19,4,1400.187428533333
2023-01-23,SEC-002,51,42.89,2136.96,2.78,4.23,6,2136.9524655166665
2023-01-23,SEC-003,32,28.69,910.8,3.78,4.19,3,910.79561895
2023-01-23,SEC-004,33,44.44,1362.78,2.2,4.25,3,1362.7819311333333
2023-01-23,SEC-005,51,69.62,3777.16,2.44,4.33,9,3777.154632566667
2023-01-23,SEC-006,35,48.72,2178.08,1.96,4.12,6,2178.074309983333
2023-01-24,SEC-001,16,64.55,1050.3,1.86,4.11,4,1050.30752825
2023-01-24,SEC-002,16,36.77,603.94,2.84,4.27,3,603.9417642166667
2023-01-24,SEC-003,38,33.32,1404.93,2.7,4.13,4,1404.9297407333331
2023-01-24,SEC-004,15,36.81,581.78,2.82,4.26,2,581.7765629333334
2023-01-24,SEC-005,39,73.34,2524.06,2.93,4.17,8,2524.060276383333
2023-01-24,SEC-006,18,50.13,1035.21,2.18,4.05,2,1035.2149239833334
2023-01-25,SEC-001,9,61.78,533.88,2.0,4.33,2,533.8756095833334
2023-01-25,SEC-002,32,36.64,1197.45,2.3,4.2,2,1197.4460964666666
2023-01-25,SEC-003,45,34.32,1464.34,3.04,4.2,5,1464.3392957666667
2023-01-25,SEC-004,19,33.9,606.21,2.44,4.1,3,606.2139661333333
2023-01-25,SEC-005,47,70.74,3459.84,2.9,4.17,9,3459.8424045
2023-01-25,SEC-006,37,49.56,1682.41,2.27,4.2,6,1682.4173705
2023-01-26,SEC-001,4,71.6,286.39,2.75,4.25,1,286.38966963333337
2023-01-26,SEC-002,44,49.22,1850.98,2.69,4.3,5,1850.9902055833331
2023-01-26,SEC-003,29,30.37,768.03,2.8,4.1,2,768.02677915
2023-01-26,SEC-004,15,40.23,655.0,2.57,4.17,2,655.00202855
2023-01-26,SEC-005,40,66.89,3036.4,2.2,4.35,9,3036.4015133666667
2023-01-26,SEC-006,45,52.83,2549.94,2.9,4.18,7,2549.94049855
2023-01-27,SEC-001,5,68.21,341.05,3.0,4.2,1,341.04568001666667
2023-01-27,SEC-002,32,40.22,1150.05,3.11,4.26,3,1150.0529917
2023-01-27,SEC-003,16,29.08,399.5,3.21,4.03,1,399.5070315
2023-01-27,SEC-004,15,33.63,533.29,1.1,4.0,2,533.2842103666667
2023-01-27,SEC-005,39,67.58,2771.27,2.44,4.07,6,2771.273940583333
2023-01-27,SEC-006,84,56.14,4797.19,2.3,4.17,13,4797.19828385
2023-01-30,SEC-001,30,58.74,1649.26,1.92,4.12,4,1649.2616988666666
2023-01-30,SEC-002,43,39.47,1658.25,2.72,4.24,5,1658.248241516667
2023-01-30,SEC-003,58,30.45,1905.4,3.47,4.25,5,1905.4011811833332
2023-01-30,SEC-004,43,40.54,1756.93,2.44,4.03,4,1756.9320076666663
2023-01-30,SEC-005,47,56.17,2223.17,2.98,4.2,6,2223.17960985
2023-01-30,SEC-006,79,58.24,4551.32,2.55,4.26,11,4551.324778416667
2023-01-31,SEC-001,13,65.49,859.74,1.46,4.23,2,859.7387021166667
2023-01-31,SEC-002,32,37.91,1097.98,2.42,4.3,2,1097.9883541
2023-01-31,SEC-003,43,33.57,1434.6,3.44,4.31,4,1434.6050138833334
2023-01-31,SEC-004,9,32.18,294.77,3.18,4.08,1,294.7705258
2023-01-31,SEC-005,44,59.24,2581.05,2.97,4.22,7,2581.0467972666665
2023-01-31,SEC-006,20,47.12,1021.89,1.03,4.04,4,1021.8876162
2023-02-01,SEC-001,10,52.96,520.71,0.61,4.56,2,520.7163158166667
2023-02-01,SEC-002,45,42.08,2050.47,3.09,4.21,4,2050.4623570500003
2023-02-01,SEC-003,29,25.17,717.11,2.5,4.26,2,717.1111002666667
2023-02-01,SEC-004,13,46.4,490.07,3.12,4.29,1,490.0667621333333
2023-02-01,SEC-005,48,70.4,3898.22,2.2,4.14,11,3898.2216204666665
2023-02-01,SEC-006,32,51.36,1722.89,2.12,4.21,5,1722.8963289
2023-02-02,SEC-001,4,42.58,170.3,1.25,4.0,2,170.30110908333333
2023-02-02,SEC-002,23,33.28,976.47,2.63,4.21,2,976.47125765
2023-02-02,SEC-003,33,32.02,983.65,2.62,4.29,3,983.6456864833332
2023-02-02,SEC-004,18,45.0,711.36,1.61,4.24,2,711.3570589833333
2023-02-02,SEC-005,37,59.82,2754.22,2.43,4.27,7,2754.2233109
2023-02-02,SEC-006,40,56.6,2027.16,2.19,4.2,5,2027.15881865
2023-02-03,SEC-001,7,51.78,357.5,1.88,4.29,1,357.5008446833333
2023-02-03,SEC-002,59,48.89,2343.53,2.01,3.93,6,2343.529536
2023-02-03,SEC-003,27,31.15,796.31,3.4,4.18,3,796.3200244166667
2023-02-03,SEC-004,24,44.01,884.41,2.35,4.34,2,884.4125228666667
2023-02-03,SEC-005,10,48.14,516.86,3.84,4.18,2,516.8609381
2023-02-03,SEC-006,35,56.29,1742.81,2.01,4.31,5,1742.7992904333332
2023-02-06,SEC-001,17,59.84,983.58,1.82,4.14,4,983.5778956333334
2023-02-06,SEC-002,43,41.23,1496.46,2.85,4.3,4,1496.4607198166666
2023-02-06,SEC-003,63,32.32,2047.01,2.74,4.27,5,2047.0082723333333
2023-02-06,SEC-004,36,41.09,1372.35,2.13,4.25,3,1372.3432179833333
2023-02-06,SEC-005,70,69.84,5325.62,2.4,4.03,13,5325.615036033333
2023-02-06,SEC-006,45,50.6,2016.44,2.26,4.4,5,2016.4420355
2023-02-07,SEC-001,14,66.06,924.91,2.28,4.0,3,924.9091044
2023-02-07,SEC-002,34,42.27,1553.98,2.99,4.21,4,1553.9864315666666
2023-02-07,SEC-003,9,21.24,190.59,2.42,4.16,1,190.59278068333333
2023-02-07,SEC-004,32,44.78,1322.97,2.42,4.09,4,1322.9673568833334
2023-02-07,SEC-005,16,59.63,959.03,2.44,4.21,2,959.0279657666666
2023-02-07,SEC-006,54,58.64,2904.33,1.95,4.28,7,2904.326876166667
2023-02-08,SEC-001,6,69.42,382.38,1.5,4.12,1,382.37905746666667
2023-02-08,SEC-002,24,42.55,957.39,2.28,4.16,3,957.39467925
2023-02-08,SEC-003,21,29.76,668.51,2.78,4.22,2,668.5136486666667
2023-02-08,SEC-004,21,48.75,750.19,2.0,4.19,2,750.18769165
2023-02-08,SEC-005,30,59.92,1795.41,2.64,4.33,6,1795.4103923666669
2023-02-08,SEC-006,46,54.37,2390.96,2.02,4.12,7,2390.956261483333
2023-02-09,SEC-001,13,47.55,618.21,1.31,4.23,3,618.2149255
2023-02-09,SEC-002,27,37.73,1137.45,1.52,4.33,2,1137.4493851
2023-02-09,SEC-003,40,38.89,1409.8,2.84,4.13,4,1409.7947203833332
2023-02-09,SEC-004,33,46.56,1423.95,2.44,4.18,5,1423.9415254
2023-02-09,SEC-005,34,71.28,2749.99,2.5,4.14,6,2749.9934365
2023-02-09,SEC-006,23,50.76,1266.47,2.12,4.22,4,1266.4806943666667
2023-02-10,SEC-001,11,51.27,575.01,1.8,4.06,1,575.012149
2023-02-10,SEC-002,40,40.33,1452.11,1.66,4.25,3,1452.11384475
2023-02-10,SEC-003,47,31.03,1520.25,3.35,4.1,4,1520.253062
2023-02-10,SEC-004,23,45.77,913.11,2.18,4.07,3,913.1091876666668
2023-02-10,SEC-005,44,58.78,3119.45,3.29,4.16,8,3119.4490434333334
2023-02-10,SEC-006,63,55.56,3504.33,2.18,4.19,9,3504.33068725
2023-02-13,SEC-001,28,68.08,1793.63,1.8,4.34,5,1793.624475566667
2023-02-13,SEC-002,69,39.29,2397.07,2.84,4.06,5,2397.0749218666665
2023-02-13,SEC-003,43,30.96,1165.79,3.45,4.13,3,1165.7920762
2023-02-13,SEC-004,28,41.51,1188.22,2.17,3.97,4,1188.2191041666667
2023-02-13,SEC-005,73,68.07,5373.98,2.96,4.1,13,5373.968283216666
2023-02-13,SEC-006,92,54.71,5091.03,2.87,4.12,12,5091.030726933333
2023-02-14,SEC-001,9,55.6,494.43,1.78,4.39,1,494.4344197
2023-02-14,SEC-002,38,43.6,1477.67,2.46,4.13,4,1477.67055965
2023-02-14,SEC-003,31,32.4,917.91,2.86,4.03,4,917.91817445
2023-02-14,SEC-004,18,38.13,715.56,2.52,4.21,2,715.5570578166667
2023-02-14,SEC-005,20,52.56,1086.39,2.19,4.16,3,1086.3892716166663
2023-02-14,SEC-006,24,48.68,1361.05,2.26,4.17,4,1361.0632198833334
2023-02-15,SEC-001,9,56.79,470.98,2.0,4.36,1,470.9821828666667
2023-02-15,SEC-002,51,46.21,2067.59,2.23,4.03,5,2067.596360533333
2023-02-15,SEC-003,17,24.9,388.84,3.94,4.03,2,388.8465697833333
2023-02-15,SEC-004,28,43.87,1297.12,1.68,4.21,5,1297.1152992333334
2023-02-15,SEC-005,50,66.89,3566.95,2.49,4.22,8,3566.9476311666667
2023-02-15,SEC-006,30,45.01,1419.01,2.1,4.08,4,1419.00606405
2023-02-16,SEC-001,19,63.03,1166.5,2.15,4.18,4,1166.5013459166669
2023-02-16,SEC-002,42,41.93,1590.75,2.76,4.23,4,1590.74506095
2023-02-16,SEC-003,32,30.48,964.9,3.13,4.16,4,964.89822655
2023-02-16,SEC-004,18,40.0,735.47,1.31,4.26,1,735.4679380666666
2023-02-16,SEC-005,26,56.12,1833.64,2.63,4.17,5,1833.6334985666667
2023-02-16,SEC-006,54,54.63,3165.04,2.4,4.11,8,3165.0308849666667
2023-02-17,SEC-001,20,69.28,1350.38,1.69,4.14,4,1350.3731013333334
2023-02-17,SEC-002,34,39.6,1193.36,3.03,4.18,3,1193.3674285
2023-02-17,SEC-003,37,31.99,936.86,1.93,4.08,3,936.8546588333334
2023-02-17,SEC-004,12,48.24,422.7,2.15,4.46,2,422.6976325
2023-02-17,SEC-005,28,57.93,1707.05,2.46,4.29,5,1707.0470562333333
2023-02-17,SEC-006,61,53.56,3476.09,2.28,4.2,9,3476.0854433
2023-02-20,SEC-001,22,59.56,1237.32,1.58,3.99,4,1237.31966225
2023-02-20,SEC-002,54,38.97,2126.42,2.74,4.32,6,2126.4234258666665
2023-02-20,SEC-003,47,32.12,1339.52,2.47,4.21,3,1339.52330555
2023-02-20,SEC-004,28,40.76,1237.55,2.06,4.05,3,1237.54793865
2023-02-20,SEC-005,43,62.17,2690.06,2.75,4.28,7,2690.060905383333
2023-02-20,SEC-006,45,53.61,2462.34,2.26,4.22,7,2462.3402978
2023-02-21,SEC-001,9,56.58,512.17,1.85,4.12,2,512.1707077833333
2023-02-21,SEC-002,24,39.29,930.5,2.6,4.28,4,930.4946715166668
2023-02-21,SEC-003,22,31.2,640.39,3.93,4.15,2,640.3840493833334
2023-02-21,SEC-004,12,41.37,421.18,2.27,4.26,2,421.1729986
2023-02-21,SEC-005,52,71.0,4012.12,2.57,4.18,10,4012.116749633333
2023-02-21,SEC-006,53,53.69,3016.94,2.7,4.17,8,3016.9320060833334
2023-02-22,SEC-001,9,54.22,459.0,1.66,4.0,2,458.9985464333333
2023-02-22,SEC-002,40,40.21,1753.91,3.04,4.22,5,1753.91260565
2023-02-22,SEC-003,27,29.92,781.22,2.99,4.14,2,781.2134272166667
2023-02-22,SEC-004,29,45.75,1447.99,1.89,4.18,4,1447.9953581
2023-02-22,SEC-005,29,54.9,1749.18,2.36,4.28,5,1749.1778012
2023-02-22,SEC-006,39,51.82,1921.86,2.59,4.16,5,1921.8614014166667
2023-02-23,SEC-001,5,55.2,282.01,0.84,4.0,2,282.0041043166667
2023-02-23,SEC-002,25,37.15,896.99,1.79,4.32,3,896.9904613333333
2023-02-23,SEC-003,26,29.91,746.68,2.52,4.21,3,746.6752161333334
2023-02-23,SEC-004,24,42.13,978.32,1.86,4.16,2,978.3264054666666
2023-02-23,SEC-005,65,65.97,4832.91,2.56,4.28,12,4832.917535516666
2023-02-23,SEC-006,60,54.4,3338.41,2.28,4.1,9,3338.400355033333
2023-02-24,SEC-001,11,71.99,654.34,1.14,4.06,2,654.34059465
2023-02-24,SEC-002,29,46.13,1425.76,2.6,4.22,3,1425.7691686666667
2023-02-24,SEC-003,8,25.94,179.65,5.56,4.39,2,179.65528328333332
2023-02-24,SEC-004,29,47.51,1458.87,2.05,4.47,4,1458.8672099833334
2023-02-24,SEC-005,25,58.68,1787.78,2.42,4.02,6,1787.7839367
2023-02-24,SEC-006,24,39.22,1187.14,1.49,4.06,3,1187.13201315
2023-02-27,SEC-001,12,62.05,722.84,2.67,4.14,1,722.8401848333333
2023-02-27,SEC-002,44,39.73,1708.08,2.32,4.02,5,1708.0763629333333
2023-02-27,SEC-003,38,30.08,1126.51,3.27,4.21,4,1126.5104025833334
2023-02-27,SEC-004,112,54.07,4896.18,2.11,4.13,11,4896.189238416667
2023-02-27,SEC-005,67,65.58,3606.59,2.83,4.21,8,3606.5955708833335
2023-02-27,SEC-006,43,48.91,2124.94,2.28,4.06,6,2124.9327154666667
2023-02-28,SEC-001,22,67.81,1387.67,2.22,4.28,4,1387.66927745
2023-02-28,SEC-002,35,37.94,1205.53,2.9,4.41,4,1205.52180775
2023-02-28,SEC-003,32,30.67,925.63,3.3,3.91,3,925.6311936166668
2023-02-28,SEC-004,17,43.59,593.39,2.58,4.15,2,593.3872627000001
2023-02-28,SEC-005,36,59.72,2089.04,2.89,4.32,5,2089.042062666667
2023-02-28,SEC-006,75,57.14,4031.0,2.44,4.19,10,4031.001212233333
2023-03-01,SEC-001,14,57.13,776.25,2.31,4.16,2,776.2522083
2023-03-01,SEC-002,33,41.18,1277.03,2.6,4.3,3,1277.0366568666666
2023-03-01,SEC-003,38,32.63,1290.49,2.79,4.22,5,1290.4923101
2023-03-01,SEC-004,8,36.53,299.12,1.92,4.53,1,299.11523385000004
2023-03-01,SEC-005,25,54.72,1709.24,2.15,4.0,5,1709.2411779
2023-03-01,SEC-006,22,47.93,914.17,2.14,4.25,3,914.1736371666668
2023-03-02,SEC-001,11,56.21,614.35,1.75,4.44,1,614.3459228333334
2023-03-02,SEC-002,19,24.5,481.37,2.47,4.09,2,481.3725755833333
2023-03-02,SEC-003,45,33.22,1462.1,2.95,4.27,4,1462.0989049166667
2023-03-02,SEC-004,41,44.25,1480.65,1.84,4.24,4,1480.65004155
2023-03-02,SEC-005,41,60.39,2660.36,3.26,4.14,7,2660.3599005
2023-03-02,SEC-006,48,54.19,2838.15,2.54,4.24,8,2838.1437815
2023-03-03,SEC-001,19,66.65,1207.22,2.05,4.14,2,1207.2168919833334
2023-03-03,SEC-002,45,38.48,1689.69,2.74,4.24,5,1689.6936403666666
2023-03-03,SEC-003,33,32.91,1064.85,3.06,4.08,2,1064.84765795
2023-03-03,SEC-004,20,41.66,700.53,1.79,4.22,3,700.5301790999999
2023-03-03,SEC-005,33,57.3,1818.06,2.56,4.25,5,1818.0704065
2023-03-03,SEC-006,50,50.59,2342.03,2.56,4.22,5,2342.0257044833334
2023-03-06,SEC-001,23,58.72,1277.43,1.82,4.39,4,1277.4285162833332
2023-03-06,SEC-002,103,44.68,4706.95,2.49,4.22,12,4706.954887016666
2023-03-06,SEC-003,49,31.02,1274.43,2.76,4.17,4,1274.4396743
2023-03-06,SEC-004,30,41.56,1112.39,2.12,4.18,3,1112.38993025
2023-03-06,SEC-005,22,56.39,999.54,2.16,4.27,3,999.53581975
2023-03-06,SEC-006,68,51.52,3581.76,2.13,4.18,10,3581.759908633333
2023-03-07,SEC-001,20,59.64,1192.72,2.2,4.3,3,1192.72230945
2023-03-07,SEC-002,34,42.11,1351.05,2.3,4.12,4,1351.0514625833334
2023-03-07,SEC-003,36,31.61,971.23,3.01,4.09,2,971.2299799833334
2023-03-07,SEC-004,16,35.49,673.84,2.55,4.0,3,673.8374919833334
2023-03-07,SEC-005,36,61.46,2041.53,2.65,4.12,4,2041.5304003
2023-03-07,SEC-006,45,57.16,2872.38,1.8,4.11,7,2872.37201405
2023-03-08,SEC-001,23,67.74,1449.79,1.82,4.36,4,1449.7890299833334
2023-03-08,SEC-002,45,42.55,1813.55,3.19,4.13,5,1813.54213995
2023-03-08,SEC-003,23,29.06,622.16,2.84,4.34,2,622.1688751333334
2023-03-08,SEC-004,25,41.36,1033.97,2.43,4.17,3,1033.9756350166667
2023-03-08,SEC-005,24,56.47,1477.02,2.48,4.03,4,1477.0163080666666
2023-03-08,SEC-006,28,50.82,1328.23,2.05,4.1,3,1328.24021395
2023-03-09,SEC-001,20,69.8,1205.75,2.11,4.34,2,1205.7507748
2023-03-09,SEC-002,37,39.67,1507.09,3.66,4.24,3,1507.1014205166666
2023-03-09,SEC-003,28,32.17,789.44,2.78,4.1,1,789.4389745333333
2023-03-09,SEC-004,22,39.1,790.92,2.08,4.14,2,790.92311575
2023-03-09,SEC-005,13,57.21,795.82,2.47,4.21,2,795.8060834833334
2023-03-09,SEC-006,68,54.64,3719.65,2.2,4.15,9,3719.6366602666662
2023-03-10,SEC-001,18,53.54,886.62,1.43,4.0,4,886.62269595
2023-03-10,SEC-002,33,43.42,1340.76,3.56,4.18,5,1340.7670000166668
2023-03-10,SEC-003,19,24.05,478.43,2.72,4.29,3,478.42590655
2023-03-10,SEC-004,31,47.34,1699.72,2.11,4.16,5,1699.7214758166667
2023-03-10,SEC-005,31,69.74,2319.71,2.93,3.97,7,2319.7183459666667
2023-03-10,SEC-006,29,49.26,1478.61,2.12,4.26,5,1478.6159889833334
2023-03-13,SEC-001,12,68.6,653.33,2.5,4.59,3,653.3285655
2023-03-13,SEC-002,82,51.02,3400.77,3.01,4.25,9,3400.7792065
2023-03-13,SEC-003,45,31.87,1345.73,2.92,4.23,3,1345.7297498833334
2023-03-13,SEC-004,39,39.58,1528.62,2.12,4.08,4,1528.6159704833333
2023-03-13,SEC-005,33,55.06,1969.56,3.17,4.25,6,1969.56069765
2023-03-13,SEC-006,61,52.81,3813.7,2.58,4.16,10,3813.710468183333
2023-03-14,SEC-001,7,67.13,445.29,2.5,4.0,2,445.28528946666665
2023-03-14,SEC-002,40,43.0,1722.94,2.14,4.11,4,1722.9398408
2023-03-14,SEC-003,26,34.78,798.79,3.09,4.12,1,798.7874346333333
2023-03-14,SEC-004,6,37.83,218.76,1.5,4.0,1,218.76368713333332
2023-03-14,SEC-005,19,61.1,1163.59,2.13,4.07,3,1163.595987916667
2023-03-14,SEC-006,39,53.54,2019.83,2.16,4.11,5,2019.8295795666668
2023-03-15,SEC-001,8,56.58,452.72,2.0,4.0,1,452.71595148333336
2023-03-15,SEC-002,44,45.81,1685.93,2.73,4.26,5,1685.9231442
2023-03-15,SEC-003,13,31.59,376.75,3.62,4.1,1,376.75179206666667
2023-03-15,SEC-004,17,42.89,680.14,2.33,4.15,2,680.1408047333333
2023-03-15,SEC-005,49,67.48,3558.32,2.49,4.23,9,3558.32925255
2023-03-15,SEC-006,35,54.02,2098.32,2.08,4.33,6,2098.3248950666666
2023-03-16,SEC-001,13,57.58,726.59,1.71,4.22,2,726.5902178
2023-03-16,SEC-002,37,44.03,1450.04,3.12,4.26,4,1450.0395414
2023-03-16,SEC-003,11,28.21,310.12,3.61,4.19,1,310.1172250166667
2023-03-16,SEC-004,18,32.84,584.29,2.78,4.11,3,584.2886693333334
2023-03-16,SEC-005,29,64.52,1673.68,2.38,4.07,3,1673.673954633333
2023-03-16,SEC-006,24,52.43,1435.84,2.24,4.35,5,1435.8499663666666
2023-03-17,SEC-001,7,61.74,443.86,1.5,4.0,2,443.8633788333333
2023-03-17,SEC-002,35,39.82,1322.69,2.51,4.21,5,1322.6834831333333
2023-03-17,SEC-003,27,32.31,725.15,2.94,4.21,1,725.1492993666667
2023-03-17,SEC-004,23,45.83,946.82,2.31,4.1,2,946.8152597166668
2023-03-17,SEC-005,27,63.63,1938.8,2.18,4.04,6,1938.8036757333332
2023-03-17,SEC-006,33,52.71,1658.28,2.28,4.2,4,1658.2922956666666
2023-03-20,SEC-001,15,62.42,889.91,2.45,4.05,3,889.90377255
2023-03-20,SEC-002,63,41.23,2903.91,2.38,4.28,6,2903.9128610666667
2023-03-20,SEC-003,49,30.91,1302.65,2.52,4.2,4,1302.6423430333334
2023-03-20,SEC-004,17,32.84,536.99,2.28,4.38,2,536.9873725833334
2023-03-20,SEC-005,39,62.9,2571.44,3.49,4.2,8,2571.43731995
2023-03-20,SEC-006,57,56.44,3065.37,2.4,4.13,8,3065.3728009
2023-03-21,SEC-001,15,63.56,821.62,1.75,4.19,2,821.6164915166667
2023-03-21,SEC-002,28,42.18,1228.29,2.26,4.21,3,1228.29060425
2023-03-21,SEC-003,16,28.23,428.51,2.92,4.13,1,428.5022546833333
2023-03-21,SEC-004,30,40.63,1195.06,2.43,4.3,3,1195.0580735166666
2023-03-21,SEC-005,29,63.55,1904.69,2.41,4.2,5,1904.6949390166667
2023-03-21,SEC-006,30,51.94,1630.44,2.0,4.28,4,1630.4334462166669
2023-03-22,SEC-001,11,62.92,605.75,3.15,4.1,2,605.7517950166666
2023-03-22,SEC-002,22,34.69,714.07,2.36,4.09,2,714.0692928333333
2023-03-22,SEC-003,40,34.99,1330.89,2.85,4.13,4,1330.8819585166666
2023-03-22,SEC-004,10,33.38,349.32,1.72,4.31,1,349.3173763
2023-03-22,SEC-005,29,61.47,2075.37,3.69,4.08,5,2075.3697476166667
2023-03-22,SEC-006,29,56.08,1311.04,2.44,4.26,3,1311.0402473166666
2023-03-23,SEC-001,31,65.35,1973.29,2.68,4.14,5,1973.28431915
2023-03-23,SEC-002,25,39.1,870.08,2.93,4.14,4,870.07648685
2023-03-23,SEC-003,46,35.18,1461.39,3.4,4.29,5,1461.3945637
2023-03-23,SEC-004,16,36.64,477.94,2.2,4.1,1,477.9373130333333
2023-03-23,SEC-005,24,51.95,1476.8,2.54,4.16,4,1476.7960112166668
2023-03-23,SEC-006,38,51.9,1949.11,2.04,4.28,4,1949.1134693166664
2023-03-24,SEC-001,11,59.4,618.35,2.12,4.19,3,618.3402234833334
2023-03-24,SEC-002,47,48.15,1872.91,2.78,3.79,5,1872.9090309666667
2023-03-24,SEC-003,26,29.15,793.46,2.98,4.26,2,793.46874115
2023-03-24,SEC-004,34,45.92,1415.88,1.99,4.3,3,1415.8862690833334
2023-03-24,SEC-005,40,70.87,2920.63,2.61,4.16,7,2920.628648483333
2023-03-24,SEC-006,16,49.36,674.44,2.28,4.24,3,674.4381831333334
2023-03-27,SEC-001,22,59.64,1278.41,2.84,4.3,4,1278.41242535
2023-03-27,SEC-002,40,43.08,1815.9,3.24,4.22,5,1815.9026841833331
2023-03-27,SEC-003,55,34.87,1953.37,2.6,4.23,5,1953.368072
2023-03-27,SEC-004,19,43.42,658.24,1.63,4.04,2,658.2368087333333
2023-03-27,SEC-005,37,55.78,2201.78,3.32,4.14,5,2201.77882535
2023-03-27,SEC-006,57,55.68,3014.18,1.74,4.16,8,3014.1753901
2023-03-28,SEC-001,18,68.47,1191.45,2.12,4.12,3,1191.4442562666666
2023-03-28,SEC-002,38,43.65,1870.24,3.1,4.12,5,1870.2298993
2023-03-28,SEC-003,33,31.96,1116.31,3.4,4.17,4,1116.3123731166668
2023-03-28,SEC-004,32,42.04,1192.28,2.6,4.09,3,1192.2716410166668
2023-03-28,SEC-005,71,73.23,5695.72,2.45,4.08,14,5695.721929683334
2023-03-28,SEC-006,17,41.45,751.3,2.64,4.19,2,751.2877947833333
2023-03-29,SEC-001,18,75.76,1009.41,0.91,4.62,4,1009.40509845
2023-03-29,SEC-002,52,45.3,2085.18,2.76,4.26,5,2085.1800271
2023-03-29,SEC-003,22,29.39,679.8,2.97,4.04,2,679.8017973833333
2023-03-29,SEC-004,23,38.94,916.22,1.3,4.26,3,916.2189251166668
2023-03-29,SEC-005,35,57.06,2165.12,2.36,4.2,5,2165.1207737833333
2023-03-29,SEC-006,53,55.74,3188.57,2.1,4.28,9,3188.5713879833334
2023-03-30,SEC-001,13,53.96,716.46,1.82,4.09,2,716.4573495
2023-03-30,SEC-002,22,36.0,802.58,2.96,4.21,3,802.5816404833333
2023-03-30,SEC-003,31,31.52,837.95,2.98,4.06,2,837.9442074666666
2023-03-30,SEC-004,28,43.34,1215.44,2.34,4.11,3,1215.4338101666667
2023-03-30,SEC-005,27,51.94,1660.24,3.04,4.31,5,1660.23968325
2023-03-30,SEC-006,47,57.29,2466.23,2.07,4.16,6,2466.2251802
2023-03-31,SEC-001,4,54.09,219.62,2.0,4.0,1,219.61319345
2023-03-31,SEC-002,21,37.12,802.17,3.03,4.28,2,802.1688671333334
2023-03-31,SEC-003,50,33.49,1588.71,2.71,4.34,4,1588.7145667333334
2023-03-31,SEC-004,24,40.97,849.83,2.73,4.06,4,849.8271596
2023-03-31,SEC-005,23,64.85,1309.71,2.21,4.01,4,1309.71686985
2023-03-31,SEC-006,44,54.93,2407.52,3.03,4.32,6,2407.5166302
2023-04-03,SEC-001,10,58.58,570.78,3.5,4.29,1,570.7817538166667
2023-04-03,SEC-002,64,38.84,2654.84,2.95,4.16,7,2654.841558633333
2023-04-03,SEC-003,37,27.49,970.09,3.36,4.11,3,970.0922213833334
2023-04-03,SEC-004,41,41.36,1648.09,2.4,4.22,4,1648.0890983666668
2023-04-03,SEC-005,101,72.35,7521.03,2.73,4.16,18,7521.032737616667
2023-04-03,SEC-006,65,48.22,3153.77,2.32,4.14,9,3153.7697715166664
2023-04-04,SEC-001,6,61.62,367.22,2.25,4.38,1,367.2128683
2023-04-04,SEC-002,55,39.16,1846.59,1.74,4.32,5,1846.5998185333333
2023-04-04,SEC-003,21,28.97,647.08,4.07,4.2,2,647.09046315
2023-04-04,SEC-004,32,44.05,1449.65,1.82,3.97,3,1449.6493524666666
2023-04-04,SEC-005,20,53.97,1250.24,2.64,4.05,3,1250.2416526666666
2023-04-04,SEC-006,74,56.88,4407.53,2.18,4.19,11,4407.52665565
2023-04-06,SEC-001,12,56.54,666.22,3.0,4.35,2,666.2203448333333
2023-04-06,SEC-002,64,44.47,2368.38,2.48,4.25,6,2368.3818765666665
2023-04-06,SEC-003,41,30.9,1224.34,2.61,4.12,3,1224.34396995
2023-04-06,SEC-004,21,50.97,837.76,1.96,4.19,2,837.7650424333333
2023-04-06,SEC-005,23,58.91,1345.32,2.74,4.25,4,1345.3188846666667
2023-04-06,SEC-006,53,53.89,2503.27,2.04,4.12,6,2503.2715433333333
2023-04-10,SEC-001,26,64.35,1629.67,1.84,4.11,4,1629.66885975
2023-04-10,SEC-002,62,42.56,2523.55,2.32,4.15,6,2523.5572078166665
2023-04-10,SEC-003,28,31.2,941.87,2.56,4.19,2,941.8694167666666
2023-04-10,SEC-004,18,31.41,556.48,2.19,4.1,2,556.4861037833333
2023-04-10,SEC-005,40,58.37,2348.48,2.54,4.13,7,2348.481693216667
2023-04-10,SEC-006,59,54.48,3523.2,2.3,4.18,9,3523.208159566667
2023-04-11,SEC-001,20,60.83,1114.93,1.5,4.28,3,1114.934362
2023-04-11,SEC-002,34,42.21,1482.08,2.49,4.27,5,1482.0769525
2023-04-11,SEC-003,26,29.82,763.88,2.83,4.0,1,763.8862505
2023-04-11,SEC-004,25,50.41,956.12,2.22,4.24,3,956.1146545166666
2023-04-11,SEC-005,27,61.74,1550.66,2.63,4.22,4,1550.659459083333
2023-04-11,SEC-006,15,48.52,810.98,2.2,4.2,2,810.9772155666666
2023-04-12,SEC-001,9,49.94,457.06,1.69,4.12,2,457.06671655
2023-04-12,SEC-002,44,41.94,1927.87,2.64,4.22,4,1927.87350455
2023-04-12,SEC-003,33,28.0,886.89,2.98,4.45,4,886.8868004833333
2023-04-12,SEC-004,12,35.23,427.28,2.16,4.22,1,427.27655941666666
2023-04-12,SEC-005,29,59.47,1792.97,2.89,4.2,4,1792.9709620833332
2023-04-12,SEC-006,61,56.62,3340.29,2.45,4.28,8,3340.295268316667
2023-04-17,SEC-001,26,67.32,1590.99,1.98,4.24,4,1590.98137085
2023-04-17,SEC-002,33,34.54,1147.57,2.8,4.26,3,1147.5595157333332
2023-04-17,SEC-003,33,29.81,1013.91,3.06,4.32,3,1013.9111709333332
2023-04-17,SEC-004,38,46.51,1506.13,2.33,4.2,4,1506.1265163666667
2023-04-17,SEC-005,35,61.69,1774.07,1.81,4.07,5,1774.0599130666667
2023-04-17,SEC-006,49,58.6,2913.53,2.54,4.06,7,2913.5350542666665
2023-04-18,SEC-001,7,73.16,443.65,1.58,4.16,2,443.6415535
2023-04-18,SEC-002,28,41.41,1165.66,2.27,4.12,2,1165.6626103333333
2023-04-18,SEC-003,35,32.7,1115.1,2.9,4.2,4,1115.0976976833333
2023-04-18,SEC-004,11,42.03,380.57,1.53,4.53,1,380.5644358166667
2023-04-18,SEC-005,27,58.43,1425.68,2.36,4.07,4,1425.6781676333333
2023-04-18,SEC-006,53,55.45,2984.37,2.58,4.19,8,2984.3697738
2023-04-19,SEC-001,18,60.17,1027.37,2.08,4.33,3,1027.3715317333333
2023-04-19,SEC-002,29,42.21,1357.26,2.28,4.4,4,1357.2608
2023-04-19,SEC-003,19,32.38,479.46,2.33,4.09,2,479.4527003333333
2023-04-19,SEC-004,23,48.71,861.66,2.28,4.21,4,861.6638899333333
2023-04-19,SEC-005,31,57.67,1692.81,2.51,4.14,5,1692.8081478833333
2023-04-19,SEC-006,43,52.66,2451.31,2.55,4.09,6,2451.30361035
2023-04-20,SEC-001,9,60.15,509.75,2.08,3.92,1,509.75227875
2023-04-20,SEC-002,34,39.7,1117.86,2.05,4.15,3,1117.8607253333334
2023-04-20,SEC-003,34,26.55,916.62,2.9,4.09,3,916.6220714833332
2023-04-20,SEC-004,44,47.64,1797.24,1.9,4.12,5,1797.2339291
2023-04-20,SEC-005,25,55.12,1382.64,2.58,4.12,3,1382.644209
2023-04-20,SEC-006,68,59.32,4283.37,2.06,4.2,11,4283.37000645
2023-04-21,SEC-001,12,54.18,662.76,1.57,4.14,3,662.7509295166667
2023-04-21,SEC-002,46,55.04,1964.93,2.81,4.2,5,1964.92589245
2023-04-21,SEC-003,34,32.43,1014.85,3.31,3.99,3,1014.8501598333334
2023-04-21,SEC-004,14,41.28,539.3,1.97,4.24,2,539.2941485333333
2023-04-21,SEC-005,15,60.18,937.13,2.26,4.21,4,937.1316761666668
2023-04-21,SEC-006,28,57.66,1592.48,2.45,4.11,4,1592.48762155
2023-04-24,SEC-001,25,69.32,1437.07,1.54,4.04,4,1437.07154145
2023-04-24,SEC-002,54,41.98,2156.71,2.61,4.26,5,2156.7056478166664
2023-04-24,SEC-003,60,32.06,1753.81,3.48,4.1,6,1753.8029712333334
2023-04-24,SEC-004,45,48.14,1761.6,2.46,4.39,4,1761.60219615
2023-04-24,SEC-005,21,48.56,1178.77,2.5,4.5,3,1178.76488045
2023-04-24,SEC-006,60,50.8,3242.31,1.94,4.45,7,3242.313191466667
2023-04-25,SEC-001,10,52.78,527.78,2.2,4.0,3,527.7805355666667
2023-04-25,SEC-002,30,36.96,1090.48,2.8,4.15,3,1090.4756884166666
2023-04-25,SEC-003,9,23.15,196.42,3.0,4.08,1,196.41344581666667
2023-04-25,SEC-004,33,48.78,1416.87,2.28,4.3,4,1416.8716728666666
2023-04-25,SEC-005,15,51.85,817.16,2.86,4.34,2,817.1486876666667
2023-04-25,SEC-006,30,56.34,1779.65,2.77,4.27,5,1779.6413950666667
2023-04-26,SEC-001,11,60.84,658.94,1.55,4.27,2,658.9320699166667
2023-04-26,SEC-002,42,39.51,1604.78,2.56,4.15,5,1604.7706132166666
2023-04-26,SEC-003,13,30.55,348.15,2.18,4.32,1,348.14860795
2023-04-26,SEC-004,49,49.0,1984.53,2.01,4.12,6,1984.5212259833331
2023-04-26,SEC-005,51,64.81,3513.83,2.64,4.11,8,3513.8278443333334
2023-04-26,SEC-006,36,50.01,1869.16,1.99,4.32,5,1869.1573603
2023-04-27,SEC-001,12,56.66,679.99,2.58,4.33,2,679.9876923333334
2023-04-27,SEC-002,18,32.46,537.25,2.02,4.2,2,537.25138145
2023-04-27,SEC-003,11,27.12,298.4,3.0,4.42,2,298.39828565
2023-04-27,SEC-004,23,39.09,818.73,2.47,3.94,2,818.7207410166667
2023-04-27,SEC-005,39,71.33,3298.33,3.19,4.12,9,3298.329395816667
2023-04-27,SEC-006,42,55.14,2180.73,2.09,4.16,6,2180.72557965
2023-04-28,SEC-001,30,66.87,1779.17,2.04,4.28,4,1779.17054785
2023-04-28,SEC-002,26,34.44,839.28,1.73,4.18,1,839.2803364333333
2023-04-28,SEC-003,37,31.02,966.65,2.71,4.3,3,966.6395911333334
2023-04-28,SEC-004,20,32.86,574.96,2.55,4.09,2,574.9591716166667
2023-04-28,SEC-005,41,64.45,2913.78,2.63,4.24,8,2913.779848516667
2023-04-28,SEC-006,62,58.39,3423.17,2.67,4.29,10,3423.16883345
2023-05-02,SEC-001,19,61.07,1012.59,2.28,4.08,3,1012.5893717
2023-05-02,SEC-002,48,40.31,1900.01,2.72,4.16,5,1900.0057984166667
2023-05-02,SEC-003,65,32.29,2093.01,3.36,4.2,6,2093.0115187666665
2023-05-02,SEC-004,8,42.99,396.51,3.2,4.33,1,396.51440455
2023-05-02,SEC-005,76,64.3,5132.6,2.62,4.15,13,5132.601740683333
2023-05-02,SEC-006,80,49.66,3845.92,2.45,4.26,10,3845.9177548166663
2023-05-03,SEC-001,15,56.32,840.89,1.7,4.27,3,840.8847684166666
2023-05-03,SEC-002,37,41.56,1319.03,2.2,4.32,4,1319.02218595
2023-05-03,SEC-003,37,33.7,1172.28,2.81,4.1,4,1172.2782482166667
2023-05-03,SEC-004,16,34.21,523.59,2.98,4.17,2,523.5882952666667
2023-05-03,SEC-005,28,55.49,1631.03,2.65,4.11,5,1631.03741705
2023-05-03,SEC-006,39,51.78,2092.35,1.98,4.21,5,2092.353693
2023-05-04,SEC-001,3,49.44,143.09,1.25,3.75,1,143.09632905
2023-05-04,SEC-002,46,40.36,1671.87,2.51,4.05,4,1671.8668037
2023-05-04,SEC-003,26,29.32,805.37,2.82,4.11,3,805.3641610333333
2023-05-04,SEC-004,11,39.94,408.49,2.38,4.13,1,408.49183208333335
2023-05-04,SEC-005,33,64.97,1756.48,3.22,4.23,4,1756.4712026
2023-05-04,SEC-006,45,52.65,2472.98,2.68,4.38,6,2472.9790291166664
2023-05-08,SEC-001,51,73.16,3477.01,2.58,4.08,9,3477.010210466666
2023-05-08,SEC-002,48,45.36,1740.31,2.54,4.18,5,1740.31023915
2023-05-08,SEC-003,20,24.82,476.84,3.06,4.09,3,476.8346677833333
2023-05-08,SEC-004,45,47.19,1937.53,2.52,4.03,4,1937.5263620666667
2023-05-08,SEC-005,34,51.68,2005.72,2.67,4.03,5,2005.7284577166668
2023-05-08,SEC-006,60,52.12,3121.51,2.18,4.29,8,3121.5083580833334
2023-05-09,SEC-001,36,75.72,2453.49,2.24,4.31,6,2453.4969876
2023-05-09,SEC-002,46,45.84,1796.22,3.04,4.24,5,1796.209920583333
2023-05-09,SEC-003,29,32.95,868.28,2.66,4.18,3,868.2765654333333
2023-05-09,SEC-004,19,34.4,579.0,2.61,4.21,2,579.0039161666666
2023-05-09,SEC-005,19,60.58,994.63,3.52,4.23,3,994.62520845
2023-05-09,SEC-006,31,51.78,1569.49,2.4,4.39,5,1569.4881273
2023-05-10,SEC-001,14,59.74,843.1,1.81,4.12,3,843.0936215833333
2023-05-10,SEC-002,29,35.98,1040.18,2.48,4.08,4,1040.1899832
2023-05-10,SEC-003,30,32.9,909.8,2.68,4.23,3,909.8011060833334
2023-05-10,SEC-004,22,32.19,695.99,2.31,4.14,1,695.9937330333333
2023-05-10,SEC-005,36,69.02,2850.84,3.23,4.14,7,2850.8450969833334
2023-05-10,SEC-006,46,53.43,2425.01,2.52,4.14,6,2425.0058296
2023-05-11,SEC-001,24,64.91,1550.5,2.18,4.3,5,1550.5008863
2023-05-11,SEC-002,30,37.89,1084.11,2.81,4.16,3,1084.1096915166668
2023-05-11,SEC-003,28,30.71,767.3,3.42,4.23,2,767.30679805
2023-05-11,SEC-004,17,39.54,693.55,2.02,4.24,1,693.5450903
2023-05-11,SEC-005,10,52.37,606.75,3.13,4.42,2,606.7455641
2023-05-11,SEC-006,47,57.99,2912.21,2.16,4.06,6,2912.2050997333336
2023-05-12,SEC-001,19,72.13,1122.67,1.6,4.09,2,1122.6726978166666
2023-05-12,SEC-002,36,33.36,1106.57,2.56,4.05,3,1106.5594854666667
2023-05-12,SEC-003,50,30.53,1310.85,3.47,4.14,3,1310.8613655833333
2023-05-12,SEC-004,37,34.99,1277.89,2.12,4.2,5,1277.8895986833334
2023-05-12,SEC-005,29,54.75,1165.83,2.19,4.12,3,1165.8191544666668
2023-05-12,SEC-006,59,55.66,3693.81,2.22,4.17,9,3693.8221182666666
2023-05-15,SEC-001,25,57.47,1419.79,2.22,4.05,4,1419.796342416667
2023-05-15,SEC-002,77,45.68,3307.76,2.56,4.3,8,3307.7589833166667
2023-05-15,SEC-003,37,27.32,1029.15,2.79,4.21,3,1029.153870116667
2023-05-15,SEC-004,20,36.63,750.1,2.36,4.22,1,750.09317685
2023-05-15,SEC-005,42,52.71,2321.96,2.96,4.22,6,2321.9498131166665
2023-05-15,SEC-006,76,56.75,4742.0,2.12,4.14,11,4742.005262083333
2023-05-16,SEC-001,8,48.46,365.33,1.92,4.0,2,365.3288005833333
2023-05-16,SEC-002,46,43.3,1735.72,2.35,4.2,4,1735.712897033333
2023-05-16,SEC-003,23,28.12,638.06,3.0,4.06,2,638.0637757833333
2023-05-16,SEC-004,33,44.32,1316.06,2.32,4.17,3,1316.0658808333333
2023-05-16,SEC-005,33,60.97,2121.15,3.22,4.27,6,2121.1563965
2023-05-16,SEC-006,43,55.13,2423.54,2.78,4.19,6,2423.54538725
2023-05-17,SEC-001,10,51.76,517.61,1.2,4.0,2,517.6073228
2023-05-17,SEC-002,34,46.09,1386.55,2.74,4.25,3,1386.5471293666667
2023-05-17,SEC-003,6,27.66,156.41,3.33,4.0,1,156.40980011666664
2023-05-17,SEC-004,22,41.34,817.97,2.33,4.31,2,817.9691361833334
2023-05-17,SEC-005,52,73.34,3581.02,2.61,4.15,8,3581.0159556
2023-05-17,SEC-006,33,48.1,1516.28,2.2,4.41,3,1516.2901002833332
2023-05-18,SEC-001,28,57.61,1620.45,2.16,4.36,4,1620.4509889666667
2023-05-18,SEC-002,33,35.94,1134.32,2.86,4.22,3,1134.31246665
2023-05-18,SEC-003,21,28.46,499.07,1.93,4.56,2,499.0712785
2023-05-18,SEC-004,27,38.72,956.86,2.08,4.07,3,956.86928895
2023-05-18,SEC-005,57,69.01,3733.56,2.36,4.19,9,3733.558445816667
2023-05-18,SEC-006,29,51.3,1595.89,1.99,4.31,5,1595.8878147
2023-05-19,SEC-001,11,57.14,608.48,1.68,4.2,2,608.4819544
2023-05-19,SEC-002,27,37.25,884.43,2.94,4.14,3,884.4286895500001
2023-05-19,SEC-003,31,30.79,841.22,3.48,4.32,3,841.2190298166666
2023-05-19,SEC-004,19,37.16,729.09,2.02,4.06,1,729.0930723833334
2023-05-19,SEC-005,24,68.04,1708.33,2.12,4.21,6,1708.3234090166666
2023-05-19,SEC-006,32,53.49,1486.55,1.92,4.11,4,1486.55059555
2023-05-22,SEC-001,35,57.84,1985.01,2.04,4.36,5,1985.0078983166663
2023-05-22,SEC-002,63,44.0,2710.53,2.45,4.25,7,2710.5229783833333
2023-05-22,SEC-003,51,30.73,1413.75,2.94,4.27,4,1413.7561047833333
2023-05-22,SEC-004,22,40.63,975.09,2.25,4.32,3,975.0919262333332
2023-05-22,SEC-005,38,53.46,2002.06,3.1,4.13,5,2002.0463965666663
2023-05-22,SEC-006,66,58.23,3216.91,1.92,4.18,8,3216.92334
2023-05-23,SEC-001,35,73.87,2479.16,1.97,4.09,6,2479.1556645666665
2023-05-23,SEC-002,29,37.56,1033.22,2.55,4.19,3,1033.2203691333334
2023-05-23,SEC-003,42,36.78,1335.55,2.77,4.28,4,1335.5552903333332
2023-05-23,SEC-004,19,38.59,751.88,2.69,4.1,1,751.88188915
2023-05-23,SEC-005,14,51.84,786.18,2.26,4.31,2,786.1811264166666
2023-05-23,SEC-006,22,48.63,1210.08,3.1,4.19,4,1210.0750837666667
2023-05-24,SEC-001,7,64.31,432.47,1.21,4.0,2,432.4698191666666
2023-05-24,SEC-002,40,38.1,1480.84,2.69,4.18,4,1480.8259849833337
2023-05-24,SEC-003,31,33.19,923.27,2.77,4.13,3,923.2726362833332
2023-05-24,SEC-004,27,42.62,904.4,1.74,4.1,3,904.3990644166666
2023-05-24,SEC-005,23,55.23,1127.31,3.35,4.11,3,1127.3061982
2023-05-24,SEC-006,23,42.04,856.35,2.43,4.28,3,856.3520274333333
2023-05-25,SEC-001,7,61.24,466.03,1.9,4.1,2,466.0273762
2023-05-25,SEC-002,29,32.85,1024.55,2.31,4.5,4,1024.5462214833333
2023-05-25,SEC-003,43,32.89,1230.63,2.9,4.29,4,1230.63586335
2023-05-25,SEC-004,51,45.94,1896.63,2.07,4.1,5,1896.63603455
2023-05-25,SEC-005,16,61.0,882.32,3.03,4.1,3,882.3268837166667
2023-05-25,SEC-006,54,60.14,2805.78,2.0,4.14,7,2805.789381116667
2023-05-26,SEC-001,14,55.88,762.41,1.78,4.22,2,762.4051602666667
2023-05-26,SEC-002,25,42.28,941.74,2.26,4.08,2,941.7411740166668
2023-05-26,SEC-003,25,22.89,563.54,2.04,4.11,1,563.5393161666666
2023-05-26,SEC-004,26,45.75,1197.37,2.48,4.35,2,1197.3696065833333
2023-05-26,SEC-005,64,72.6,4148.82,2.64,4.27,10,4148.822462566666
2023-05-26,SEC-006,31,52.2,1490.74,1.75,4.22,5,1490.7492513333334
2023-05-29,SEC-001,16,58.54,928.51,2.0,4.12,4,928.5143128666666
2023-05-29,SEC-002,37,38.9,1584.16,2.6,4.2,4,1584.1568637333332
2023-05-29,SEC-003,24,26.64,579.42,3.68,4.21,2,579.4193678666667
2023-05-29,SEC-004,40,42.32,1499.52,2.06,4.12,4,1499.5116144166668
2023-05-29,SEC-005,35,59.34,2333.51,3.08,4.32,6,2333.510532483333
2023-05-29,SEC-006,77,55.79,3948.45,2.12,4.21,9,3948.450084283333
2023-05-30,SEC-001,18,53.0,924.89,2.08,4.21,3,924.8971163
2023-05-30,SEC-002,29,35.24,1060.08,2.39,4.3,3,1060.0676354333334
2023-05-30,SEC-003,29,29.34,715.15,2.72,4.26,2,715.1532796166666
2023-05-30,SEC-004,48,44.31,1905.63,2.47,4.07,4,1905.63541245
2023-05-30,SEC-005,41,60.35,2415.78,2.41,4.29,6,2415.78229785
2023-05-30,SEC-006,44,54.9,2571.47,2.42,4.07,7,2571.4760668333333
2023-05-31,SEC-001,19,68.19,1146.6,1.85,4.14,4,1146.6008421
2023-05-31,SEC-002,36,42.02,1282.55,3.08,4.06,4,1282.5530276
2023-05-31,SEC-003,37,32.31,1105.93,2.7,4.25,3,1105.9169119166668
2023-05-31,SEC-004,11,34.05,344.46,3.75,4.33,1,344.46075106666666
2023-05-31,SEC-005,44,63.65,2871.43,3.1,4.13,7,2871.427979716667
2023-05-31,SEC-006,44,47.06,2032.38,2.11,4.31,5,2032.3788902166664
2023-06-01,SEC-001,5,63.84,274.49,1.62,4.12,2,274.4881036833333
2023-06-01,SEC-002,16,37.34,523.96,2.84,4.0,2,523.9616959166667
2023-06-01,SEC-003,28,27.95,678.41,2.25,4.23,1,678.4127365833333
2023-06-01,SEC-004,31,44.95,1135.77,1.91,4.04,4,1135.7595267833333
2023-06-01,SEC-005,24,52.52,1526.79,2.2,4.19,4,1526.7863862166666
2023-06-01,SEC-006,53,55.23,3146.97,2.84,4.26,8,3146.97315075
2023-06-02,SEC-001,36,63.33,2300.95,1.97,4.3,7,2300.950238366667
2023-06-02,SEC-002,43,40.35,1545.02,1.88,4.29,3,1545.0251369666669
2023-06-02,SEC-003,15,26.16,330.64,2.92,4.4,1,330.6430791833333
2023-06-02,SEC-004,44,45.79,1779.34,1.78,4.08,5,1779.3408033666667
2023-06-02,SEC-005,34,56.29,1974.86,2.79,4.19,5,1974.86516955
2023-06-02,SEC-006,40,48.73,2098.94,1.84,4.13,5,2098.934612283333
2023-06-05,SEC-001,17,60.12,1031.44,2.06,4.24,3,1031.4428035
2023-06-05,SEC-002,52,40.69,2038.56,3.36,4.1,5,2038.5504919333332
2023-06-05,SEC-003,50,31.32,1394.19,3.27,4.12,4,1394.1985541333331
2023-06-05,SEC-004,50,43.51,2025.01,1.54,4.27,6,2025.008121
2023-06-05,SEC-005,90,70.76,7194.93,2.76,4.11,18,7194.920889
2023-06-05,SEC-006,20,49.12,1080.71,2.44,4.21,3,1080.7058910333333
2023-06-06,SEC-001,20,52.5,1049.91,1.45,4.3,2,1049.90591045
2023-06-06,SEC-002,30,37.2,1081.8,2.15,4.18,3,1081.7919057833333
2023-06-06,SEC-003,36,32.87,1238.87,3.37,4.29,2,1238.8732968333334
2023-06-06,SEC-004,28,40.2,1028.17,2.28,4.09,2,1028.17344985
2023-06-06,SEC-005,36,60.59,2267.05,2.5,4.03,6,2267.0525390166667
2023-06-06,SEC-006,50,54.93,2716.84,2.25,4.22,6,2716.844825316666
2023-06-07,SEC-001,20,48.24,1065.94,2.82,4.16,3,1065.9339122
2023-06-07,SEC-002,38,40.37,1552.29,2.59,4.24,4,1552.2946506666667
2023-06-07,SEC-003,23,28.68,724.42,2.51,4.33,1,724.4129679833334
2023-06-07,SEC-004,50,50.55,2288.77,2.18,4.15,6,2288.774084983333
2023-06-07,SEC-005,32,60.22,2116.25,2.99,4.04,7,2116.25210855
2023-06-07,SEC-006,26,45.04,1198.72,2.84,4.25,3,1198.7124354166667
2023-06-08,SEC-001,33,60.46,1978.18,2.38,4.24,4,1978.182573
2023-06-08,SEC-002,40,37.26,1417.43,2.69,4.23,4,1417.4264022
2023-06-08,SEC-003,19,24.74,395.74,3.35,4.08,1,395.7341391333333
2023-06-08,SEC-004,39,43.48,1580.85,2.2,4.29,4,1580.8568616333334
2023-06-08,SEC-005,38,63.59,2736.21,2.87,4.2,6,2736.2121078166665
2023-06-08,SEC-006,39,40.65,1834.13,1.66,4.21,5,1834.13432065
2023-06-09,SEC-001,8,66.74,533.92,2.5,4.12,2,533.9251882833333
2023-06-09,SEC-002,20,33.11,655.06,2.4,4.14,1,655.0513158
2023-06-09,SEC-003,67,35.03,2227.95,2.95,4.09,7,2227.9460003333334
2023-06-09,SEC-004,20,41.86,848.84,2.0,4.15,3,848.8335243
2023-06-09,SEC-005,22,55.21,1195.62,2.58,4.17,2,1195.62032405
2023-06-09,SEC-006,31,48.6,1755.45,1.85,4.24,6,1755.4535272833334
2023-06-12,SEC-001,4,45.6,182.42,2.5,3.75,1,182.42210455
2023-06-12,SEC-002,36,40.45,1486.12,3.15,4.21,5,1486.1106867666667
2023-06-12,SEC-003,49,32.3,1531.85,3.38,4.12,4,1531.8580203
2023-06-12,SEC-004,56,45.77,2519.34,2.06,4.23,6,2519.335395266666
2023-06-12,SEC-005,38,54.15,1797.41,2.84,4.29,6,1797.4052520166667
2023-06-12,SEC-006,53,52.02,2805.57,2.22,4.14,7,2805.57687825
2023-06-13,SEC-001,13,63.35,801.56,2.05,4.06,2,801.5611313666667
2023-06-13,SEC-002,48,40.57,1872.88,2.91,4.21,5,1872.87815175
2023-06-13,SEC-003,7,25.14,141.89,3.5,4.25,1,141.88906425
2023-06-13,SEC-004,45,45.23,1774.91,2.4,4.16,5,1774.9131027333333
2023-06-13,SEC-005,16,58.36,1007.94,2.6,4.16,3,1007.94981705
2023-06-13,SEC-006,44,50.85,2276.54,2.34,4.25,6,2276.53545555
2023-06-14,SEC-001,9,55.88,484.27,2.0,4.0,3,484.2676643666667
2023-06-14,SEC-002,40,40.15,1483.93,2.96,4.1,4,1483.93027065
2023-06-14,SEC-003,35,32.27,1019.44,2.93,4.19,3,1019.4457399833334
2023-06-14,SEC-004,19,42.02,750.65,2.3,4.13,2,750.6534516666667
2023-06-14,SEC-005,33,59.5,1929.76,2.41,4.34,4,1929.7601520166668
2023-06-14,SEC-006,15,42.88,655.91,2.24,4.06,2,655.9042105833333
2023-06-15,SEC-001,10,61.68,593.14,2.12,4.08,1,593.1404627333334
2023-06-15,SEC-002,21,54.25,824.75,2.81,4.14,2,824.7474368333333
2023-06-15,SEC-003,22,28.29,596.84,2.98,4.49,3,596.8414735166666
2023-06-15,SEC-004,35,42.54,1327.72,2.52,4.54,3,1327.7239584
2023-06-15,SEC-005,29,62.28,1871.24,2.65,4.13,5,1871.2409949833332
2023-06-15,SEC-006,33,51.45,1841.76,1.95,4.22,5,1841.75544775
2023-06-16,SEC-001,15,62.24,878.16,1.9,4.15,3,878.1565709333333
2023-06-16,SEC-002,43,43.42,1665.72,2.36,4.16,4,1665.7198576333333
2023-06-16,SEC-003,25,25.46,570.16,2.52,3.99,2,570.1622976166667
2023-06-16,SEC-004,31,43.98,1164.93,1.74,4.11,3,1164.9290932
2023-06-16,SEC-005,38,65.43,2839.18,2.49,4.19,6,2839.17451675
2023-06-16,SEC-006,25,47.08,1293.61,2.5,4.13,4,1293.60520195
2023-06-19,SEC-001,8,61.92,495.39,2.0,4.0,2,495.3958695166667
2023-06-19,SEC-002,60,45.15,2141.12,2.66,4.19,6,2141.1208682666665
2023-06-19,SEC-003,18,25.94,426.48,3.16,4.26,2,426.47246225
2023-06-19,SEC-004,22,30.88,693.64,1.9,4.22,3,693.6402379
2023-06-19,SEC-005,61,70.65,3509.3,2.95,4.25,9,3509.2970234166664
2023-06-19,SEC-006,38,50.51,1827.64,2.08,4.2,6,1827.63283405
2023-06-20,SEC-001,12,58.26,679.41,2.41,4.14,2,679.4014581166666
2023-06-20,SEC-002,45,50.14,2379.15,2.62,4.23,6,2379.149278183333
2023-06-20,SEC-003,26,28.01,734.12,3.16,4.11,2,734.1165516166667
2023-06-20,SEC-004,14,38.05,456.12,1.89,3.94,2,456.11978861666665
2023-06-20,SEC-005,35,61.8,2017.8,2.86,4.09,5,2017.7973233166667
2023-06-20,SEC-006,36,50.7,1897.75,2.48,4.14,5,1897.7530159333328
2023-06-21,SEC-001,12,57.75,669.95,2.0,4.38,1,669.9410179500001
2023-06-21,SEC-002,20,34.11,646.92,2.38,4.04,2,646.9251716833334
2023-06-21,SEC-003,21,27.96,506.04,2.89,4.38,1,506.0384207
2023-06-21,SEC-004,51,49.5,2596.49,2.21,4.18,7,2596.485659316667
2023-06-21,SEC-005,29,56.93,1622.06,2.74,4.12,4,1622.0578935833332
2023-06-21,SEC-006,37,54.12,2026.1,2.12,4.14,6,2026.09450645
2023-06-22,SEC-001,13,60.6,780.65,1.84,4.15,2,780.6487203833333
2023-06-22,SEC-002,34,37.46,1156.59,2.51,4.05,2,1156.5958256166666
2023-06-22,SEC-003,16,27.2,441.49,2.92,4.18,3,441.4879002
2023-06-22,SEC-004,54,44.74,2003.26,2.75,4.1,6,2003.2610186
2023-06-22,SEC-005,35,51.17,1921.63,2.23,4.3,6,1921.6220585166664
2023-06-22,SEC-006,64,56.54,3874.42,3.14,4.15,11,3874.427491683333
2023-06-23,SEC-001,27,64.6,1667.43,1.94,4.25,4,1667.432096966667
2023-06-23,SEC-002,42,42.11,1352.13,3.28,4.23,4,1352.1285674833334
2023-06-23,SEC-003,50,33.55,1510.64,3.71,4.08,4,1510.6463476833333
2023-06-23,SEC-004,16,40.25,615.64,2.16,4.05,2,615.6424017166667
2023-06-23,SEC-005,31,51.23,1775.64,2.74,4.01,5,1775.63840005
2023-06-23,SEC-006,44,48.97,1964.02,1.96,4.2,5,1964.02676905
2023-06-26,SEC-001,28,58.18,1578.3,2.38,4.27,3,1578.2970362166666
2023-06-26,SEC-002,43,40.83,1388.09,2.66,4.19,5,1388.0868333666667
2023-06-26,SEC-003,41,31.37,1158.34,2.98,4.28,2,1158.3403449333334
2023-06-26,SEC-004,17,39.72,650.91,2.12,4.3,2,650.9113429833333
2023-06-26,SEC-005,42,65.09,2893.14,2.94,4.26,8,2893.1338922333334
2023-06-26,SEC-006,72,56.52,4345.31,2.42,4.04,10,4345.305210683333
2023-06-27,SEC-001,17,54.86,921.74,2.0,4.24,3,921.7388423666666
2023-06-27,SEC-002,41,41.61,1754.46,2.41,4.17,4,1754.4581460833333
2023-06-27,SEC-003,30,34.29,745.79,2.88,4.12,1,745.78157265
2023-06-27,SEC-004,28,40.2,921.28,2.84,4.33,3,921.2795453833334
2023-06-27,SEC-005,33,62.69,2239.9,2.67,4.22,6,2239.9043964166667
2023-06-27,SEC-006,48,58.84,2484.43,1.83,4.1,6,2484.4304687333333
2023-06-28,SEC-001,22,62.44,1420.31,2.12,4.27,4,1420.3190127333332
2023-06-28,SEC-002,33,35.31,1092.58,2.52,4.26,3,1092.5763297
2023-06-28,SEC-003,29,31.87,872.1,2.97,4.15,3,872.1110308666666
2023-06-28,SEC-004,15,38.54,525.29,2.84,4.23,3,525.2894335166667
2023-06-28,SEC-005,33,54.01,1917.05,1.99,4.29,4,1917.0414619833327
2023-06-28,SEC-006,44,53.37,2525.4,2.03,4.11,7,2525.409924716667
2023-06-29,SEC-001,6,55.34,317.08,1.38,4.25,1,317.0800617333333
2023-06-29,SEC-002,51,46.41,2066.62,2.76,4.17,5,2066.6262851
2023-06-29,SEC-003,34,28.65,965.4,3.28,3.77,3,965.4027791333332
2023-06-29,SEC-004,26,43.17,877.07,2.39,4.3,3,877.0587551333333
2023-06-29,SEC-005,31,58.53,2036.87,2.51,4.37,5,2036.8697028166664
2023-06-29,SEC-006,43,49.92,2239.48,2.34,4.32,6,2239.47316205
2023-06-30,SEC-001,6,55.54,325.12,1.25,4.38,1,325.12484603333337
2023-06-30,SEC-002,35,37.84,1269.57,2.72,4.12,4,1269.5722616166668
2023-06-30,SEC-003,35,31.64,1079.16,2.61,4.17,3,1079.1680695166667
2023-06-30,SEC-004,26,40.5,890.33,1.91,4.19,3,890.3250623666667
2023-06-30,SEC-005,45,65.88,2828.13,2.49,4.21,7,2828.13081015
2023-06-30,SEC-006,33,52.3,1739.8,2.36,4.15,5,1739.797360283333
2023-07-04,SEC-001,23,59.32,1322.03,2.05,4.2,5,1322.0364853
2023-07-04,SEC-002,46,41.7,1663.46,2.72,4.1,5,1663.46401335
2023-07-04,SEC-003,68,30.77,2026.13,2.65,4.16,5,2026.1373592333332
2023-07-04,SEC-004,17,31.97,567.29,2.18,4.04,2,567.2878588166667
2023-07-04,SEC-005,38,55.28,2278.96,2.55,4.18,6,2278.9543466166665
2023-07-04,SEC-006,41,50.44,2109.86,2.11,4.19,6,2109.859650183333
2023-07-05,SEC-001,9,55.7,504.0,1.75,3.8,3,503.9936656666666
2023-07-05,SEC-002,33,38.13,1079.56,3.31,4.4,4,1079.5660616166667
2023-07-05,SEC-003,36,30.27,1061.96,2.99,4.28,2,1061.9590640166666
2023-07-05,SEC-004,25,45.01,1068.34,1.93,4.22,3,1068.3382908666667
2023-07-05,SEC-005,58,74.01,3788.19,2.57,4.26,10,3788.180016933333
2023-07-05,SEC-006,22,47.11,1051.42,2.55,3.93,4,1051.425084233333
2023-07-06,SEC-001,25,61.99,1479.73,1.7,4.14,4,1479.7338211833332
2023-07-06,SEC-002,17,28.69,460.93,2.35,4.19,1,460.92113236666665
2023-07-06,SEC-003,18,26.81,455.02,2.62,4.34,1,455.0287064166666
2023-07-06,SEC-004,44,44.85,1596.14,2.13,4.1,4,1596.1511989666667
2023-07-06,SEC-005,38,61.01,2061.85,2.98,4.08,5,2061.8455263166666
2023-07-06,SEC-006,55,55.85,3003.59,2.24,4.15,9,3003.593928
2023-07-07,SEC-001,12,51.66,627.47,1.8,4.15,2,627.4685960833333
2023-07-07,SEC-002,34,34.81,1169.76,2.97,4.11,4,1169.7517506333334
2023-07-07,SEC-003,56,34.12,1654.26,3.09,4.09,3,1654.2683306166666
2023-07-07,SEC-004,14,37.08,491.95,2.12,4.12,2,491.945795
2023-07-07,SEC-005,65,70.32,4156.35,2.9,4.09,10,4156.345675833333
2023-07-07,SEC-006,47,48.25,2486.13,2.46,4.21,6,2486.1370683833334
2023-07-10,SEC-001,16,73.69,881.56,2.5,4.16,4,881.5666032
2023-07-10,SEC-002,53,44.04,1978.06,2.38,4.25,5,1978.0573323333333
2023-07-10,SEC-003,48,30.16,1280.59,2.59,4.15,4,1280.5937550333333
2023-07-10,SEC-004,38,40.65,1523.97,2.35,4.13,5,1523.97099485
2023-07-10,SEC-005,28,50.47,1378.54,2.97,4.29,4,1378.54888965
2023-07-10,SEC-006,55,49.64,2814.64,2.62,4.24,7,2814.6463206666667
2023-07-11,SEC-001,16,60.0,934.08,2.34,4.25,3,934.0873127
2023-07-11,SEC-002,29,39.96,1204.73,2.08,4.21,2,1204.7337571166668
2023-07-11,SEC-003,36,26.54,1001.26,2.31,4.23,3,1001.25988305
2023-07-11,SEC-004,6,38.88,209.55,1.8,4.1,1,209.55187696666667
2023-07-11,SEC-005,28,66.63,1956.83,2.69,4.1,5,1956.8296017166667
2023-07-11,SEC-006,43,55.82,2814.13,1.8,4.16,7,2814.1383460666666
2023-07-12,SEC-001,35,64.63,2193.21,1.56,3.96,5,2193.205672983333
2023-07-12,SEC-002,24,38.1,886.15,3.3,4.24,3,886.14510555
2023-07-12,SEC-003,17,27.69,458.35,3.14,4.03,1,458.35297318333335
2023-07-12,SEC-004,26,38.04,924.91,2.53,4.18,4,924.9132519166668
2023-07-12,SEC-005,43,64.36,2539.27,2.6,4.25,7,2539.2792296666667
2023-07-12,SEC-006,41,54.62,2486.45,1.87,4.23,7,2486.4490384166666
2023-07-13,SEC-001,12,62.16,657.17,1.55,3.85,1,657.1688980333333
2023-07-13,SEC-002,37,42.44,1274.77,2.26,4.38,3,1274.7709010666667
2023-07-13,SEC-003,34,29.58,1073.32,3.0,4.09,3,1073.32423365
2023-07-13,SEC-004,20,38.22,851.22,1.61,4.13,3,851.2240256499999
2023-07-13,SEC-005,42,69.15,2795.72,2.6,4.14,8,2795.7269384666665
2023-07-13,SEC-006,39,54.34,2202.41,1.88,4.25,5,2202.410693616667
2023-07-14,SEC-001,23,65.93,1370.46,2.42,4.18,3,1370.4569251833334
2023-07-14,SEC-002,27,38.0,941.65,2.6,4.27,4,941.6440849833332
2023-07-14,SEC-003,39,32.26,1227.89,3.3,4.22,3,1227.8918318166666
2023-07-14,SEC-004,12,36.08,373.18,2.18,4.0,2,373.17778496666665
2023-07-14,SEC-005,31,68.14,2413.24,2.42,4.36,7,2413.2336184666665
2023-07-14,SEC-006,33,52.94,1952.62,2.06,4.16,5,1952.61894245
2023-07-17,SEC-001,16,55.59,874.01,2.3,4.14,3,874.0149374166667
2023-07-17,SEC-002,59,42.09,2399.24,2.72,4.21,6,2399.2363345333333
2023-07-17,SEC-003,48,30.71,1539.17,2.78,4.09,4,1539.1754636666667
2023-07-17,SEC-004,40,40.19,1742.09,1.99,4.11,5,1742.0871174166666
2023-07-17,SEC-005,43,63.7,2383.43,2.72,4.1,5,2383.422418716667
2023-07-17,SEC-006,62,53.86,3285.74,2.08,4.21,8,3285.742640433333
2023-07-18,SEC-001,11,60.09,691.99,2.03,4.25,2,691.9910058166666
2023-07-18,SEC-002,54,41.65,1936.05,2.38,4.31,5,1936.04933325
2023-07-18,SEC-003,39,31.55,1219.81,3.15,4.26,3,1219.8078406666666
2023-07-18,SEC-004,28,30.5,855.46,2.25,4.32,4,855.4564495666667
2023-07-18,SEC-005,28,71.3,1943.15,2.54,4.04,5,1943.14951495
2023-07-18,SEC-006,47,53.36,2826.35,2.26,4.27,7,2826.3479388166666
2023-07-19,SEC-001,7,68.28,509.8,1.35,4.1,3,509.7966524
2023-07-19,SEC-002,11,26.62,287.79,1.78,4.19,1,287.7849305333333
2023-07-19,SEC-003,30,34.14,943.41,2.94,4.11,4,943.4121396833332
2023-07-19,SEC-004,26,42.82,1104.94,2.58,4.27,4,1104.9396830666667
2023-07-19,SEC-005,11,58.96,749.93,2.07,4.2,2,749.9248977666666
2023-07-19,SEC-006,63,55.66,3924.75,2.49,4.23,10,3924.741484233333
2023-07-20,SEC-001,9,55.0,475.16,1.34,4.08,1,475.1582143666666
2023-07-20,SEC-002,38,37.39,1317.82,1.65,4.14,4,1317.813737616667
2023-07-20,SEC-003,27,31.14,879.55,2.87,4.24,2,879.54871095
2023-07-20,SEC-004,22,37.4,905.87,2.47,4.04,3,905.8657331333334
2023-07-20,SEC-005,45,70.38,3080.31,2.42,4.21,9,3080.3061497
2023-07-20,SEC-006,34,53.55,1892.98,2.2,4.21,5,1892.9842912666668
2023-07-21,SEC-001,13,53.96,796.02,2.75,4.04,1,796.0143837166668
2023-07-21,SEC-002,29,36.94,1028.94,3.25,4.22,2,1028.9444700333331
2023-07-21,SEC-003,37,28.33,932.36,2.79,4.28,3,932.3656778666666
2023-07-21,SEC-004,42,47.29,1587.15,2.03,3.74,4,1587.153559716667
2023-07-21,SEC-005,37,60.98,2091.52,2.37,4.21,5,2091.530095633333
2023-07-21,SEC-006,46,49.03,2385.08,2.3,4.12,6,2385.07122865
2023-07-24,SEC-001,21,53.83,1220.23,1.88,4.23,2,1220.2314761166667
2023-07-24,SEC-002,48,40.87,1933.42,2.78,4.16,5,1933.4175849
2023-07-24,SEC-003,38,28.77,1183.8,3.33,4.17,3,1183.7947302166667
2023-07-24,SEC-004,50,45.55,2234.2,2.14,4.27,6,2234.1945941
2023-07-24,SEC-005,34,59.3,2216.92,3.26,4.08,6,2216.92101585
2023-07-24,SEC-006,53,53.28,2520.26,2.46,4.15,7,2520.26374615
2023-07-25,SEC-001,26,59.18,1361.77,2.28,4.31,4,1361.76614855
2023-07-25,SEC-002,44,43.6,1849.03,2.91,4.29,6,1849.0351846666667
2023-07-25,SEC-003,41,32.55,1229.2,2.95,4.09,3,1229.2037957166667
2023-07-25,SEC-004,29,30.35,874.7,1.94,4.28,3,874.7050351833333
2023-07-25,SEC-005,26,53.85,1613.89,3.01,4.26,4,1613.8896183
2023-07-25,SEC-006,40,49.64,2047.82,2.03,4.21,5,2047.8146568333332
2023-07-26,SEC-001,11,52.26,584.28,1.42,4.3,1,584.2791750333333
2023-07-26,SEC-002,32,35.46,1015.82,2.36,4.23,3,1015.8249309666668
2023-07-26,SEC-003,15,27.22,375.2,3.19,4.25,1,375.1978405
2023-07-26,SEC-004,23,48.4,792.12,1.38,4.13,2,792.11522715
2023-07-26,SEC-005,62,71.33,4730.42,2.61,4.27,12,4730.420169116666
2023-07-26,SEC-006,50,52.6,2749.45,2.16,4.33,7,2749.444222233333
2023-07-27,SEC-001,7,58.72,403.24,1.71,4.12,1,403.2367709
2023-07-27,SEC-002,55,36.68,1781.5,2.29,4.19,6,1781.5077225333334
2023-07-27,SEC-003,28,27.83,756.58,2.51,4.21,2,756.57360565
2023-07-27,SEC-004,9,33.39,266.54,2.83,4.33,1,266.5346293
2023-07-27,SEC-005,42,74.54,3319.18,2.47,4.17,8,3319.17471155
2023-07-27,SEC-006,35,50.2,1867.29,2.32,4.2,4,1867.2907403333331
2023-07-28,SEC-001,26,63.36,1557.09,2.32,4.15,5,1557.085263166667
2023-07-28,SEC-002,31,37.88,1065.19,3.16,4.2,4,1065.1943165666669
2023-07-28,SEC-003,29,28.99,820.39,2.96,4.18,2,820.39501485
2023-07-28,SEC-004,23,38.64,834.89,2.47,4.14,2,834.8888873333333
2023-07-28,SEC-005,24,53.52,1315.41,2.85,4.2,3,1315.4116657
2023-07-28,SEC-006,47,57.96,2753.51,2.31,4.25,6,2753.50722125
2023-07-31,SEC-001,13,49.32,631.15,1.23,4.28,2,631.14625215
2023-07-31,SEC-002,62,41.36,2521.6,2.59,4.08,6,2521.5995401
2023-07-31,SEC-003,58,31.95,1847.21,2.7,4.16,4,1847.2070405333332
2023-07-31,SEC-004,37,41.63,1313.06,2.27,4.14,4,1313.0609979833334
2023-07-31,SEC-005,76,66.98,4879.56,2.91,4.24,12,4879.56461345
2023-07-31,SEC-006,54,47.17,2742.42,2.25,4.34,7,2742.4138019
2023-08-02,SEC-001,10,64.12,601.7,1.11,4.16,2,601.7038044666667
2023-08-02,SEC-002,43,41.53,1757.14,2.62,4.25,5,1757.1424117166666
2023-08-02,SEC-003,18,24.68,402.26,3.08,4.47,1,402.2635095333333
2023-08-02,SEC-004,26,43.07,1230.41,2.42,4.33,3,1230.4082062
2023-08-02,SEC-005,55,66.66,4083.53,2.59,4.23,10,4083.53536865
2023-08-02,SEC-006,75,51.74,4065.94,2.42,4.16,11,4065.9391038666663
2023-08-03,SEC-001,13,56.21,679.29,1.72,4.04,2,679.2933876
2023-08-03,SEC-002,19,39.52,571.07,2.56,4.01,2,571.06273205
2023-08-03,SEC-003,21,24.95,581.04,3.83,4.11,3,581.0331839166666
2023-08-03,SEC-004,13,37.41,525.64,2.1,3.95,3,525.64244715
2023-08-03,SEC-005,19,56.81,991.33,2.58,4.13,3,991.3288706166668
2023-08-03,SEC-006,54,56.45,3535.55,2.29,4.3,9,3535.541212466667
2023-08-04,SEC-001,10,58.18,548.58,3.38,4.19,1,548.5770215
2023-08-04,SEC-002,26,38.2,1097.5,3.2,4.21,4,1097.5069537333334
2023-08-04,SEC-003,44,31.2,1341.69,2.8,4.22,5,1341.6916121833333
2023-08-04,SEC-004,28,40.03,1053.84,2.02,4.28,4,1053.8419709333334
2023-08-04,SEC-005,63,65.83,4167.51,2.77,4.22,9,4167.499924066667
2023-08-04,SEC-006,40,51.3,2422.37,2.32,4.16,7,2422.36361425
2023-08-07,SEC-001,20,64.7,1148.93,2.0,4.34,3,1148.937160533333
2023-08-07,SEC-002,48,43.18,2228.98,3.14,4.29,6,2228.989010383333
2023-08-07,SEC-003,47,31.48,1458.66,3.03,4.1,4,1458.6638242833333
2023-08-07,SEC-004,52,45.43,2494.18,1.93,4.22,5,2494.19007245
2023-08-07,SEC-005,27,51.3,1464.98,3.09,4.1,3,1464.9798283833334
2023-08-07,SEC-006,46,48.87,2150.96,2.22,4.1,6,2150.95210335
2023-08-08,SEC-001,12,62.33,715.58,1.97,3.93,2,715.5763936833333
2023-08-08,SEC-002,26,31.76,743.83,2.54,4.13,2,743.8351333166667
2023-08-08,SEC-003,35,30.9,1094.28,3.2,4.3,3,1094.2873211833332
2023-08-08,SEC-004,20,39.85,815.16,2.55,4.2,1,815.15891485
2023-08-08,SEC-005,47,72.39,3497.3,2.76,4.3,9,3497.3006760000003
2023-08-08,SEC-006,39,49.91,2064.51,1.8,4.3,6,2064.50554445
2023-08-09,SEC-001,10,54.6,545.97,1.6,4.4,2,545.9662719833334
2023-08-09,SEC-002,30,39.83,1576.73,3.04,4.07,4,1576.72949605
2023-08-09,SEC-003,23,29.44,633.93,2.98,4.29,3,633.92965595
2023-08-09,SEC-004,27,39.51,969.2,2.52,4.22,3,969.20007625
2023-08-09,SEC-005,48,70.29,3160.3,3.27,4.13,8,3160.30334135
2023-08-09,SEC-006,31,51.32,1652.34,2.06,4.22,4,1652.3332899
2023-08-10,SEC-001,24,61.34,1408.05,2.66,4.44,5,1408.05378005
2023-08-10,SEC-002,48,52.52,1976.98,3.0,4.14,5,1976.9888693833332
2023-08-10,SEC-003,26,27.65,685.56,2.08,4.22,3,685.5611174000001
2023-08-10,SEC-004,36,49.16,1264.92,2.39,4.29,3,1264.924272233333
2023-08-10,SEC-005,30,54.9,1321.39,2.48,4.24,4,1321.3984410833334
2023-08-10,SEC-006,47,51.0,2568.45,2.2,4.3,7,2568.451594383333
2023-08-11,SEC-001,20,57.71,1110.79,2.1,4.19,4,1110.7904214166667
2023-08-11,SEC-002,46,45.73,2120.73,3.02,4.2,6,2120.7253143
2023-08-11,SEC-003,29,25.27,662.28,2.56,4.29,2,662.2793589166666
2023-08-11,SEC-004,40,36.34,1526.52,2.54,3.92,4,1526.5164362666667
2023-08-11,SEC-005,40,58.37,2600.34,2.76,4.12,7,2600.3418338333336
2023-08-11,SEC-006,33,46.22,1811.95,2.54,4.17,5,1811.9561824333332
2023-08-14,SEC-001,9,58.46,551.84,1.96,4.14,2,551.8463222166666
2023-08-14,SEC-002,86,45.45,3717.27,2.49,4.17,9,3717.27891865
2023-08-14,SEC-003,34,30.01,890.3,3.2,4.17,4,890.301458
2023-08-14,SEC-004,65,44.76,2495.67,2.51,4.25,6,2495.6653433166666
2023-08-14,SEC-005,37,55.92,2194.79,2.52,4.08,5,2194.7822355333333
2023-08-14,SEC-006,47,48.18,2350.35,2.23,4.2,6,2350.354930783333
2023-08-15,SEC-001,6,55.68,363.34,1.75,4.5,2,363.3432504
2023-08-15,SEC-002,29,39.43,1331.01,3.97,4.38,4,1330.9973696
2023-08-15,SEC-003,30,29.39,831.02,3.48,4.02,2,831.0255513
2023-08-15,SEC-004,25,41.61,1084.32,2.23,4.29,3,1084.3079631166663
2023-08-15,SEC-005,62,63.64,4450.37,2.68,4.3,11,4450.367910916667
2023-08-15,SEC-006,39,57.01,2175.05,1.76,4.14,6,2175.0448644333333
2023-08-16,SEC-001,14,65.1,892.02,2.69,4.0,4,892.0201048333333
2023-08-16,SEC-002,35,39.9,1171.17,3.0,4.16,3,1171.1731280333331
2023-08-16,SEC-003,12,30.04,339.72,2.06,4.37,2,339.7187677833333
2023-08-16,SEC-004,15,31.33,452.93,1.72,4.44,2,452.9360947
2023-08-16,SEC-005,93,68.95,7233.3,2.34,4.13,18,7233.306489766666
2023-08-16,SEC-006,78,54.83,4247.38,2.01,4.21,11,4247.375519333334
2023-08-17,SEC-001,19,54.12,1036.07,1.98,4.39,4,1036.0728814666666
2023-08-17,SEC-002,23,35.61,756.16,1.73,4.19,2,756.1632355166666
2023-08-17,SEC-003,11,26.65,306.32,2.55,4.47,1,306.3165243
2023-08-17,SEC-004,28,38.73,934.75,2.37,4.14,3,934.74756
2023-08-17,SEC-005,47,66.85,3244.23,2.37,4.19,8,3244.229740066666
2023-08-17,SEC-006,36,55.94,2026.92,1.96,4.06,6,2026.9142782166664
2023-08-18,SEC-001,16,64.5,932.58,2.16,4.45,3,932.5854781833332
2023-08-18,SEC-002,40,38.65,1338.71,2.83,4.07,4,1338.70929495
2023-08-18,SEC-003,41,30.59,1228.42,2.41,4.17,3,1228.4181468166666
2023-08-18,SEC-004,20,33.35,646.65,2.31,4.29,2,646.6455385833333
2023-08-18,SEC-005,59,68.58,4121.66,2.59,4.02,9,4121.66059445
2023-08-18,SEC-006,23,47.52,1163.11,2.2,4.1,3,1163.1112419166666
2023-08-21,SEC-001,37,60.34,2139.91,1.97,4.13,5,2139.9155298666665
2023-08-21,SEC-002,73,46.32,2996.71,2.68,4.28,8,2996.7066095666664
2023-08-21,SEC-003,39,30.72,1221.02,3.17,4.17,3,1221.0289700166668
2023-08-21,SEC-004,25,37.15,801.76,2.28,4.21,2,801.76936625
2023-08-21,SEC-005,33,52.96,1710.87,2.46,4.05,5,1710.8693130333334
2023-08-21,SEC-006,61,49.79,3249.92,2.29,4.13,8,3249.92036935
2023-08-22,SEC-001,34,68.28,2157.44,2.05,4.05,6,2157.4386477333333
2023-08-22,SEC-002,23,36.42,766.56,3.2,4.05,1,766.5677622333334
2023-08-22,SEC-003,28,31.19,825.62,3.26,4.28,1,825.6208116833334
2023-08-22,SEC-004,33,40.82,1139.98,1.99,4.11,2,1139.97184845
2023-08-22,SEC-005,15,45.8,788.2,2.88,4.46,3,788.2020686999999
2023-08-22,SEC-006,64,55.39,3824.2,1.87,4.26,9,3824.19627055
2023-08-23,SEC-001,15,60.42,825.05,2.44,4.08,3,825.0566244166666
2023-08-23,SEC-002,40,39.76,1372.37,2.72,4.0,3,1372.3637580333334
2023-08-23,SEC-003,46,33.42,1374.04,3.2,4.29,4,1374.0392773666667
2023-08-23,SEC-004,23,36.89,898.02,2.14,4.3,2,898.0177768833333
2023-08-23,SEC-005,47,62.18,2511.71,3.4,4.2,6,2511.710040666667
2023-08-23,SEC-006,38,50.21,2150.3,2.2,4.19,5,2150.307762
2023-08-24,SEC-001,21,55.98,1177.0,1.92,4.2,3,1176.9959184166669
2023-08-24,SEC-002,33,39.63,1277.04,3.0,4.21,3,1277.0412720666666
2023-08-24,SEC-003,49,32.65,1386.55,3.34,4.08,5,1386.55365135
2023-08-24,SEC-004,30,39.6,1117.49,2.34,4.25,3,1117.4895808833332
2023-08-24,SEC-005,60,73.28,5119.55,2.56,4.1,13,5119.54181345
2023-08-24,SEC-006,16,44.73,558.8,2.22,4.24,1,558.7997670166667
2023-08-25,SEC-001,14,70.1,795.76,2.44,4.0,1,795.7526737333333
2023-08-25,SEC-002,55,42.47,2168.18,2.97,4.27,7,2168.17875315
2023-08-25,SEC-003,20,26.37,461.78,3.06,4.1,1,461.78324076666667
2023-08-25,SEC-004,29,40.47,1078.74,2.05,4.09,3,1078.73958235
2023-08-25,SEC-005,59,68.52,3941.49,2.68,4.26,10,3941.4889306666655
2023-08-25,SEC-006,65,53.99,3654.8,2.33,4.09,8,3654.8026852
2023-08-28,SEC-001,29,62.71,1819.84,2.22,4.07,4,1819.84397995
2023-08-28,SEC-002,27,40.83,943.95,3.22,4.16,3,943.9545982166668
2023-08-28,SEC-003,10,25.43,255.48,2.86,4.21,2,255.4779421833333
2023-08-28,SEC-004,24,44.08,866.82,2.11,3.95,3,866.8193313333334
2023-08-28,SEC-005,84,80.44,5452.38,2.76,4.15,14,5452.382793816667
2023-08-28,SEC-006,45,49.55,2551.5,2.36,4.16,8,2551.50281965
2023-08-29,SEC-001,14,52.32,734.58,2.34,4.12,3,734.58117305
2023-08-29,SEC-002,39,34.68,1414.44,2.51,4.21,3,1414.4362507
2023-08-29,SEC-003,56,34.04,1679.42,3.26,4.27,4,1679.4131136666667
2023-08-29,SEC-004,33,44.48,1240.58,2.6,4.28,3,1240.5895205666666
2023-08-29,SEC-005,19,59.23,1119.64,2.37,4.28,2,1119.641056983333
2023-08-29,SEC-006,44,47.55,1914.36,2.05,4.08,6,1914.3535892833331
2023-08-30,SEC-001,27,55.84,1507.58,1.04,4.11,3,1507.5840889333333
2023-08-30,SEC-002,42,46.16,1682.44,2.48,4.16,4,1682.448907533333
2023-08-30,SEC-003,35,30.38,993.34,2.2,4.26,3,993.3384550166668
2023-08-30,SEC-004,23,31.66,730.85,2.64,4.22,2,730.8471621
2023-08-30,SEC-005,30,61.58,1975.09,2.82,4.33,5,1975.0858918666668
2023-08-30,SEC-006,21,44.15,1020.98,2.17,4.22,3,1020.9776388333332
2023-08-31,SEC-001,17,46.88,878.43,1.13,3.96,2,878.4306036833333
2023-08-31,SEC-002,30,43.55,1271.55,2.93,4.23,4,1271.5411558333333
2023-08-31,SEC-003,45,34.01,1473.35,2.82,4.21,4,1473.3590304666666
2023-08-31,SEC-004,15,30.6,456.47,2.12,4.27,2,456.47478501666666
2023-08-31,SEC-005,12,55.34,569.1,2.36,4.18,2,569.099295
2023-08-31,SEC-006,50,53.32,3039.93,1.83,4.26,8,3039.9219229
2023-09-01,SEC-001,11,58.42,605.42,2.66,4.29,2,605.42959875
2023-09-01,SEC-002,32,36.9,1109.68,2.57,4.21,4,1109.6807714666666
2023-09-01,SEC-003,45,31.53,1414.44,3.04,4.2,4,1414.43041375
2023-09-01,SEC-004,36,42.03,1494.36,2.62,4.14,4,1494.3707624
2023-09-01,SEC-005,29,48.82,1413.14,2.52,4.14,4,1413.1345327333331
2023-09-01,SEC-006,48,47.41,2393.45,2.43,4.23,7,2393.45972735
2023-09-04,SEC-001,25,63.8,1603.07,1.9,4.04,3,1603.072087216667
2023-09-04,SEC-002,68,46.05,2521.4,2.82,4.12,7,2521.3905653166667
2023-09-04,SEC-003,34,29.53,950.77,2.89,4.36,4,950.764467
2023-09-04,SEC-004,56,43.48,2157.92,1.88,4.33,6,2157.9107648333334
2023-09-04,SEC-005,34,54.31,2041.16,2.93,4.2,5,2041.1631661666663
2023-09-04,SEC-006,60,52.44,3069.12,2.23,4.19,8,3069.1199077666665
2023-09-05,SEC-001,13,57.97,783.26,1.5,4.04,1,783.2617235
2023-09-05,SEC-002,26,34.23,903.4,2.41,4.28,4,903.3962080166666
2023-09-05,SEC-003,13,21.15,273.18,2.29,4.29,1,273.17782396666667
2023-09-05,SEC-004,32,44.13,1446.1,1.97,4.3,4,1446.0939218166666
2023-09-05,SEC-005,29,66.47,2313.34,2.89,4.03,6,2313.3370590166664
2023-09-05,SEC-006,44,59.44,2479.41,1.68,4.27,5,2479.402092716666
2023-09-06,SEC-001,7,42.38,285.45,1.6,3.5,1,285.45451883333334
2023-09-06,SEC-002,34,45.17,1294.34,2.28,4.13,4,1294.3366251166667
2023-09-06,SEC-003,30,34.12,1003.38,2.46,4.22,4,1003.3781110166668
2023-09-06,SEC-004,19,40.36,735.72,2.1,4.22,2,735.7142571333334
2023-09-06,SEC-005,27,63.42,2033.95,2.39,4.08,4,2033.9493371833332
2023-09-06,SEC-006,31,49.4,1604.84,3.04,4.2,4,1604.8404949333333
2023-09-07,SEC-001,17,61.56,946.11,2.81,3.6,3,946.1109241666668
2023-09-07,SEC-002,50,40.75,1831.29,2.67,4.15,4,1831.2960465666667
2023-09-07,SEC-003,19,25.17,474.71,2.69,4.27,3,474.70892685
2023-09-07,SEC-004,50,50.7,2440.77,2.33,4.09,7,2440.7713344
2023-09-07,SEC-005,32,56.87,2024.29,2.04,4.06,6,2024.2957988666667
2023-09-07,SEC-006,49,54.96,2774.75,2.14,4.2,8,2774.7532673
2023-09-08,SEC-001,29,62.8,1727.97,2.61,4.06,6,1727.9710279333333
2023-09-08,SEC-002,21,36.4,693.82,2.81,4.3,2,693.8173198166667
2023-09-08,SEC-003,31,29.93,906.95,2.84,4.09,3,906.9523050333332
2023-09-08,SEC-004,23,38.59,1001.01,2.67,4.09,4,1001.0161882833332
2023-09-08,SEC-005,45,64.94,3255.39,2.69,4.17,8,3255.3955276666666
2023-09-08,SEC-006,39,48.4,1863.56,2.18,4.18,5,1863.556300383333
2023-09-11,SEC-001,17,59.3,1010.33,1.66,4.29,3,1010.3349764166668
2023-09-11,SEC-002,45,44.09,1958.11,2.23,4.23,5,1958.11128535
2023-09-11,SEC-003,21,28.47,582.82,3.01,4.23,2,582.81825085
2023-09-11,SEC-004,35,40.05,1139.46,2.2,4.41,3,1139.4572377833333
2023-09-11,SEC-005,56,72.82,4083.03,2.76,4.19,10,4083.036602033333
2023-09-11,SEC-006,31,45.65,1275.47,1.91,4.06,5,1275.4748956
2023-09-12,SEC-001,12,60.95,816.22,2.56,4.19,2,816.2176359666666
2023-09-12,SEC-002,28,41.49,980.97,2.93,4.16,2,980.9725330666666
2023-09-12,SEC-003,36,31.62,1037.26,3.18,4.14,4,1037.26417535
2023-09-12,SEC-004,33,41.76,1159.62,1.9,4.04,3,1159.62165075
2023-09-12,SEC-005,32,62.43,2116.2,2.53,4.29,6,2116.200820933333
2023-09-12,SEC-006,40,52.84,2016.09,1.88,4.18,5,2016.0905833
2023-09-13,SEC-001,29,60.22,1624.83,1.81,4.06,4,1624.8264761
2023-09-13,SEC-002,38,43.47,1561.83,2.94,4.03,3,1561.833463466667
2023-09-13,SEC-003,26,29.31,725.0,2.95,4.18,1,724.9943389166666
2023-09-13,SEC-004,24,39.96,903.92,2.1,4.13,4,903.9232816833334
2023-09-13,SEC-005,32,60.06,2212.67,2.39,4.16,6,2212.667594533333
2023-09-13,SEC-006,42,51.52,2345.5,2.48,4.17,6,2345.505121216667
2023-09-14,SEC-001,11,58.88,666.49,2.34,4.12,1,666.48418345
2023-09-14,SEC-002,36,38.07,1477.58,2.58,4.12,3,1477.5871772
2023-09-14,SEC-003,27,31.08,878.71,3.2,4.17,3,878.7076995333333
2023-09-14,SEC-004,12,45.54,509.7,1.3,4.24,2,509.7067847333333
2023-09-14,SEC-005,23,73.35,1436.89,2.01,4.12,4,1436.8884119666666
2023-09-14,SEC-006,50,51.98,2710.27,2.2,4.13,7,2710.2672075833334
2023-09-15,SEC-001,5,60.59,302.93,2.6,4.2,2,302.92867325000003
2023-09-15,SEC-002,34,38.83,1331.04,2.7,4.24,4,1331.0446533
2023-09-15,SEC-003,5,27.02,125.62,3.83,4.17,2,125.61176711666668
2023-09-15,SEC-004,18,45.02,922.93,1.73,4.11,2,922.9268129166668
2023-09-15,SEC-005,25,66.15,1751.71,2.53,4.41,5,1751.7110229333332
2023-09-15,SEC-006,45,51.48,2592.28,2.2,4.15,7,2592.283401016666
2023-09-18,SEC-001,31,57.46,1744.75,2.26,4.17,5,1744.7471025
2023-09-18,SEC-002,61,42.8,2086.5,3.07,4.27,5,2086.4935515666666
2023-09-18,SEC-003,29,24.26,654.61,2.66,4.11,2,654.6097135333333
2023-09-18,SEC-004,45,41.26,1710.48,2.22,4.08,5,1710.4830618166666
2023-09-18,SEC-005,57,65.21,4094.7,2.62,4.18,10,4094.69930595
2023-09-18,SEC-006,71,54.8,4498.75,2.08,4.38,11,4498.750081733333
2023-09-19,SEC-001,14,50.61,702.0,2.08,4.04,2,702.0001443166666
2023-09-19,SEC-002,60,41.91,2326.53,2.33,4.16,6,2326.53684935
2023-09-19,SEC-003,54,31.15,1611.85,3.02,4.22,4,1611.84641825
2023-09-19,SEC-004,16,29.51,479.57,1.94,4.23,2,479.5725021833333
2023-09-19,SEC-005,56,62.03,3566.59,2.45,4.2,9,3566.5916612666665
2023-09-19,SEC-006,37,45.0,1607.06,2.57,4.15,4,1607.06212775
2023-09-20,SEC-001,13,59.52,714.64,2.16,4.36,1,714.6389021
2023-09-20,SEC-002,30,43.86,1293.62,2.82,4.3,4,1293.610484283333
2023-09-20,SEC-003,37,32.15,1093.71,3.12,4.14,3,1093.7176547333331
2023-09-20,SEC-004,41,45.19,1813.31,2.37,4.4,4,1813.3101826666664
2023-09-20,SEC-005,26,56.55,1525.57,2.62,4.24,5,1525.5698944833334
2023-09-20,SEC-006,33,47.14,1909.41,1.2,4.2,4,1909.41467
2023-09-21,SEC-001,7,62.42,439.39,2.62,4.12,2,439.3848643666667
2023-09-21,SEC-002,29,37.56,958.14,2.66,4.06,3,958.1430788666668
2023-09-21,SEC-003,13,25.62,346.14,2.85,4.0,2,346.1384394666667
2023-09-21,SEC-004,22,42.65,971.12,1.8,4.06,3,971.1218286333334
2023-09-21,SEC-005,27,56.75,1659.01,2.35,4.12,4,1659.0097614166666
2023-09-21,SEC-006,42,55.34,2662.74,2.33,4.37,8,2662.7464136666667
2023-09-22,SEC-001,11,57.72,615.88,1.88,4.09,2,615.8851086833333
2023-09-22,SEC-002,27,39.47,855.76,2.58,4.18,4,855.7602902833333
2023-09-22,SEC-003,39,29.21,1127.6,3.04,4.04,2,1127.6074076666666
2023-09-22,SEC-004,36,43.28,1423.29,2.13,4.29,3,1423.2914726833333
2023-09-22,SEC-005,45,63.47,3168.5,2.51,4.28,8,3168.5033282166664
2023-09-22,SEC-006,38,51.78,1700.73,2.34,4.15,5,1700.72780395
2023-09-25,SEC-001,29,67.05,1910.52,2.12,4.24,5,1910.5247594666664
2023-09-25,SEC-002,49,36.68,1713.93,2.78,4.18,5,1713.9316011833334
2023-09-25,SEC-003,50,29.85,1364.14,2.73,4.15,5,1364.1357583166666
2023-09-25,SEC-004,36,41.5,1329.39,2.27,4.11,5,1329.3800747
2023-09-25,SEC-005,25,50.73,1327.05,2.31,4.32,4,1327.0490028666666
2023-09-25,SEC-006,92,66.03,5640.56,1.94,4.12,15,5640.556073933333
2023-09-26,SEC-001,14,52.42,733.24,2.58,4.38,2,733.2407111666666
2023-09-26,SEC-002,38,34.76,1221.01,2.15,4.18,3,1221.0093190333334
2023-09-26,SEC-003,31,29.65,821.54,2.92,4.24,2,821.5468128833334
2023-09-26,SEC-004,38,42.46,1394.83,2.78,4.25,4,1394.8304968333332
2023-09-26,SEC-005,79,70.22,5206.09,2.65,4.25,12,5206.092324083334
2023-09-26,SEC-006,30,46.51,1481.16,3.1,4.19,3,1481.1600528
2023-09-27,SEC-001,9,62.4,531.01,2.92,4.34,3,531.0156359833334
2023-09-27,SEC-002,19,40.01,644.68,3.67,4.04,2,644.6752759833333
2023-09-27,SEC-003,22,31.49,655.95,3.19,4.11,1,655.9470673666667
2023-09-27,SEC-004,20,39.82,759.97,2.29,4.24,3,759.98141965
2023-09-27,SEC-005,27,55.05,1642.41,3.04,4.07,4,1642.4066610333334
2023-09-27,SEC-006,43,57.22,2387.82,2.73,4.16,6,2387.811651716667
2023-09-29,SEC-001,25,64.66,1527.65,1.86,4.12,3,1527.64893685
2023-09-29,SEC-002,36,47.18,1407.99,3.14,4.08,4,1407.9858598333333
2023-09-29,SEC-003,25,26.9,614.22,2.42,4.25,2,614.2229633666667
2023-09-29,SEC-004,39,41.36,1397.46,1.84,4.3,4,1397.4667280333333
2023-09-29,SEC-005,49,70.24,2988.72,2.94,4.12,8,2988.7262811666665
2023-09-29,SEC-006,31,49.23,1612.53,2.53,4.29,5,1612.5304429833334
2023-10-02,SEC-001,23,58.0,1258.65,2.37,4.2,3,1258.64828045
2023-10-02,SEC-002,51,42.34,1889.64,2.46,4.2,4,1889.6486534333333
2023-10-02,SEC-003,34,28.67,1022.81,2.95,4.13,3,1022.8039633833332
2023-10-02,SEC-004,48,42.14,1861.48,2.28,4.14,4,1861.4755145333331
2023-10-02,SEC-005,64,67.01,4466.96,2.98,4.17,11,4466.953843133333
2023-10-02,SEC-006,55,53.32,3046.17,2.47,4.28,8,3046.1719169166668
2023-10-03,SEC-001,13,54.92,641.44,1.68,3.96,1,641.43668395
2023-10-03,SEC-002,26,34.76,784.76,2.93,4.11,2,784.76153955
2023-10-03,SEC-003,35,30.67,1098.68,2.88,4.18,2,1098.6784618333334
2023-10-03,SEC-004,64,53.06,3065.54,1.98,4.14,8,3065.5433685666667
2023-10-03,SEC-005,24,57.33,1208.36,2.47,4.19,2,1208.3537663666666
2023-10-03,SEC-006,39,52.37,2334.71,2.18,4.27,5,2334.707273216666
2023-10-04,SEC-001,9,52.64,488.87,2.14,4.07,2,488.8628796333333
2023-10-04,SEC-002,35,42.7,1386.18,2.62,4.05,5,1386.182047
2023-10-04,SEC-003,30,33.63,866.15,3.1,4.13,3,866.1570984
2023-10-04,SEC-004,22,38.02,925.68,2.1,4.1,3,925.6828565333334
2023-10-04,SEC-005,27,70.35,1504.03,2.5,4.52,4,1504.0256965
2023-10-04,SEC-006,39,48.26,1813.53,2.19,4.18,6,1813.5391793833328
2023-10-05,SEC-001,14,58.6,820.37,1.93,4.22,2,820.3721539000001
2023-10-05,SEC-002,49,40.09,1961.97,2.77,4.22,5,1961.9679888
2023-10-05,SEC-003,16,26.05,372.92,3.23,4.48,1,372.92436446666665
2023-10-05,SEC-004,20,42.1,856.68,2.26,4.09,4,856.69382415
2023-10-05,SEC-005,34,63.0,2465.33,2.48,4.11,6,2465.3250687333334
2023-10-05,SEC-006,25,47.36,1371.91,2.25,4.07,4,1371.9159012333334
2023-10-06,SEC-001,13,57.34,767.48,2.72,4.0,2,767.4793680666667
2023-10-06,SEC-002,46,45.36,1852.93,2.3,4.23,5,1852.9371291833331
2023-10-06,SEC-003,34,30.32,972.94,2.98,4.17,2,972.9399742833332
2023-10-06,SEC-004,20,38.41,758.7,2.05,4.24,1,758.6940097666667
2023-10-06,SEC-005,41,67.32,2524.64,2.69,4.19,8,2524.64373005
2023-10-06,SEC-006,24,41.55,1013.1,2.69,4.0,3,1013.0910891166668
2023-10-09,SEC-001,11,53.83,599.93,1.85,4.2,3,599.93493225
2023-10-09,SEC-002,62,43.53,2526.95,2.97,4.04,6,2526.94704285
2023-10-09,SEC-003,35,25.04,982.78,2.58,4.07,3,982.7825735
2023-10-09,SEC-004,49,41.51,2280.62,2.05,4.14,7,2280.6237273666666
2023-10-09,SEC-005,65,59.11,3982.76,3.18,4.21,10,3982.7629069
2023-10-09,SEC-006,81,53.16,4625.05,2.58,4.12,12,4625.0508682166665
2023-10-10,SEC-001,17,54.86,911.59,1.82,4.12,3,911.5840606333334
2023-10-10,SEC-002,40,42.12,1413.76,2.76,3.98,5,1413.76958575
2023-10-10,SEC-003,36,34.76,1290.96,3.4,4.11,3,1290.9565349333334
2023-10-10,SEC-004,26,42.86,1004.92,2.7,4.2,4,1004.92118885
2023-10-10,SEC-005,49,70.04,3968.07,3.0,4.06,10,3968.070690683333
2023-10-10,SEC-006,29,45.63,1511.29,2.1,4.25,4,1511.2918084833334
2023-10-11,SEC-001,20,59.5,1198.23,2.0,4.06,3,1198.2287073833334
2023-10-11,SEC-002,33,39.45,1274.02,2.66,4.33,4,1274.029852
2023-10-11,SEC-003,59,33.25,1849.86,2.62,4.27,5,1849.8601384
2023-10-11,SEC-004,18,41.33,722.57,2.37,4.38,2,722.5646500333334
2023-10-11,SEC-005,69,60.57,3661.63,2.89,4.09,9,3661.6315617
2023-10-11,SEC-006,27,46.21,1407.97,2.44,4.22,5,1407.9644206833334
2023-10-12,SEC-001,16,60.82,973.11,1.75,4.19,3,973.1106822666668
2023-10-12,SEC-002,38,35.83,1161.84,2.27,4.13,3,1161.8460663833334
2023-10-12,SEC-003,19,27.58,507.98,2.87,4.25,2,507.979971
2023-10-12,SEC-004,32,36.99,1155.49,2.75,4.24,3,1155.4915525
2023-10-12,SEC-005,81,72.59,5104.74,2.63,4.18,12,5104.741287133334
2023-10-12,SEC-006,40,46.14,1825.42,2.11,4.24,5,1825.419292066667
2023-10-13,SEC-001,10,54.46,544.57,2.2,4.4,2,544.5651180333333
2023-10-13,SEC-002,41,41.49,1526.29,2.53,4.21,3,1526.2923878166666
2023-10-13,SEC-003,22,25.19,540.4,2.93,4.51,2,540.39656555
2023-10-13,SEC-004,29,42.47,1027.29,2.36,4.18,2,1027.2940240333332
2023-10-13,SEC-005,45,64.13,3298.4,2.9,4.22,7,3298.3952606
2023-10-13,SEC-006,60,51.63,3280.04,2.34,4.15,8,3280.0497491666665
2023-10-16,SEC-001,23,66.84,1372.98,2.36,4.23,4,1372.9795648833333
2023-10-16,SEC-002,53,38.15,1980.18,2.74,4.17,6,1980.1853758333332
2023-10-16,SEC-003,71,31.82,2328.82,2.66,4.07,6,2328.822640483333
2023-10-16,SEC-004,25,37.03,901.88,2.09,4.29,4,901.868522
2023-10-16,SEC-005,86,66.83,5701.24,2.59,4.23,14,5701.2447708
2023-10-16,SEC-006,54,51.22,2913.25,2.6,4.11,7,2913.2470355833334
2023-10-17,SEC-001,13,55.89,702.36,2.78,4.38,2,702.3584539999999
2023-10-17,SEC-002,39,33.78,1160.73,3.13,4.12,3,1160.7298108
2023-10-17,SEC-003,19,27.96,559.97,2.53,4.36,1,559.97337915
2023-10-17,SEC-004,21,37.52,742.42,1.83,4.25,2,742.42527355
2023-10-17,SEC-005,67,69.41,5197.24,2.61,4.18,13,5197.23823
2023-10-17,SEC-006,46,51.16,2415.38,2.5,4.08,7,2415.3747469333334
2023-10-18,SEC-001,11,59.3,639.9,3.22,4.19,2,639.8960277333333
2023-10-18,SEC-002,34,40.85,1362.47,2.98,4.08,4,1362.4703347666666
2023-10-18,SEC-003,23,26.81,607.41,2.59,4.21,3,607.4144156
2023-10-18,SEC-004,36,44.47,1620.32,2.27,4.27,3,1620.3107216666667
2023-10-18,SEC-005,50,66.98,3373.92,2.7,4.18,9,3373.92378725
2023-10-18,SEC-006,9,44.17,384.14,3.22,4.03,1,384.1474437333334
2023-10-19,SEC-001,21,61.11,1274.41,2.34,4.14,4,1274.4113194666666
2023-10-19,SEC-002,57,43.33,2252.44,2.54,4.08,7,2252.443332683333
2023-10-19,SEC-003,49,30.46,1254.74,2.79,3.72,3,1254.7467031
2023-10-19,SEC-004,16,34.66,498.61,2.17,4.2,2,498.60555066666666
2023-10-19,SEC-005,40,62.22,2393.44,2.49,4.09,7,2393.435913183333
2023-10-19,SEC-006,52,52.8,2901.66,2.73,4.23,7,2901.6609904166667
2023-10-20,SEC-001,9,53.43,455.55,2.18,4.5,2,455.5493977166667
2023-10-20,SEC-002,57,39.01,1933.13,2.38,4.31,5,1933.1286888333332
2023-10-20,SEC-003,30,28.98,843.71,2.71,4.12,3,843.7085954833334
2023-10-20,SEC-004,64,48.94,2631.28,3.1,4.22,7,2631.28353705
2023-10-20,SEC-005,54,66.13,4079.78,2.91,4.21,9,4079.7896119833335
2023-10-20,SEC-006,27,40.46,1368.78,2.59,4.08,3,1368.7838390333334
2023-10-23,SEC-001,43,64.48,2707.15,2.26,4.16,7,2707.1489271833334
2023-10-23,SEC-002,54,36.41,1931.31,2.7,4.39,4,1931.3114555
2023-10-23,SEC-003,60,28.59,1535.73,2.68,4.16,3,1535.7246924333333
2023-10-23,SEC-004,38,38.55,1361.1,2.06,4.17,3,1361.095685883333
2023-10-23,SEC-005,86,69.75,6309.15,2.51,4.2,16,6309.14813855
2023-10-23,SEC-006,73,53.16,3910.09,2.13,4.13,10,3910.096087683333
2023-10-24,SEC-001,21,56.14,1206.59,1.7,3.97,3,1206.5920961166669
2023-10-24,SEC-002,33,30.51,1074.18,2.58,4.13,4,1074.1807346666667
2023-10-24,SEC-003,27,28.94,750.9,3.31,4.29,2,750.89899625
2023-10-24,SEC-004,25,38.21,991.35,2.1,4.01,3,991.3470438166668
2023-10-24,SEC-005,55,61.44,3144.83,2.46,4.2,8,3144.828891
2023-10-24,SEC-006,48,50.42,2577.1,1.76,4.38,8,2577.1017923333334
2023-10-25,SEC-001,7,51.14,347.18,1.65,4.35,1,347.1750700333333
2023-10-25,SEC-002,41,47.74,1535.52,2.35,4.21,4,1535.5208856
2023-10-25,SEC-003,30,29.49,856.97,2.52,4.1,3,856.9732915833333
2023-10-25,SEC-004,25,43.4,1048.14,2.35,4.13,2,1048.14404845
2023-10-25,SEC-005,31,61.54,1778.32,2.77,4.04,5,1778.3179350333337
2023-10-25,SEC-006,28,42.45,1204.76,2.4,4.3,3,1204.7667727833334
2023-10-26,SEC-001,41,68.05,2498.08,1.82,4.28,5,2498.0823426666666
2023-10-26,SEC-002,55,38.34,1773.35,2.72,4.08,4,1773.34998195
2023-10-26,SEC-003,46,30.16,1432.37,2.81,4.22,5,1432.3787034
2023-10-26,SEC-004,24,35.1,736.21,2.42,4.18,2,736.2041535333333
2023-10-26,SEC-005,58,64.79,3577.83,2.54,4.2,9,3577.8318291666665
2023-10-26,SEC-006,65,51.76,3126.65,2.21,4.29,8,3126.6534568666666
2023-10-27,SEC-001,9,49.78,474.6,2.86,4.39,3,474.59935785
2023-10-27,SEC-002,23,34.18,846.33,2.44,4.32,3,846.3327074666666
2023-10-27,SEC-003,28,32.06,808.15,2.68,4.17,1,808.14145765
2023-10-27,SEC-004,19,48.03,846.88,2.53,4.34,3,846.8822513166667
2023-10-27,SEC-005,32,53.71,1616.74,2.93,4.2,4,1616.7430304
2023-10-27,SEC-006,36,50.88,1921.1,1.93,4.29,4,1921.1152954833333
2023-10-30,SEC-001,11,55.54,590.25,1.41,4.0,2,590.2494086666667
2023-10-30,SEC-002,18,31.14,619.79,2.97,4.08,2,619.78754445
2023-10-30,SEC-003,52,31.64,1664.5,2.9,4.19,3,1664.4980523833333
2023-10-30,SEC-004,38,42.17,1681.63,2.33,4.09,5,1681.6362422166667
2023-10-30,SEC-005,52,64.59,3600.47,2.68,4.18,8,3600.4649998166665
2023-10-30,SEC-006,42,49.48,2160.31,2.12,4.2,6,2160.3071657833334
2023-10-31,SEC-001,12,53.3,616.03,2.19,4.44,3,616.0310359833334
2023-10-31,SEC-002,31,38.97,1131.4,2.85,4.18,3,1131.4010758833333
2023-10-31,SEC-003,34,29.91,955.62,3.62,4.07,3,955.6169623333334
2023-10-31,SEC-004,18,41.29,560.52,1.68,4.17,2,560.5167374333333
2023-10-31,SEC-005,23,58.79,1539.26,3.31,4.24,3,1539.259298383333
2023-10-31,SEC-006,35,56.89,2095.48,2.02,4.12,6,2095.4714044666666
2023-11-01,SEC-001,16,60.2,992.12,1.96,4.08,4,992.1201493833332
2023-11-01,SEC-002,57,42.7,2505.35,2.63,4.22,6,2505.3491295
2023-11-01,SEC-003,14,24.11,332.81,3.04,3.79,1,332.80495433333334
2023-11-01,SEC-004,22,37.95,892.2,2.31,4.03,2,892.20403215
2023-11-01,SEC-005,44,65.43,3152.94,2.79,4.09,8,3152.9423265166665
2023-11-01,SEC-006,28,46.18,1307.21,2.24,4.16,4,1307.2193298166667
2023-11-02,SEC-001,14,52.5,741.77,2.86,4.34,1,741.77001005
2023-11-02,SEC-002,24,34.19,730.56,2.48,4.31,2,730.5562627166667
2023-11-02,SEC-003,45,33.85,1358.2,2.97,4.18,5,1358.2032707
2023-11-02,SEC-004,27,42.45,1021.07,1.76,4.03,3,1021.0735032333332
2023-11-02,SEC-005,27,65.47,1878.95,2.39,4.36,5,1878.9487379166667
2023-11-02,SEC-006,47,53.4,2685.26,1.82,4.17,7,2685.272685533333
2023-11-03,SEC-001,18,54.56,976.34,2.11,4.28,2,976.3423818333332
2023-11-03,SEC-002,21,33.41,713.82,3.03,4.06,1,713.8159548166667
2023-11-03,SEC-003,47,35.15,1610.84,2.92,4.28,4,1610.8379238333332
2023-11-03,SEC-004,20,39.73,820.85,2.89,4.08,1,820.8566246666667
2023-11-03,SEC-005,50,70.66,3268.48,2.62,4.24,9,3268.4808999666666
2023-11-03,SEC-006,29,56.47,1304.41,1.77,4.09,4,1304.4129489833333
2023-11-06,SEC-001,16,56.32,855.98,1.74,4.06,2,855.9741431
2023-11-06,SEC-002,53,38.36,2002.82,2.47,4.14,4,2002.82271835
2023-11-06,SEC-003,43,29.41,1222.43,2.98,4.13,2,1222.4311007666668
2023-11-06,SEC-004,36,43.16,1247.06,2.66,4.26,4,1247.06531865
2023-11-06,SEC-005,79,69.0,5329.89,2.53,4.15,13,5329.895067333333
2023-11-06,SEC-006,75,49.83,4248.37,2.23,4.21,12,4248.375122866667
2023-11-07,SEC-001,10,54.03,581.07,2.56,4.12,2,581.0738157333334
2023-11-07,SEC-002,31,40.28,927.81,2.94,4.22,2,927.80312425
2023-11-07,SEC-003,44,32.4,1310.08,3.14,4.19,5,1310.092518916667
2023-11-07,SEC-004,41,45.92,1509.35,2.47,4.19,4,1509.3575255333333
2023-11-07,SEC-005,44,61.69,2825.05,3.16,4.14,7,2825.050142833333
2023-11-07,SEC-006,33,45.05,1388.04,2.06,4.24,3,1388.052274183333
2023-11-08,SEC-001,20,64.96,1239.2,1.55,4.23,3,1239.1954543333334
2023-11-08,SEC-002,30,39.99,1308.08,2.71,4.06,4,1308.07903965
2023-11-08,SEC-003,42,32.05,1249.58,2.52,4.17,4,1249.58235755
2023-11-08,SEC-004,13,35.7,471.1,2.05,4.17,2,471.1010807166667
2023-11-08,SEC-005,11,55.72,648.49,2.92,4.22,1,648.4875086166667
2023-11-08,SEC-006,54,53.6,3021.48,2.3,4.23,8,3021.473266933333
2023-11-09,SEC-001,6,57.12,372.89,2.1,4.2,1,372.8953451
2023-11-09,SEC-002,28,35.46,1029.43,2.14,3.97,4,1029.4367136333333
2023-11-09,SEC-003,26,29.72,755.89,2.92,4.29,1,755.8845190833333
2023-11-09,SEC-004,18,37.7,575.23,2.83,4.15,2,575.2347064166667
2023-11-09,SEC-005,55,72.11,3405.09,2.41,4.12,10,3405.0890822666665
2023-11-09,SEC-006,49,48.32,2180.89,2.09,4.3,6,2180.881852216666
2023-11-10,SEC-001,12,56.72,697.94,2.02,4.38,2,697.93835405
2023-11-10,SEC-002,23,35.28,784.18,1.99,4.34,1,784.179208
2023-11-10,SEC-003,26,25.04,688.24,2.48,4.05,1,688.2387374833334
2023-11-10,SEC-004,22,42.36,860.9,2.45,4.23,3,860.8969988
2023-11-10,SEC-005,23,66.34,1475.94,3.12,4.11,4,1475.93270645
2023-11-10,SEC-006,45,55.29,2451.62,2.05,4.2,5,2451.61858695
2023-11-13,SEC-001,18,56.99,1059.86,1.96,4.09,3,1059.864480083333
2023-11-13,SEC-002,33,38.39,1247.77,2.4,4.14,3,1247.7716843333333
2023-11-13,SEC-003,35,27.78,1033.83,2.8,4.2,3,1033.8258706
2023-11-13,SEC-004,57,44.58,2463.3,2.01,4.16,7,2463.3090132166667
2023-11-13,SEC-005,47,58.83,2579.23,2.74,4.14,6,2579.2281534
2023-11-13,SEC-006,57,49.4,2893.98,2.6,4.22,8,2893.9814203666665
2023-11-14,SEC-001,16,55.35,940.11,1.66,4.2,3,940.1103408833332
2023-11-14,SEC-002,28,36.31,936.96,3.2,4.38,3,936.957705
2023-11-14,SEC-003,18,26.81,470.03,3.11,4.11,1,470.02680895
2023-11-14,SEC-004,25,39.06,1006.01,1.99,4.14,4,1006.00647285
2023-11-14,SEC-005,42,69.09,3264.15,2.36,4.24,8,3264.13928665
2023-11-14,SEC-006,44,52.93,2400.88,2.15,4.32,6,2400.8765655666666
2023-11-15,SEC-001,12,55.24,714.81,2.4,4.15,2,714.8153443166667
2023-11-15,SEC-002,45,34.84,1658.81,2.78,4.15,3,1658.8023126333333
2023-11-15,SEC-003,54,33.66,1521.79,2.29,4.33,4,1521.7875290666666
2023-11-15,SEC-004,24,44.88,977.86,2.24,4.22,3,977.8659789666666
2023-11-15,SEC-005,53,66.87,4021.76,2.43,4.09,10,4021.7579339666663
2023-11-15,SEC-006,50,50.24,2706.08,2.76,4.33,7,2706.0777114166667
2023-11-16,SEC-001,23,52.28,1187.67,1.31,4.15,4,1187.6642187
2023-11-16,SEC-002,27,33.26,947.24,3.26,4.25,2,947.2473987333332
2023-11-16,SEC-003,22,24.0,513.28,3.38,4.28,1,513.2782675666667
2023-11-16,SEC-004,42,44.42,1622.06,2.15,4.18,5,1622.067843133333
2023-11-16,SEC-005,40,66.36,3064.03,2.93,4.38,8,3064.0359652
2023-11-16,SEC-006,39,48.76,1996.06,2.04,4.18,5,1996.0564944833332
2023-11-17,SEC-001,6,54.5,320.72,2.12,4.0,1,320.7241070333333
2023-11-17,SEC-002,31,33.46,1132.03,2.99,4.04,4,1132.03518155
2023-11-17,SEC-003,25,30.68,709.36,3.13,4.08,3,709.36416645
2023-11-17,SEC-004,27,48.36,1052.81,1.9,4.08,4,1052.809256366667
2023-11-17,SEC-005,36,70.16,2615.89,2.37,4.07,7,2615.8910085
2023-11-17,SEC-006,35,52.88,1750.34,2.42,4.18,6,1750.3359688833334
2023-11-20,SEC-001,6,57.88,391.86,2.1,4.2,1,391.8521411833333
2023-11-20,SEC-002,101,41.97,3756.19,2.63,4.19,9,3756.1976441833335
2023-11-20,SEC-003,59,30.84,1483.25,2.54,4.25,4,1483.2443380333334
2023-11-20,SEC-004,54,39.2,1824.43,2.05,4.19,5,1824.4274374166664
2023-11-20,SEC-005,80,61.11,5253.2,2.63,4.17,12,5253.205595733333
2023-11-20,SEC-006,52,45.61,2675.79,2.17,4.1,7,2675.7918023166667
2023-11-21,SEC-001,17,60.34,1054.66,2.01,4.21,3,1054.66151045
2023-11-21,SEC-002,35,38.2,1116.24,2.11,4.28,4,1116.2484001333332
2023-11-21,SEC-003,42,31.4,1465.38,2.78,4.16,4,1465.3836005333333
2023-11-21,SEC-004,33,39.58,1329.6,2.1,4.06,4,1329.5977681166669
2023-11-21,SEC-005,66,69.91,4607.06,1.92,4.41,11,4607.054397283333
2023-11-21,SEC-006,19,39.76,810.89,2.43,4.16,2,810.89207515
2023-11-22,SEC-001,13,59.07,676.33,0.96,3.96,1,676.3365790333334
2023-11-22,SEC-002,37,36.73,1392.23,2.76,4.04,4,1392.219683733333
2023-11-22,SEC-003,34,31.49,1002.31,2.85,4.12,3,1002.3137333833332
2023-11-22,SEC-004,36,41.21,1471.04,2.17,4.29,4,1471.0450282833333
2023-11-22,SEC-005,56,64.7,3872.96,2.88,4.24,10,3872.9677607666663
2023-11-22,SEC-006,30,40.71,1333.26,2.36,4.21,4,1333.2566605
2023-11-23,SEC-001,9,54.74,493.84,2.68,4.32,2,493.84005006666666
2023-11-23,SEC-002,37,43.66,1558.73,2.77,4.12,3,1558.731266666667
2023-11-23,SEC-003,25,30.19,756.31,2.9,4.08,2,756.30446435
2023-11-23,SEC-004,23,40.3,817.83,2.6,4.19,2,817.8338206999999
2023-11-23,SEC-005,31,68.57,1857.7,2.97,4.28,4,1857.6976098
2023-11-23,SEC-006,21,46.94,1128.34,2.6,4.09,3,1128.3374426166667
2023-11-24,SEC-001,7,58.32,408.26,3.14,4.29,1,408.2640296833333
2023-11-24,SEC-002,36,37.75,1311.06,3.0,4.2,4,1311.05452045
2023-11-24,SEC-003,30,27.36,770.11,2.83,4.06,2,770.1190302
2023-11-24,SEC-004,25,41.12,1032.42,2.49,3.93,2,1032.4173728333333
2023-11-24,SEC-005,37,65.64,2175.31,2.3,4.08,7,2175.3026506166666
2023-11-24,SEC-006,54,65.48,3160.68,2.36,4.15,9,3160.6796345
2023-11-27,SEC-001,14,64.81,907.36,2.36,4.28,3,907.3604665
2023-11-27,SEC-002,53,38.59,1941.52,2.57,4.12,5,1941.5127414833332
2023-11-27,SEC-003,18,28.23,481.46,3.42,4.24,3,481.4618903
2023-11-27,SEC-004,30,38.16,938.38,2.42,4.28,3,938.3711630166666
2023-11-27,SEC-005,95,65.58,5538.05,2.33,4.19,14,5538.0450111
2023-11-27,SEC-006,80,50.48,4285.3,2.26,4.23,10,4285.293834783333
2023-11-28,SEC-001,17,56.14,957.61,1.86,4.22,3,957.6121924666668
2023-11-28,SEC-002,30,37.76,1036.15,2.28,4.21,2,1036.151468283333
2023-11-28,SEC-003,51,31.42,1565.72,2.92,4.22,3,1565.7156138833334
2023-11-28,SEC-004,32,35.98,1126.67,2.3,4.36,3,1126.6702535333334
2023-11-28,SEC-005,61,66.31,3859.12,2.79,4.05,10,3859.119868183333
2023-11-28,SEC-006,25,41.19,1099.81,2.52,4.0,3,1099.818123516667
2023-11-29,SEC-001,10,56.0,639.03,1.61,4.22,1,639.0333809833334
2023-11-29,SEC-002,24,35.99,807.22,3.31,4.24,2,807.2234088833334
2023-11-29,SEC-003,49,33.21,1703.25,2.84,4.16,6,1703.2510915333332
2023-11-29,SEC-004,26,41.29,910.98,3.25,4.33,4,910.9819602833334
2023-11-29,SEC-005,30,64.88,1740.29,2.87,4.18,5,1740.2826192166667
2023-11-29,SEC-006,40,47.29,1853.89,1.68,4.14,6,1853.8997850833332
2023-11-30,SEC-001,15,57.82,878.39,1.1,4.12,3,878.3959915666667
2023-11-30,SEC-002,34,37.7,1176.21,2.88,4.22,2,1176.2159613666668
2023-11-30,SEC-003,37,30.32,1079.31,3.42,4.16,3,1079.3102423333332
2023-11-30,SEC-004,20,39.65,822.65,2.0,4.08,3,822.6424183833333
2023-11-30,SEC-005,55,65.7,3423.83,2.43,4.12,9,3423.828758033333
2023-11-30,SEC-006,47,51.19,2749.51,1.86,4.24,7,2749.5151707833334
2023-12-01,SEC-001,17,67.38,1133.9,2.88,4.12,3,1133.9022370833334
2023-12-01,SEC-002,40,39.79,1492.26,3.15,4.06,4,1492.2655686
2023-12-01,SEC-003,44,34.97,1189.99,3.43,4.47,3,1189.9948226333331
2023-12-01,SEC-004,15,34.39,515.33,1.86,4.12,2,515.3263021166666
2023-12-01,SEC-005,16,52.57,1001.46,2.55,4.18,3,1001.4561709
2023-12-01,SEC-006,37,52.73,1972.05,2.71,4.17,6,1972.0566449
2023-12-04,SEC-001,10,54.58,524.25,1.96,4.08,2,524.2535258333334
2023-12-04,SEC-002,77,38.45,2741.23,3.43,4.1,6,2741.2329791833336
2023-12-04,SEC-003,73,31.47,2129.42,2.47,4.16,5,2129.418799416667
2023-12-04,SEC-004,60,41.0,2285.37,2.23,4.23,5,2285.3731542166665
2023-12-04,SEC-005,93,61.0,6184.42,2.81,4.09,14,6184.413303233334
2023-12-04,SEC-006,108,52.19,5719.39,2.14,4.17,13,5719.39507355
2023-12-05,SEC-001,18,56.22,1114.96,1.64,4.37,4,1114.96739205
2023-12-05,SEC-002,31,37.14,1124.06,3.7,4.22,3,1124.05587395
2023-12-05,SEC-003,36,31.63,1184.49,3.09,4.1,3,1184.4909276
2023-12-05,SEC-004,19,35.39,685.88,2.75,4.04,3,685.8755924
2023-12-05,SEC-005,40,69.25,3087.13,3.09,4.15,8,3087.1304708
2023-12-05,SEC-006,29,45.18,1188.27,1.64,4.27,3,1188.2695630666667
2023-12-06,SEC-001,8,63.96,540.18,1.84,4.0,2,540.1798519166666
2023-12-06,SEC-002,46,40.62,1716.04,2.21,4.23,5,1716.041888083333
2023-12-06,SEC-003,20,27.17,567.14,2.24,4.18,2,567.1444282
2023-12-06,SEC-004,26,42.09,889.74,1.92,4.15,3,889.7468299666666
2023-12-06,SEC-005,91,65.99,5516.86,2.86,4.14,13,5516.860675983333
2023-12-06,SEC-006,25,45.2,1278.45,2.55,4.06,4,1278.44348395
2023-12-07,SEC-001,23,58.78,1291.28,2.13,4.03,3,1291.27996085
2023-12-07,SEC-002,51,41.44,1910.65,2.14,4.41,4,1910.64478425
2023-12-07,SEC-003,34,32.03,1201.67,2.95,4.24,3,1201.6744021
2023-12-07,SEC-004,14,39.3,480.7,1.75,4.46,1,480.6991418833333
2023-12-07,SEC-005,48,63.69,3419.31,2.52,4.16,10,3419.3105895
2023-12-07,SEC-006,19,42.34,914.41,2.16,4.24,4,914.4174977166666
2023-12-08,SEC-001,13,47.2,620.3,2.12,4.18,2,620.3040882
2023-12-08,SEC-002,37,37.21,1410.5,2.58,4.32,4,1410.499388316667
2023-12-08,SEC-003,26,28.12,740.39,3.68,4.31,2,740.3899847333333
2023-12-08,SEC-004,39,41.44,1510.09,2.45,4.16,4,1510.0927980166666
2023-12-08,SEC-005,37,59.85,2120.18,2.56,4.1,6,2120.184427816667
2023-12-08,SEC-006,41,52.74,1912.26,1.94,4.12,4,1912.2662635166664
2023-12-11,SEC-001,30,58.54,1616.19,2.28,4.11,5,1616.1941309833333
2023-12-11,SEC-002,73,38.85,2648.45,2.88,4.21,6,2648.44821645
2023-12-11,SEC-003,80,32.87,2766.87,2.87,4.22,6,2766.87446485
2023-12-11,SEC-004,41,36.27,1295.77,2.04,4.28,4,1295.7767900833333
2023-12-11,SEC-005,47,60.96,3036.24,2.7,4.16,8,3036.23548125
2023-12-11,SEC-006,57,48.36,2947.86,2.1,4.23,8,2947.866536666667
2023-12-12,SEC-001,17,68.04,1131.41,1.5,4.15,2,1131.4146171333334
2023-12-12,SEC-002,23,36.04,818.44,2.39,4.18,1,818.4391142333334
2023-12-12,SEC-003,39,31.05,1107.03,3.22,4.01,3,1107.02955185
2023-12-12,SEC-004,16,37.55,574.92,1.83,4.19,2,574.9184557666667
2023-12-12,SEC-005,43,60.15,2893.75,2.84,4.14,7,2893.7500525166665
2023-12-12,SEC-006,68,53.72,3693.01,3.06,4.24,8,3693.0102013
2023-12-13,SEC-001,17,56.96,1032.14,1.58,3.92,4,1032.1432918
2023-12-13,SEC-002,25,35.2,759.43,2.93,4.36,2,759.4284218166666
2023-12-13,SEC-003,36,32.64,1139.71,3.25,4.26,3,1139.7106211166667
2023-12-13,SEC-004,14,32.47,415.54,2.37,4.41,1,415.54344385
2023-12-13,SEC-005,36,62.74,2343.83,2.49,4.14,7,2343.8351624666666
2023-12-13,SEC-006,44,53.13,2368.14,2.2,4.1,6,2368.14162115
2023-12-14,SEC-001,11,56.4,616.73,2.78,4.3,1,616.7267820333333
2023-12-14,SEC-002,24,37.62,902.84,2.25,4.04,3,902.8357389
2023-12-14,SEC-003,9,29.18,258.65,2.48,4.22,1,258.6510766833333
2023-12-14,SEC-004,18,45.79,806.54,2.34,4.21,1,806.5324786666666
2023-12-14,SEC-005,37,58.45,2072.9,2.99,4.14,5,2072.8959438666666
2023-12-14,SEC-006,64,55.08,3987.87,2.16,4.19,10,3987.8734079
2023-12-15,SEC-001,13,55.88,698.64,2.5,4.12,3,698.6468669
2023-12-15,SEC-002,63,47.03,2748.31,2.43,4.16,8,2748.3032978
2023-12-15,SEC-003,27,24.7,602.75,3.32,4.17,2,602.7471306666666
2023-12-15,SEC-004,23,40.8,1005.01,2.45,4.27,4,1005.0024594166666
2023-12-15,SEC-005,40,58.01,2378.5,2.96,4.21,6,2378.5031069
2023-12-15,SEC-006,35,45.79,1629.21,1.86,4.05,3,1629.21493895
2023-12-18,SEC-001,18,60.22,1109.84,2.02,4.16,3,1109.8379624333334
2023-12-18,SEC-002,58,37.56,2052.06,2.42,4.14,5,2052.053476
2023-12-18,SEC-003,34,28.67,968.02,2.82,4.1,3,968.0185370666668
2023-12-18,SEC-004,33,39.32,1239.21,2.57,4.21,3,1239.21308875
2023-12-18,SEC-005,126,74.14,10658.17,2.36,4.17,26,10658.173091583334
2023-12-18,SEC-006,76,49.03,4223.91,2.06,4.15,11,4223.904678
2023-12-19,SEC-001,30,71.28,1856.38,2.22,4.32,5,1856.3819038666663
2023-12-19,SEC-002,24,31.42,664.77,1.93,4.13,2,664.7697151
2023-12-19,SEC-003,19,26.81,475.2,2.82,4.3,2,475.196045
2023-12-19,SEC-004,15,36.8,449.59,2.55,4.45,3,449.58708463333335
2023-12-19,SEC-005,36,64.02,2552.42,2.56,4.19,7,2552.4311564833333
2023-12-19,SEC-006,34,51.99,1908.53,2.6,4.03,6,1908.53815475
2023-12-20,SEC-001,9,58.28,533.17,2.33,4.32,3,533.17164155
2023-12-20,SEC-002,30,44.76,1063.29,2.3,4.22,4,1063.2770930333334
2023-12-20,SEC-003,21,29.83,672.39,3.11,4.19,2,672.3915527666667
2023-12-20,SEC-004,18,38.06,657.11,2.52,4.39,2,657.1093136333334
2023-12-20,SEC-005,21,55.7,1142.7,2.77,4.15,3,1142.7000059333334
2023-12-20,SEC-006,56,52.38,3011.31,2.2,4.15,8,3011.309853816667
2023-12-21,SEC-001,13,69.62,796.95,1.56,4.16,2,796.95798065
2023-12-21,SEC-002,35,39.22,1412.13,2.35,4.22,5,1412.1249440666666
2023-12-21,SEC-003,35,29.73,1005.28,2.93,4.12,2,1005.2735144833332
2023-12-21,SEC-004,7,44.54,229.69,2.66,4.0,1,229.68580853333333
2023-12-21,SEC-005,49,67.2,3564.41,2.47,4.17,9,3564.414442816667
2023-12-21,SEC-006,51,54.09,2576.08,2.3,4.22,7,2576.080690483333
2023-12-22,SEC-001,19,55.07,1132.96,1.65,4.54,2,1132.96029855
2023-12-22,SEC-002,54,40.06,2102.17,2.72,4.31,7,2102.1726778
2023-12-22,SEC-003,18,26.73,426.8,5.15,4.0,3,426.7964935
2023-12-22,SEC-004,13,35.79,456.16,1.57,4.47,2,456.1603378833333
2023-12-22,SEC-005,48,64.92,2683.68,2.28,4.32,7,2683.68124315
2023-12-22,SEC-006,35,46.43,1535.3,1.87,4.19,4,1535.3034938
2023-12-27,SEC-001,12,64.64,846.6,1.83,4.16,3,846.6028566333333
2023-12-27,SEC-002,30,34.5,892.05,2.6,4.2,2,892.0485508666667
2023-12-27,SEC-003,35,30.82,1109.67,3.14,4.44,3,1109.6759678333333
2023-12-27,SEC-004,21,36.79,824.39,1.92,4.2,2,824.3936815166667
2023-12-27,SEC-005,64,69.08,3889.92,3.12,4.14,10,3889.9265585666662
2023-12-27,SEC-006,45,55.63,2414.95,2.19,4.28,5,2414.94583855
2023-12-28,SEC-001,20,60.16,1123.27,2.54,4.27,2,1123.2719211666667
2023-12-28,SEC-002,55,43.21,2068.72,2.57,4.16,4,2068.7228508666667
2023-12-28,SEC-003,28,25.58,786.21,2.73,4.06,3,786.2151170166667
2023-12-28,SEC-004,31,37.42,997.17,2.11,4.13,3,997.1696657333332
2023-12-28,SEC-005,64,65.71,4706.45,2.48,4.14,12,4706.4501285
2023-12-28,SEC-006,33,43.34,1567.72,2.54,4.27,5,1567.7234927833333
2023-12-29,SEC-001,14,58.89,816.29,2.66,4.28,2,816.2900061833334
2023-12-29,SEC-002,33,41.33,1456.75,2.31,4.41,4,1456.74539765
2023-12-29,SEC-003,30,29.95,835.01,2.58,4.29,2,835.00932205
2023-12-29,SEC-004,19,40.02,761.69,2.27,4.29,2,761.6982739499999
2023-12-29,SEC-005,25,55.03,1068.23,3.14,4.25,3,1068.22304875
2023-12-29,SEC-006,39,56.89,2251.74,2.8,4.18,5,2251.7330099
2024-01-01,SEC-001,15,48.9,728.14,1.66,4.12,2,728.1370586666667
2024-01-01,SEC-002,36,32.76,1238.05,3.17,4.07,3,1238.0580590666666
2024-01-01,SEC-003,57,32.54,2196.56,3.47,4.21,6,2196.5699309
2024-01-01,SEC-004,49,44.26,2270.47,2.42,4.05,6,2270.4729444333334
2024-01-01,SEC-005,58,67.94,4183.93,2.69,4.21,10,4183.924826216667
2024-01-01,SEC-006,45,46.05,2372.27,2.67,4.04,6,2372.257427183333
2024-01-02,SEC-001,10,55.23,552.8,1.57,4.22,2,552.8009153333334
2024-01-02,SEC-002,27,40.11,1029.49,2.85,4.18,4,1029.494031016667
2024-01-02,SEC-003,26,31.57,851.99,3.07,4.4,3,851.9908170166666
2024-01-02,SEC-004,3,44.72,120.72,3.5,4.25,1,120.71500656666666
2024-01-02,SEC-005,39,65.74,2927.86,2.62,4.06,7,2927.861519033333
2024-01-02,SEC-006,35,46.43,1727.88,2.01,4.28,6,1727.8692197166667
2024-01-03,SEC-001,10,55.24,552.35,2.5,4.3,2,552.3530073666666
2024-01-03,SEC-002,28,37.96,1107.56,3.14,4.24,3,1107.55627515
2024-01-03,SEC-003,14,29.04,423.68,3.94,4.0,2,423.67967665
2024-01-03,SEC-004,17,42.32,690.52,1.79,4.43,2,690.5255468
2024-01-03,SEC-005,34,65.43,2255.79,2.35,4.28,5,2255.78868855
2024-01-03,SEC-006,49,54.05,3035.89,2.53,4.2,8,3035.884325066667
2024-01-04,SEC-001,11,60.71,613.02,2.22,4.12,2,613.0222817666667
2024-01-04,SEC-002,36,42.8,1281.03,2.84,4.14,4,1281.02844735
2024-01-04,SEC-003,18,25.08,418.48,2.14,4.22,1,418.4853539
2024-01-04,SEC-004,29,42.82,1192.57,2.26,3.99,3,1192.56350985
2024-01-04,SEC-005,19,48.17,1113.66,2.44,3.92,2,1113.65029775
2024-01-04,SEC-006,43,56.46,2018.68,2.06,4.22,5,2018.6777452666668
2024-01-05,SEC-001,16,59.0,904.4,2.79,4.08,3,904.4012981166668
2024-01-05,SEC-002,39,42.45,1495.63,3.16,4.28,4,1495.62422655
2024-01-05,SEC-003,29,32.56,874.66,2.5,4.22,2,874.6627328666667
2024-01-05,SEC-004,8,30.98,239.97,2.76,4.1,2,239.97028966666667
2024-01-05,SEC-005,31,76.26,2082.55,2.55,4.17,5,2082.5475766833333
2024-01-05,SEC-006,28,51.16,1602.24,2.31,4.17,4,1602.2392835833334
2024-01-08,SEC-001,16,51.59,825.48,2.38,4.44,2,825.4773604333334
2024-01-08,SEC-002,44,34.94,1412.65,1.93,4.06,3,1412.6449285333333
2024-01-08,SEC-003,32,29.11,839.98,3.58,4.19,2,839.9837592
2024-01-08,SEC-004,56,45.78,2268.9,2.24,4.15,7,2268.900914716666
2024-01-08,SEC-005,52,65.89,3911.19,2.9,4.11,10,3911.1897760833335
2024-01-08,SEC-006,40,50.98,2133.2,2.42,4.12,6,2133.2025578166667
2024-01-09,SEC-001,18,53.8,957.47,1.62,4.28,3,957.4682015333332
2024-01-09,SEC-002,36,39.04,1356.59,2.7,4.24,3,1356.5856848
2024-01-09,SEC-003,29,31.17,975.38,3.74,4.47,3,975.3840209833334
2024-01-09,SEC-004,21,31.76,651.68,2.14,4.14,2,651.6779732166667
2024-01-09,SEC-005,19,46.14,859.03,2.57,4.22,3,859.02456945
2024-01-09,SEC-006,44,49.59,2114.38,2.12,4.07,5,2114.3795858666667
2024-01-10,SEC-001,8,56.42,451.37,2.12,4.0,2,451.37365051666666
2024-01-10,SEC-002,29,37.33,1043.25,2.46,4.12,4,1043.2517879333334
2024-01-10,SEC-003,13,28.56,361.64,3.1,4.25,1,361.6414122
2024-01-10,SEC-004,26,45.0,926.14,1.01,4.03,3,926.14616385
2024-01-10,SEC-005,37,55.28,1999.93,2.5,4.3,5,1999.9384850666663
2024-01-10,SEC-006,32,60.78,1480.18,2.04,4.11,4,1480.18144445
2024-01-11,SEC-001,6,57.61,340.75,2.12,4.0,1,340.74540890000003
2024-01-11,SEC-002,30,38.28,1016.76,2.92,4.24,2,1016.7653660166668
2024-01-11,SEC-003,15,26.91,399.15,2.22,4.04,1,399.1492224
2024-01-11,SEC-004,11,44.2,505.71,1.78,4.17,2,505.7148204166666
2024-01-11,SEC-005,44,68.82,2742.2,2.4,4.14,7,2742.1917983333333
2024-01-11,SEC-006,32,55.06,1782.23,1.92,4.0,4,1782.2252961166666
2024-01-12,SEC-001,17,57.59,902.01,2.04,4.31,3,902.00958115
2024-01-12,SEC-002,24,37.38,952.92,2.58,4.07,4,952.9202239166668
2024-01-12,SEC-003,43,32.64,1258.9,3.26,4.19,3,1258.894446366667
2024-01-12,SEC-004,12,35.24,400.01,1.92,4.22,1,400.00839341666665
2024-01-12,SEC-005,25,69.77,1716.69,2.69,4.19,4,1716.6865234666666
2024-01-12,SEC-006,50,53.82,2589.18,2.16,4.15,8,2589.1844381
2024-01-16,SEC-001,32,63.0,1981.38,1.5,4.12,5,1981.3789823
2024-01-16,SEC-002,31,33.09,1119.89,2.38,4.16,3,1119.8839947166666
2024-01-16,SEC-003,28,27.24,705.19,3.03,4.39,3,705.1968742
2024-01-16,SEC-004,25,39.16,1023.79,2.1,4.21,3,1023.7902439
2024-01-16,SEC-005,81,68.84,5020.8,2.59,4.11,12,5020.8020944
2024-01-16,SEC-006,71,53.42,3525.21,2.08,4.12,9,3525.20070885
2024-01-17,SEC-001,13,58.6,711.29,1.43,3.93,1,711.2943122
2024-01-17,SEC-002,30,38.8,1295.6,2.85,4.03,4,1295.6015017666666
2024-01-17,SEC-003,26,28.36,661.0,3.13,4.06,2,660.99909125
2024-01-17,SEC-004,20,37.01,741.45,1.89,4.13,2,741.4468085833333
2024-01-17,SEC-005,38,57.73,2338.67,2.29,4.25,5,2338.6680770666667
2024-01-17,SEC-006,59,56.11,3659.37,2.02,4.18,9,3659.3726719166666
2024-01-18,SEC-001,16,52.3,843.7,2.28,4.35,3,843.7013843999999
2024-01-18,SEC-002,77,43.56,3067.64,2.68,4.17,8,3067.6416402166665
2024-01-18,SEC-003,26,29.13,779.14,3.21,4.25,3,779.1466715
2024-01-18,SEC-004,7,39.91,273.06,3.11,4.17,1,273.0489678166667
2024-01-18,SEC-005,15,58.1,860.65,2.26,4.04,3,860.6424764166667
2024-01-18,SEC-006,54,49.01,2665.23,2.17,4.19,8,2665.24081
2024-01-19,SEC-001,14,50.09,676.91,2.27,3.58,3,676.9051891166666
2024-01-19,SEC-002,15,35.24,523.89,2.79,4.14,2,523.8965964
2024-01-19,SEC-003,28,31.12,903.36,2.59,4.11,3,903.3522307
2024-01-19,SEC-004,35,43.4,1340.62,2.08,4.21,4,1340.6160930666667
2024-01-19,SEC-005,47,62.42,3467.79,2.82,4.17,8,3467.7928242166668
2024-01-19,SEC-006,42,52.24,2086.62,2.39,4.26,5,2086.6257859
2024-01-22,SEC-001,20,55.48,1131.93,2.27,4.21,4,1131.9321442166668
2024-01-22,SEC-002,60,42.64,2671.2,2.48,4.16,7,2671.1894054833333
2024-01-22,SEC-003,49,29.61,1666.72,2.47,4.2,5,1666.72341885
2024-01-22,SEC-004,27,38.23,1006.66,2.16,4.18,2,1006.6595848333334
2024-01-22,SEC-005,50,63.72,3494.67,2.78,4.2,10,3494.657433
2024-01-22,SEC-006,22,44.33,1069.6,2.73,4.32,3,1069.5982919833334
2024-01-23,SEC-001,14,49.0,691.14,0.86,4.04,2,691.1390377666667
2024-01-23,SEC-002,32,33.57,1137.22,2.28,4.07,2,1137.2187039333332
2024-01-23,SEC-003,24,27.79,665.32,2.52,4.16,2,665.3224067166667
2024-01-23,SEC-004,28,39.84,932.49,2.43,4.09,3,932.4905357666668
2024-01-23,SEC-005,29,56.76,1648.93,3.32,4.06,5,1648.9186519
2024-01-23,SEC-006,27,47.56,1306.82,2.77,4.26,3,1306.8164095333334
2024-01-24,SEC-001,17,64.42,1102.45,1.56,4.0,4,1102.45346795
2024-01-24,SEC-002,28,31.5,846.43,2.25,4.16,3,846.4258548333333
2024-01-24,SEC-003,13,27.99,418.41,2.39,4.28,1,418.4058061833333
2024-01-24,SEC-004,17,37.77,587.57,2.29,4.18,3,587.57018025
2024-01-24,SEC-005,49,63.44,2817.75,2.55,4.17,7,2817.7484808833333
2024-01-24,SEC-006,70,54.78,3893.89,2.47,4.32,10,3893.892682433333
2024-01-26,SEC-001,21,64.15,1281.22,2.11,4.43,4,1281.22070995
2024-01-26,SEC-002,47,37.25,1838.73,2.68,4.14,6,1838.7358027833332
2024-01-26,SEC-003,38,28.86,1015.78,2.6,4.07,2,1015.7922972
2024-01-26,SEC-004,30,35.77,958.69,1.97,4.11,3,958.6952502333334
2024-01-26,SEC-005,48,62.59,2860.68,2.9,4.16,7,2860.681486883333
2024-01-26,SEC-006,74,54.32,4228.17,2.33,4.09,11,4228.1684348
2024-01-29,SEC-001,19,51.64,1018.28,1.78,4.31,3,1018.2754878166668
2024-01-29,SEC-002,66,40.36,2343.49,2.62,4.16,6,2343.497292533333
2024-01-29,SEC-003,24,26.15,595.19,3.38,4.07,1,595.1908524166666
2024-01-29,SEC-004,37,43.02,1357.83,2.43,4.2,4,1357.8300415833332
2024-01-29,SEC-005,97,69.17,8082.95,2.7,4.12,20,8082.951652216667
2024-01-29,SEC-006,40,45.22,1862.08,2.21,4.1,6,1862.0740215833332
2024-01-30,SEC-001,13,56.64,713.29,2.19,4.18,2,713.2930555666667
2024-01-30,SEC-002,50,41.54,2064.29,2.47,4.23,5,2064.2856138666666
2024-01-30,SEC-003,42,29.38,1310.36,2.84,4.15,4,1310.3551512
2024-01-30,SEC-004,21,36.95,838.61,2.9,4.38,2,838.6107297333333
2024-01-30,SEC-005,45,55.13,2998.01,2.29,4.31,8,2998.012377966667
2024-01-30,SEC-006,40,47.7,1869.85,2.08,4.19,4,1869.8456048333333
2024-01-31,SEC-001,27,57.97,1497.24,2.33,4.14,4,1497.245917233333
2024-01-31,SEC-002,56,48.73,2785.29,2.74,4.21,7,2785.2899678666668
2024-01-31,SEC-003,30,30.66,944.6,2.97,4.32,2,944.60332375
2024-01-31,SEC-004,18,27.5,533.93,2.4,4.04,3,533.9355185833333
2024-01-31,SEC-005,40,69.04,2852.82,2.98,4.22,7,2852.8184118333334
2024-01-31,SEC-006,23,53.88,1090.77,2.37,4.39,4,1090.764781266667
2024-02-01,SEC-001,9,48.2,419.06,2.66,3.75,1,419.05896666666666
2024-02-01,SEC-002,55,43.94,2442.09,2.66,4.21,6,2442.08238085
2024-02-01,SEC-003,43,31.57,1271.67,3.05,4.25,4,1271.674059383333
2024-02-01,SEC-004,31,40.62,1260.81,2.48,4.23,4,1260.8172931333334
2024-02-01,SEC-005,26,57.39,1511.47,2.63,4.25,4,1511.46943105
2024-02-01,SEC-006,39,49.91,2026.95,2.22,4.24,5,2026.9489828
2024-02-02,SEC-001,8,55.88,441.08,2.1,4.44,1,441.0810786166667
2024-02-02,SEC-002,60,39.99,2453.96,2.44,4.13,6,2453.96135335
2024-02-02,SEC-003,47,31.28,1301.41,2.92,4.18,5,1301.4094195166667
2024-02-02,SEC-004,22,41.71,889.74,2.52,4.25,2,889.7405653000001
2024-02-02,SEC-005,36,60.56,2088.46,2.18,4.19,5,2088.4674803666667
2024-02-02,SEC-006,40,45.73,1848.79,2.23,4.13,5,1848.79493415
2024-02-05,SEC-001,11,59.64,663.71,2.54,4.16,3,663.7060391
2024-02-05,SEC-002,73,46.02,2784.66,2.7,4.26,7,2784.6502832666665
2024-02-05,SEC-003,35,29.5,934.03,2.87,4.39,3,934.02808945
2024-02-05,SEC-004,24,41.59,1138.53,2.59,4.16,4,1138.5320772333332
2024-02-05,SEC-005,51,57.82,3459.94,1.68,4.13,9,3459.9447987666667
2024-02-05,SEC-006,42,45.04,1821.88,2.14,4.18,6,1821.8874225666664
2024-02-06,SEC-001,10,56.76,581.18,2.12,4.08,2,581.1737565333333
2024-02-06,SEC-002,67,36.06,2552.51,2.19,4.22,6,2552.5189202
2024-02-06,SEC-003,40,31.12,1268.32,2.63,4.17,4,1268.31888575
2024-02-06,SEC-004,34,39.34,1205.28,2.25,4.22,4,1205.27663015
2024-02-06,SEC-005,52,64.39,3628.8,2.62,4.2,9,3628.8034904
2024-02-06,SEC-006,27,47.52,1114.58,2.52,4.32,3,1114.5846337333332
2024-02-07,SEC-001,3,67.08,183.24,2.25,4.0,2,183.2406365
2024-02-07,SEC-002,14,37.79,522.47,3.39,4.32,2,522.4789207666666
2024-02-07,SEC-003,24,28.09,839.54,2.36,4.03,2,839.5447158833333
2024-02-07,SEC-004,20,46.57,963.85,2.11,4.36,3,963.8492478666668
2024-02-07,SEC-005,41,64.91,2614.33,2.65,4.18,7,2614.3292134
2024-02-07,SEC-006,51,52.65,2733.52,2.5,4.19,7,2733.5213517
2024-02-08,SEC-001,10,55.64,571.3,2.92,4.0,2,571.3039790833334
2024-02-08,SEC-002,46,42.33,1690.12,2.85,4.12,5,1690.1305547833333
2024-02-08,SEC-003,29,30.09,741.29,2.3,4.3,2,741.2903016833334
2024-02-08,SEC-004,27,39.46,907.63,2.09,4.04,3,907.61786605
2024-02-08,SEC-005,37,60.73,2493.23,2.26,4.2,6,2493.2356611166665
2024-02-08,SEC-006,58,54.12,3176.3,2.34,4.2,8,3176.2926996166666
2024-02-09,SEC-001,11,51.84,545.66,1.54,4.16,3,545.65789625
2024-02-09,SEC-002,34,36.09,1184.15,2.52,4.13,4,1184.1474725
2024-02-09,SEC-003,25,29.78,667.57,2.69,4.37,2,667.57092905
2024-02-09,SEC-004,17,35.71,531.06,2.61,4.2,2,531.0622846833334
2024-02-09,SEC-005,26,55.61,1902.36,2.15,4.2,6,1902.3647171666669
2024-02-09,SEC-006,31,51.3,1709.6,1.96,4.2,5,1709.6034244833334
2024-02-12,SEC-001,13,53.9,666.14,1.44,4.27,2,666.1442493333334
2024-02-12,SEC-002,35,37.6,1142.23,2.24,4.12,3,1142.23223955
2024-02-12,SEC-003,48,31.21,1305.0,2.71,4.12,3,1304.9938610166666
2024-02-12,SEC-004,38,41.63,1564.43,2.1,4.21,3,1564.4261181
2024-02-12,SEC-005,44,68.54,3218.3,2.83,4.09,7,3218.3128417166668
2024-02-12,SEC-006,47,52.13,2434.53,2.03,4.07,5,2434.53743545
2024-02-13,SEC-001,21,54.72,1141.37,2.46,4.32,3,1141.3708166666668
2024-02-13,SEC-002,29,36.72,913.63,4.06,3.96,3,913.6340954
2024-02-13,SEC-003,23,27.9,620.98,3.05,4.2,3,620.9750778333333
2024-02-13,SEC-004,25,37.46,866.58,2.53,4.13,2,866.5787619166667
2024-02-13,SEC-005,36,61.09,2076.46,2.6,4.17,4,2076.4556497666667
2024-02-13,SEC-006,39,52.16,2206.69,2.37,4.41,7,2206.695688383333
2024-02-14,SEC-001,9,53.48,480.37,1.7,4.2,2,480.37441365
2024-02-14,SEC-002,25,38.03,972.63,2.94,4.22,3,972.6271603333332
2024-02-14,SEC-003,21,27.0,649.57,2.59,4.17,1,649.5728716666666
2024-02-14,SEC-004,15,36.86,490.55,3.23,4.28,2,490.5557753333333
2024-02-14,SEC-005,48,65.1,3407.19,2.55,4.17,10,3407.1989138666668
2024-02-14,SEC-006,43,43.26,1983.7,2.58,4.22,5,1983.6920474
2024-02-15,SEC-001,2,50.95,101.9,2.0,4.5,1,101.89636821666669
2024-02-15,SEC-002,32,44.54,1211.44,2.07,4.42,3,1211.4278833666667
2024-02-15,SEC-003,40,29.44,1166.99,2.9,4.18,3,1166.9993302333332
2024-02-15,SEC-004,16,38.34,562.72,1.79,4.04,1,562.7154769
2024-02-15,SEC-005,30,56.49,1773.96,2.35,4.33,4,1773.9698220833334
2024-02-15,SEC-006,50,52.57,2610.33,2.19,4.22,7,2610.3287747
2024-02-16,SEC-001,7,57.23,390.79,1.5,4.55,1,390.79215411666667
2024-02-16,SEC-002,24,40.74,791.49,2.65,4.28,2,791.4971557333333
2024-02-16,SEC-003,23,30.38,712.74,2.75,4.13,3,712.7424726833333
2024-02-16,SEC-004,10,29.7,296.69,2.26,4.0,2,296.68425371666666
2024-02-16,SEC-005,26,60.97,1529.32,2.38,4.22,4,1529.32209215
2024-02-16,SEC-006,27,50.73,1483.74,1.78,4.36,4,1483.7426406333334
2024-02-19,SEC-001,19,61.42,1108.43,2.36,4.08,3,1108.4238936333334
2024-02-19,SEC-002,58,42.0,2173.46,2.4,4.11,6,2173.465774566667
2024-02-19,SEC-003,55,31.14,1628.92,2.88,4.06,4,1628.917028866667
2024-02-19,SEC-004,48,45.11,2253.87,1.82,4.24,7,2253.8739239333336
2024-02-19,SEC-005,55,62.21,3782.68,2.66,4.22,11,3782.6735231166663
2024-02-19,SEC-006,25,44.95,974.2,2.47,4.16,4,974.2094333666666
2024-02-20,SEC-001,9,58.95,496.01,2.25,4.25,1,496.00338996666665
2024-02-20,SEC-002,23,38.92,805.01,2.54,4.35,3,805.0165381833333
2024-02-20,SEC-003,24,30.47,727.02,3.08,4.22,3,727.0153096833333
2024-02-20,SEC-004,18,40.85,709.42,2.0,4.12,2,709.4244812333334
2024-02-20,SEC-005,15,60.1,957.02,2.28,4.22,3,957.02538625
2024-02-20,SEC-006,27,57.54,1704.76,2.27,4.1,4,1704.75726725
2024-02-21,SEC-001,24,57.42,1337.23,1.74,4.01,4,1337.2248462833334
2024-02-21,SEC-002,50,41.9,1813.71,2.45,4.2,5,1813.705033166667
2024-02-21,SEC-003,35,32.01,1087.38,2.76,4.03,3,1087.3773224
2024-02-21,SEC-004,30,38.55,972.96,2.38,3.95,3,972.9584288666666
2024-02-21,SEC-005,32,57.7,1787.26,2.68,4.08,5,1787.2587209
2024-02-21,SEC-006,25,41.12,933.75,1.97,4.05,4,933.7381721666668
2024-02-22,SEC-001,12,53.11,637.34,2.25,4.25,2,637.3374350166666
2024-02-22,SEC-002,62,42.08,2329.01,3.01,4.14,7,2329.0048396166667
2024-02-22,SEC-003,20,29.49,544.08,3.13,4.43,2,544.0802964666667
2024-02-22,SEC-004,22,40.4,972.47,1.87,4.18,3,972.4780395166669
2024-02-22,SEC-005,50,72.93,3779.83,2.72,4.08,10,3779.829260966667
2024-02-22,SEC-006,34,44.89,1634.76,2.8,4.12,4,1634.7605598
2024-02-26,SEC-001,28,61.18,1603.38,1.82,4.32,5,1603.3803563666663
2024-02-26,SEC-002,41,38.07,1529.88,2.75,4.01,4,1529.8729577333334
2024-02-26,SEC-003,28,24.9,694.73,3.1,4.35,2,694.7330936833333
2024-02-26,SEC-004,38,40.15,1460.93,2.31,4.2,4,1460.93606
2024-02-26,SEC-005,59,64.5,3924.18,2.59,4.29,10,3924.178833483333
2024-02-26,SEC-006,73,50.47,3794.82,2.41,4.26,10,3794.8182597166665
2024-02-27,SEC-001,19,68.07,1112.47,2.58,4.1,2,1112.4667997833333
2024-02-27,SEC-002,24,39.4,867.61,2.83,4.07,2,867.6048222166667
2024-02-27,SEC-003,18,28.1,490.72,2.77,4.06,2,490.7203262666666
2024-02-27,SEC-004,13,36.67,415.69,2.99,4.2,1,415.6876052833333
2024-02-27,SEC-005,64,63.36,3757.14,2.79,4.25,9,3757.1342767333335
2024-02-27,SEC-006,34,46.6,1333.2,2.06,3.73,5,1333.2007356666666
2024-02-28,SEC-001,17,59.28,999.81,1.54,4.18,3,999.8119583
2024-02-28,SEC-002,30,41.92,1135.41,2.69,4.27,3,1135.4129525333333
2024-02-28,SEC-003,13,31.36,394.46,3.75,4.04,2,394.4632662333333
2024-02-28,SEC-004,33,40.41,1158.84,1.34,4.14,2,1158.83616575
2024-02-28,SEC-005,16,63.26,997.93,2.95,4.23,3,997.9330866166669
2024-02-28,SEC-006,39,51.66,2032.99,2.38,4.33,4,2032.9913193
2024-02-29,SEC-001,15,63.83,921.78,1.61,4.2,2,921.7792388833332
2024-02-29,SEC-002,43,36.5,1496.43,2.54,4.28,3,1496.42778175
2024-02-29,SEC-003,18,27.2,558.76,3.42,4.14,1,558.7584714666667
2024-02-29,SEC-004,28,45.82,1048.42,1.99,4.21,3,1048.42208845
2024-02-29,SEC-005,23,49.07,1295.85,1.96,4.41,4,1295.84128215
2024-02-29,SEC-006,48,51.34,2351.58,2.17,4.17,6,2351.5690969666666
2024-03-01,SEC-001,31,68.04,1914.65,1.48,4.18,5,1914.6509844
2024-03-01,SEC-002,49,42.24,1924.86,2.77,4.09,5,1924.85178445
2024-03-01,SEC-003,20,26.71,487.65,2.68,4.26,2,487.6495606666667
2024-03-01,SEC-004,18,37.31,540.4,1.9,4.4,3,540.3996373
2024-03-01,SEC-005,19,51.24,1102.31,3.42,4.4,3,1102.3087024
2024-03-01,SEC-006,32,50.17,1464.0,2.33,4.05,4,1463.9981631166668
2024-03-04,SEC-001,22,62.04,1336.76,2.21,4.0,5,1336.7588857
2024-03-04,SEC-002,65,44.7,2615.38,2.48,4.04,6,2615.3862486166668
2024-03-04,SEC-003,30,24.19,603.8,3.43,4.38,2,603.8047792333333
2024-03-04,SEC-004,46,41.25,1816.11,1.65,4.0,5,1816.1080440333333
2024-03-04,SEC-005,91,72.56,6874.08,2.68,4.2,16,6874.0704536
2024-03-04,SEC-006,63,48.86,3078.65,2.23,4.19,9,3078.657444233333
2024-03-05,SEC-001,12,61.47,685.03,1.94,4.25,2,685.0317240166667
2024-03-05,SEC-002,41,34.85,1468.36,2.45,4.17,5,1468.3597779166666
2024-03-05,SEC-003,43,30.74,1238.97,3.21,4.0,3,1238.9685349166666
2024-03-05,SEC-004,18,38.02,742.35,2.56,4.06,2,742.3594504833334
2024-03-05,SEC-005,16,52.17,873.85,3.25,4.26,3,873.8560653833333
2024-03-05,SEC-006,40,62.41,2634.51,2.13,4.15,6,2634.509747033333
2024-03-06,SEC-001,13,62.29,760.88,2.25,4.25,2,760.8742614
2024-03-06,SEC-002,37,38.65,1355.16,3.02,4.1,4,1355.1637064833333
2024-03-06,SEC-003,13,25.1,285.38,3.07,3.93,1,285.3859030666667
2024-03-06,SEC-004,9,25.94,234.03,2.84,3.92,2,234.02767276666668
2024-03-06,SEC-005,19,56.4,1054.5,3.08,4.21,4,1054.4997152333333
2024-03-06,SEC-006,46,49.4,2291.11,2.81,4.13,6,2291.1061433333334
2024-03-07,SEC-001,17,47.8,871.67,2.97,4.03,3,871.6716527166667
2024-03-07,SEC-002,30,39.52,1013.24,3.14,4.22,3,1013.2401864166668
2024-03-07,SEC-003,20,23.98,555.81,2.72,3.96,1,555.8087309833334
2024-03-07,SEC-004,22,41.6,852.09,1.78,4.06,3,852.09053535
2024-03-07,SEC-005,35,69.7,2600.89,2.16,4.12,8,2600.888195183333
2024-03-07,SEC-006,20,44.05,946.46,2.22,4.08,3,946.46517495
2024-03-11,SEC-001,13,58.39,726.56,2.12,4.04,2,726.5549505
2024-03-11,SEC-002,42,39.88,1390.66,3.23,4.34,3,1390.6567413333332
2024-03-11,SEC-003,38,29.18,953.45,3.57,4.16,2,953.4487654333332
2024-03-11,SEC-004,20,33.42,739.8,1.97,4.22,2,739.8020647833333
2024-03-11,SEC-005,23,54.85,1321.7,3.13,4.22,5,1321.69667495
2024-03-11,SEC-006,63,53.88,3397.52,2.18,4.27,10,3397.5142208
2024-03-12,SEC-001,18,62.46,1088.7,2.08,4.25,2,1088.6990129166666
2024-03-12,SEC-002,35,41.48,1753.48,2.49,4.07,5,1753.4801984833334
2024-03-12,SEC-003,16,26.65,448.5,2.74,4.38,2,448.49672115
2024-03-12,SEC-004,21,39.8,775.95,1.82,4.19,2,775.9427620499999
2024-03-12,SEC-005,43,69.97,3661.78,2.39,4.09,9,3661.7865111833335
2024-03-12,SEC-006,19,43.58,847.51,2.0,4.28,4,847.5092792333334
2024-03-13,SEC-001,14,54.38,754.65,2.16,4.14,2,754.6537387666666
2024-03-13,SEC-002,31,43.02,1203.19,1.87,4.08,3,1203.2019930666663
2024-03-13,SEC-003,16,30.15,417.2,3.93,4.14,1,417.2028911666667
2024-03-13,SEC-004,17,37.32,565.96,1.73,4.0,1,565.9595284833333
2024-03-13,SEC-005,42,60.8,2857.95,2.97,4.14,7,2857.939391883333
2024-03-13,SEC-006,46,51.86,2400.31,2.16,4.31,6,2400.3068697333333
2024-03-14,SEC-001,14,52.49,697.54,1.34,4.08,1,697.5333566833333
2024-03-14,SEC-002,30,36.98,960.06,2.5,4.22,3,960.05295995
2024-03-14,SEC-003,30,26.62,869.27,2.85,4.11,2,869.27100785
2024-03-14,SEC-004,18,40.39,685.1,2.17,4.09,2,685.1014002166667
2024-03-14,SEC-005,31,55.56,2152.08,2.52,4.16,6,2152.077789783333
2024-03-14,SEC-006,39,53.32,2008.84,1.91,4.17,5,2008.8282926166669
2024-03-15,SEC-001,4,56.74,226.97,2.0,4.0,2,226.97422828333333
2024-03-15,SEC-002,46,41.27,1761.64,2.59,4.26,5,1761.6384921666663
2024-03-15,SEC-003,43,32.73,1216.9,2.52,4.13,3,1216.901618416667
2024-03-15,SEC-004,22,35.44,690.6,2.67,4.13,2,690.5992304833334
2024-03-15,SEC-005,40,61.73,2100.93,2.43,4.23,6,2100.920995916667
2024-03-15,SEC-006,45,47.41,1905.05,2.28,4.16,4,1905.0613971166667
2024-03-18,SEC-001,8,46.1,356.96,2.25,4.5,1,356.9604776333333
2024-03-18,SEC-002,27,36.72,1033.85,2.95,4.09,3,1033.855992516667
2024-03-18,SEC-003,36,25.8,895.9,2.79,4.27,4,895.9017287666667
2024-03-18,SEC-004,40,40.21,1946.19,1.76,4.08,5,1946.1938280833333
2024-03-18,SEC-005,64,65.03,4464.21,2.24,4.38,10,4464.203144066667
2024-03-18,SEC-006,58,52.14,3046.52,2.71,4.18,9,3046.524737633333
2024-03-19,SEC-001,12,60.27,680.24,2.38,4.06,2,680.2331164333333
2024-03-19,SEC-002,45,43.73,1865.68,2.54,4.16,4,1865.6767823666669
2024-03-19,SEC-003,24,25.83,677.18,2.34,4.26,2,677.1739124166667
2024-03-19,SEC-004,13,33.9,414.97,2.09,4.0,1,414.9634730166667
2024-03-19,SEC-005,43,65.32,3061.85,2.68,4.11,8,3061.8595180833336
2024-03-19,SEC-006,44,51.33,2220.17,1.96,4.06,6,2220.174071133333
2024-03-20,SEC-001,15,54.2,809.5,2.45,4.2,2,809.5016370999999
2024-03-20,SEC-002,31,38.34,1032.95,2.54,4.09,3,1032.9573047666668
2024-03-20,SEC-003,30,27.86,794.34,2.6,4.12,1,794.3411128
2024-03-20,SEC-004,25,44.48,886.0,2.67,4.17,2,885.9947952833334
2024-03-20,SEC-005,12,48.98,684.81,3.86,4.33,2,684.8144655333333
2024-03-20,SEC-006,47,53.66,2349.89,1.83,4.33,5,2349.8941511333333
2024-03-21,SEC-001,12,55.24,644.21,2.44,4.06,2,644.2106950333333
2024-03-21,SEC-002,37,36.01,1303.12,2.78,4.16,4,1303.1227722
2024-03-21,SEC-003,36,31.33,998.64,2.75,4.29,4,998.64238655
2024-03-21,SEC-004,20,41.18,700.1,1.9,4.16,2,700.0973395333333
2024-03-21,SEC-005,8,62.04,478.35,3.5,4.0,3,478.3460008833333
2024-03-21,SEC-006,88,53.66,4108.45,2.12,4.17,11,4108.452188766667
2024-03-22,SEC-001,11,55.03,608.55,1.98,4.16,3,608.5581061666667
2024-03-22,SEC-002,47,45.21,1766.46,2.57,4.05,5,1766.4613373333334
2024-03-22,SEC-003,36,27.47,916.03,2.86,4.07,3,916.0300119
2024-03-22,SEC-004,22,43.47,882.61,1.88,4.15,3,882.6092241166666
2024-03-22,SEC-005,44,62.82,2906.22,2.53,4.26,8,2906.2223959666667
2024-03-22,SEC-006,36,44.5,1715.53,2.38,4.18,4,1715.5291607333334
2024-03-25,SEC-001,18,65.36,913.49,1.59,4.12,3,913.4906613333334
2024-03-25,SEC-002,59,38.6,2166.42,3.25,4.25,5,2166.420398216667
2024-03-25,SEC-003,25,28.59,628.69,2.67,4.18,3,628.6932034333333
2024-03-25,SEC-004,23,37.44,859.43,2.24,4.24,2,859.4357299666667
2024-03-25,SEC-005,53,59.71,3741.8,2.59,4.14,9,3741.801597933333
2024-03-25,SEC-006,55,47.98,2504.72,2.06,4.26,7,2504.7224586166667
2024-03-26,SEC-001,9,70.66,523.1,2.32,4.39,3,523.1047389166666
2024-03-26,SEC-002,33,36.04,1085.49,3.36,4.14,3,1085.489098216667
2024-03-26,SEC-003,13,25.43,330.3,2.89,4.29,1,330.3029013166667
2024-03-26,SEC-004,33,40.06,1284.6,1.95,4.07,4,1284.5991169833333
2024-03-26,SEC-005,38,63.43,2660.28,2.77,4.12,8,2660.2810003333334
2024-03-26,SEC-006,42,51.34,1816.56,2.9,4.17,6,1816.55356425
2024-03-27,SEC-001,10,54.68,519.57,1.52,3.93,2,519.5770333833334
2024-03-27,SEC-002,24,40.39,901.41,2.44,4.18,2,901.4092559333334
2024-03-27,SEC-003,22,29.8,692.97,3.17,4.02,2,692.97135085
2024-03-27,SEC-004,39,47.58,1557.28,2.38,4.38,4,1557.2816584166667
2024-03-27,SEC-005,20,50.07,1171.27,4.51,4.54,2,1171.269448216667
2024-03-27,SEC-006,65,52.69,3505.54,1.88,4.12,9,3505.5382938666667
2024-03-28,SEC-001,52,69.8,3543.01,2.3,4.36,9,3543.0117432666666
2024-03-28,SEC-002,29,32.81,912.66,2.69,4.1,3,912.6668603333334
2024-03-28,SEC-003,29,25.27,825.37,3.19,4.27,2,825.3649186666667
2024-03-28,SEC-004,18,40.06,628.95,2.93,4.13,1,628.9551425166667
2024-03-28,SEC-005,39,60.81,2259.53,2.02,4.16,7,2259.5269336
2024-03-28,SEC-006,42,45.5,1814.1,2.17,4.08,5,1814.09795975
2024-04-01,SEC-001,23,58.38,1164.19,2.21,4.2,3,1164.1867412333334
2024-04-01,SEC-002,54,40.49,2175.38,2.41,4.21,7,2175.3756237
2024-04-01,SEC-003,29,25.15,754.29,2.96,4.06,3,754.2878123166666
2024-04-01,SEC-004,45,45.53,1775.12,1.88,4.08,6,1775.1243375333331
2024-04-01,SEC-005,41,63.76,2172.2,2.45,4.18,7,2172.1960305
2024-04-01,SEC-006,58,49.87,3386.18,2.34,4.11,10,3386.184836616667
2024-04-02,SEC-001,4,45.18,169.06,1.66,4.16,1,169.06234096666665
2024-04-02,SEC-002,61,41.86,2577.22,2.72,4.12,8,2577.221264683333
2024-04-02,SEC-003,48,31.75,1496.95,2.59,4.25,4,1496.9544063
2024-04-02,SEC-004,35,41.82,1125.28,1.78,4.11,3,1125.2810568666666
2024-04-02,SEC-005,49,57.85,3300.49,3.02,4.08,8,3300.490397116667
2024-04-02,SEC-006,26,46.82,1202.63,2.37,4.13,3,1202.637641366667
2024-04-03,SEC-001,11,66.47,761.05,1.32,4.2,2,761.04319495
2024-04-03,SEC-002,48,45.14,2190.06,2.65,4.2,6,2190.0602691833333
2024-04-03,SEC-003,12,19.56,274.47,2.54,4.14,1,274.46959116666665
2024-04-03,SEC-004,9,27.88,254.42,2.0,3.92,2,254.41549425
2024-04-03,SEC-005,27,58.55,1569.36,2.86,4.17,4,1569.3588736833333
2024-04-03,SEC-006,39,46.32,1999.72,2.12,4.11,5,1999.723792666667
2024-04-04,SEC-001,24,53.03,1201.93,2.15,4.28,3,1201.930813683333
2024-04-04,SEC-002,45,45.93,1577.31,2.75,4.17,4,1577.3032267166666
2024-04-04,SEC-003,38,28.8,1039.44,3.17,4.23,3,1039.43737455
2024-04-04,SEC-004,32,39.77,1110.41,2.35,4.05,3,1110.40830575
2024-04-04,SEC-005,35,59.4,2154.42,2.92,4.24,7,2154.4185054166664
2024-04-04,SEC-006,43,49.48,2446.5,2.18,4.26,6,2446.50560965
2024-04-05,SEC-001,10,67.2,585.72,1.86,4.31,2,585.72258065
2024-04-05,SEC-002,35,38.68,1440.26,2.83,4.19,5,1440.2565124
2024-04-05,SEC-003,27,29.09,739.57,2.98,4.12,1,739.5701058
2024-04-05,SEC-004,15,38.51,589.01,2.57,4.03,2,589.0045219666666
2024-04-05,SEC-005,59,59.84,3073.36,2.35,4.32,9,3073.35858195
2024-04-05,SEC-006,25,42.83,1219.05,2.28,4.25,2,1219.0435978166668
2024-04-08,SEC-001,21,54.24,1048.84,2.6,3.93,3,1048.8399876833332
2024-04-08,SEC-002,49,38.71,1837.17,2.72,4.14,5,1837.177036283333
2024-04-08,SEC-003,35,26.51,846.24,2.88,4.23,3,846.23634205
2024-04-08,SEC-004,48,42.53,2096.67,2.19,4.19,5,2096.664612233333
2024-04-08,SEC-005,49,63.77,2581.38,2.7,4.17,7,2581.384790416667
2024-04-08,SEC-006,47,48.4,2457.48,2.26,4.16,6,2457.4804045166666
2024-04-09,SEC-001,24,56.9,1338.61,2.51,4.06,5,1338.6066835833333
2024-04-09,SEC-002,35,29.61,1113.51,2.35,4.32,2,1113.5126838833332
2024-04-09,SEC-003,34,26.36,836.26,2.83,4.07,2,836.2599292
2024-04-09,SEC-004,48,39.3,1640.11,2.34,4.1,4,1640.1042153833334
2024-04-09,SEC-005,73,64.2,4716.99,2.59,4.15,12,4716.98524975
2024-04-09,SEC-006,48,49.96,2128.06,1.8,4.21,7,2128.059185883333
2024-04-10,SEC-001,7,61.4,389.94,3.3,4.0,1,389.9384232333333
2024-04-10,SEC-002,62,44.89,2549.02,2.83,4.2,7,2549.0194025
2024-04-10,SEC-003,27,27.89,702.37,2.84,4.26,2,702.3685573833334
2024-04-10,SEC-004,25,36.45,817.43,2.04,4.05,2,817.4234534
2024-04-10,SEC-005,36,55.75,2099.04,2.71,4.23,5,2099.0371372166665
2024-04-10,SEC-006,45,46.51,2137.4,2.28,4.32,6,2137.399646616667
2024-04-16,SEC-001,41,58.3,2248.0,2.3,4.1,6,2248.0047221833333
2024-04-16,SEC-002,35,32.03,1137.66,2.95,4.13,3,1137.65117725
2024-04-16,SEC-003,57,29.81,2149.39,3.28,4.3,6,2149.38764115
2024-04-16,SEC-004,29,39.54,899.17,2.05,4.1,3,899.1663087666667
2024-04-16,SEC-005,42,57.31,2418.26,2.18,4.25,7,2418.2597566333334
2024-04-16,SEC-006,65,54.21,3711.19,1.97,4.12,8,3711.19548645
2024-04-17,SEC-001,21,69.94,1259.68,1.2,4.08,2,1259.6806660666666
2024-04-17,SEC-002,18,40.7,680.53,2.17,4.28,1,680.5313315833333
2024-04-17,SEC-003,16,26.64,406.77,3.27,4.04,1,406.7614975833333
2024-04-17,SEC-004,14,33.52,412.47,2.07,3.88,1,412.4817157333333
2024-04-17,SEC-005,22,58.1,1395.61,2.79,3.98,4,1395.6128656666667
2024-04-17,SEC-006,40,54.62,1967.96,1.72,4.28,5,1967.9573949
2024-04-18,SEC-001,14,56.04,763.55,2.29,4.1,2,763.5427082666666
2024-04-18,SEC-002,25,35.07,730.71,2.83,3.99,2,730.7116222333333
2024-04-18,SEC-003,30,29.89,874.36,2.47,4.19,3,874.3595015166667
2024-04-18,SEC-004,29,43.58,1173.55,2.38,4.4,3,1173.5582984666669
2024-04-18,SEC-005,36,64.33,2521.16,1.93,4.33,7,2521.1617459333333
2024-04-18,SEC-006,31,45.67,1528.28,2.32,4.06,4,1528.2855575833332
2024-04-19,SEC-001,13,54.18,650.33,1.66,4.09,2,650.3317234333333
2024-04-19,SEC-002,31,39.37,1297.91,2.1,4.44,5,1297.9035217166663
2024-04-19,SEC-003,17,21.37,346.73,3.08,4.22,2,346.7325316
2024-04-19,SEC-004,25,39.65,1069.24,2.07,4.35,4,1069.2464043833334
2024-04-19,SEC-005,32,69.06,2144.03,2.41,4.12,7,2144.024515983333
2024-04-19,SEC-006,34,53.0,1766.92,2.06,4.3,5,1766.9200760166666
2024-04-22,SEC-001,20,54.73,1043.42,2.21,4.08,3,1043.4255866333333
2024-04-22,SEC-002,61,38.38,2111.99,2.46,4.13,7,2111.99504935
2024-04-22,SEC-003,56,29.48,1486.57,2.91,4.29,4,1486.56262625
2024-04-22,SEC-004,56,42.61,1886.83,3.02,4.41,5,1886.8340204833332
2024-04-22,SEC-005,17,45.73,793.72,2.0,4.08,2,793.7186175333334
2024-04-22,SEC-006,78,54.71,3656.41,1.88,4.01,8,3656.419529033333
2024-04-24,SEC-001,6,48.08,288.48,1.5,4.33,2,288.47581603333333
2024-04-24,SEC-002,43,38.01,1573.35,2.98,4.09,4,1573.3488195
2024-04-24,SEC-003,30,29.2,825.56,3.05,4.13,1,825.5509543166667
2024-04-24,SEC-004,29,37.01,925.29,1.94,4.48,4,925.2926909833334
2024-04-24,SEC-005,37,64.37,2288.9,3.11,4.2,6,2288.9000144
2024-04-24,SEC-006,37,49.26,1985.07,1.69,4.18,5,1985.0683413666663
2024-04-25,SEC-001,19,59.36,1016.1,2.0,4.19,2,1016.1034104666668
2024-04-25,SEC-002,25,35.1,827.5,2.42,4.08,2,827.49841785
2024-04-25,SEC-003,22,25.31,494.96,2.74,4.09,2,494.9523284666666
2024-04-25,SEC-004,29,41.96,1075.62,2.23,4.13,3,1075.6258518333334
2024-04-25,SEC-005,29,60.42,1710.42,2.81,4.29,5,1710.4198637833333
2024-04-25,SEC-006,71,51.22,3672.37,2.04,4.23,9,3672.3757808166665
2024-04-26,SEC-001,8,57.25,447.1,2.5,4.42,2,447.09278953333336
2024-04-26,SEC-002,27,33.8,980.92,2.37,4.19,3,980.919187
2024-04-26,SEC-003,21,21.82,459.49,2.86,4.39,2,459.48523531666666
2024-04-26,SEC-004,23,36.61,763.03,2.61,4.35,2,763.02810105
2024-04-26,SEC-005,43,72.71,2750.78,2.06,4.05,8,2750.769050183333
2024-04-26,SEC-006,35,46.71,1794.42,2.62,4.1,6,1794.4256643833332
2024-04-29,SEC-001,25,58.14,1257.18,1.89,4.14,3,1257.18046145
2024-04-29,SEC-002,61,41.49,2274.97,2.52,4.12,5,2274.965504083333
2024-04-29,SEC-003,57,30.72,1904.0,2.74,4.17,5,1903.9967112
2024-04-29,SEC-004,36,37.82,1174.06,2.38,4.04,3,1174.0547276333334
2024-04-29,SEC-005,41,52.15,1952.67,2.8,4.16,6,1952.6773124666663
2024-04-29,SEC-006,68,52.98,3792.21,1.99,4.15,9,3792.207959283333
2024-04-30,SEC-001,15,52.6,776.92,1.52,4.22,3,776.9193335666666
2024-04-30,SEC-002,31,32.05,895.01,2.65,4.18,2,895.0044190333333
2024-04-30,SEC-003,31,31.05,763.33,2.86,4.23,2,763.32779685
2024-04-30,SEC-004,24,48.73,818.58,1.88,4.09,3,818.5717489833334
2024-04-30,SEC-005,47,62.1,3488.73,2.8,4.08,9,3488.7313247166667
2024-04-30,SEC-006,26,45.7,1345.52,2.1,4.23,4,1345.51236215
2024-05-02,SEC-001,24,53.4,1226.89,1.32,4.14,3,1226.8888162666667
2024-05-02,SEC-002,59,36.12,2176.69,2.62,4.16,6,2176.68337915
2024-05-02,SEC-003,55,30.14,1556.73,2.86,4.16,4,1556.7265497
2024-05-02,SEC-004,45,43.28,1753.55,2.19,4.14,6,1753.55697465
2024-05-02,SEC-005,34,53.75,1869.04,2.88,4.12,6,1869.0382492
2024-05-02,SEC-006,53,45.88,2461.53,1.92,4.28,7,2461.535150733333
2024-05-03,SEC-001,19,65.98,1132.04,2.11,4.47,3,1132.0426405333333
2024-05-03,SEC-002,16,31.3,546.92,2.09,4.22,2,546.9170636499999
2024-05-03,SEC-003,16,31.52,505.0,2.26,4.11,2,504.99814998333335
2024-05-03,SEC-004,23,33.11,702.2,3.01,4.05,3,702.1964606333333
2024-05-03,SEC-005,36,62.19,2156.27,2.13,4.34,6,2156.2691574833334
2024-05-03,SEC-006,57,54.49,3123.11,1.94,4.22,9,3123.1091176833334
2024-05-06,SEC-001,16,56.08,871.21,2.01,4.06,3,871.2080477666666
2024-05-06,SEC-002,58,40.16,2329.18,2.5,4.12,6,2329.19106615
2024-05-06,SEC-003,31,29.12,972.63,2.92,4.0,4,972.6306560333334
2024-05-06,SEC-004,20,42.33,694.24,2.24,4.62,1,694.2442636333334
2024-05-06,SEC-005,47,53.9,2786.15,2.45,4.16,6,2786.1538565166666
2024-05-06,SEC-006,72,51.01,3950.38,2.5,4.11,10,3950.387310466667
2024-05-07,SEC-001,4,52.89,246.55,2.16,4.66,1,246.54599593333333
2024-05-07,SEC-002,33,36.28,1207.34,2.55,4.14,3,1207.33318005
2024-05-07,SEC-003,32,32.37,798.0,2.36,4.08,1,798.001834
2024-05-07,SEC-004,22,30.01,695.27,2.01,4.16,3,695.2657555166667
2024-05-07,SEC-005,26,54.05,1565.64,2.41,4.13,4,1565.6385008666666
2024-05-07,SEC-006,51,51.74,3056.87,2.18,4.17,8,3056.8698045666665
2024-05-08,SEC-001,9,57.13,491.72,2.17,4.16,2,491.7192363166667
2024-05-08,SEC-002,36,40.89,1183.57,2.18,4.12,3,1183.56514865
2024-05-08,SEC-003,36,32.34,1188.49,3.11,4.34,3,1188.4873982666666
2024-05-08,SEC-004,30,38.32,994.12,1.83,4.25,3,994.1114787833332
2024-05-08,SEC-005,20,50.45,1131.35,2.3,4.0,3,1131.3436770666667
2024-05-08,SEC-006,39,50.35,1885.81,2.57,4.11,4,1885.809081416667
2024-05-09,SEC-001,21,48.98,1082.98,2.25,4.1,2,1082.9746311166666
2024-05-09,SEC-002,20,27.98,520.91,2.63,4.31,1,520.8991771
2024-05-09,SEC-003,35,29.01,946.74,3.03,4.28,3,946.7343302833332
2024-05-09,SEC-004,25,38.94,1055.37,2.44,4.43,3,1055.3780109666668
2024-05-09,SEC-005,35,64.51,2338.04,2.38,4.28,5,2338.035802183333
2024-05-09,SEC-006,37,52.17,2123.03,2.08,4.28,7,2123.0211341833333
2024-05-10,SEC-001,15,46.63,690.57,1.23,4.15,2,690.5756465666666
2024-05-10,SEC-002,41,37.99,1541.35,2.8,4.2,4,1541.3493380833334
2024-05-10,SEC-003,30,29.59,845.23,2.93,4.51,4,845.2306715
2024-05-10,SEC-004,42,43.45,1493.73,2.6,4.29,4,1493.7302997333334
2024-05-10,SEC-005,50,63.62,2928.07,2.46,4.1,7,2928.0745417166668
2024-05-10,SEC-006,30,45.09,1324.67,2.03,4.27,4,1324.6719409166667
2024-05-13,SEC-001,22,62.96,1300.24,2.64,4.06,5,1300.2439947166667
2024-05-13,SEC-002,68,43.46,2573.41,2.79,4.15,7,2573.40766345
2024-05-13,SEC-003,45,29.23,1438.87,2.9,4.09,3,1438.8747401833334
2024-05-13,SEC-004,39,38.9,1379.66,2.01,4.21,5,1379.6627374333334
2024-05-13,SEC-005,21,53.91,1141.24,3.32,4.02,4,1141.234894316667
2024-05-13,SEC-006,53,50.02,2589.5,2.55,4.25,7,2589.494378433333
2024-05-14,SEC-001,18,53.54,1001.38,1.94,4.2,3,1001.3783593833332
2024-05-14,SEC-002,56,42.17,2479.92,2.76,4.26,6,2479.918381
2024-05-14,SEC-003,19,29.62,445.85,2.37,4.41,2,445.8559677333333
2024-05-14,SEC-004,23,37.22,714.31,2.53,4.06,2,714.3046942666666
2024-05-14,SEC-005,26,53.39,1436.68,2.78,4.11,4,1436.678787
2024-05-14,SEC-006,46,51.12,2375.38,2.09,4.12,7,2375.3754230833333
2024-05-15,SEC-001,12,45.07,540.88,1.5,4.08,1,540.8829181333333
2024-05-15,SEC-002,27,38.18,896.33,2.49,4.09,3,896.3303875666667
2024-05-15,SEC-003,26,28.34,687.44,2.8,4.11,2,687.4327018666667
2024-05-15,SEC-004,55,48.51,2396.3,1.87,4.24,6,2396.2911071333333
2024-05-15,SEC-005,16,51.74,987.28,3.04,4.07,4,987.2747986166668
2024-05-15,SEC-006,46,49.34,2413.07,1.98,4.09,6,2413.0724124333333
2024-05-16,SEC-001,10,52.58,521.05,2.16,4.08,2,521.0460126
2024-05-16,SEC-002,56,38.12,2104.09,2.62,4.14,7,2104.089197433333
2024-05-16,SEC-003,21,28.6,536.95,2.84,4.13,2,536.94763065
2024-05-16,SEC-004,31,45.96,1140.92,2.22,4.35,3,1140.91971615
2024-05-16,SEC-005,41,61.07,2770.69,2.59,4.2,8,2770.6937949333333
2024-05-16,SEC-006,54,52.5,2598.52,1.98,4.18,6,2598.5159002
2024-05-17,SEC-001,35,63.45,2060.48,2.2,4.2,5,2060.4838951
2024-05-17,SEC-002,48,49.52,1761.17,2.48,4.06,4,1761.17097675
2024-05-17,SEC-003,32,26.87,802.76,2.51,4.21,3,802.75711395
2024-05-17,SEC-004,24,34.46,744.38,3.04,4.1,1,744.3723354166667
2024-05-17,SEC-005,32,61.07,2081.64,2.65,4.22,4,2081.6301779166665
2024-05-17,SEC-006,39,49.86,2108.54,2.38,4.22,7,2108.5410802333336
2024-05-20,SEC-001,33,61.92,1846.18,1.62,4.22,5,1846.1797156666669
2024-05-20,SEC-002,61,46.04,2393.19,2.58,4.28,7,2393.185580916667
2024-05-20,SEC-003,32,26.53,822.53,3.28,4.14,1,822.5284935166667
2024-05-20,SEC-004,37,42.06,1503.57,2.23,4.14,4,1503.5621221
2024-05-20,SEC-005,41,59.17,2527.64,3.0,4.14,7,2527.6392977833334
2024-05-20,SEC-006,31,43.7,1401.8,1.66,4.08,4,1401.8075891666667
2024-05-21,SEC-001,11,58.36,615.35,3.14,4.06,1,615.3508035666666
2024-05-21,SEC-002,60,43.34,2842.32,2.59,4.12,7,2842.310841116667
2024-05-21,SEC-003,31,28.43,806.58,2.63,4.12,3,806.5745308
2024-05-21,SEC-004,37,40.51,1192.04,2.6,4.27,3,1192.0383196333332
2024-05-21,SEC-005,54,60.66,3236.26,2.42,4.22,7,3236.254144533333
2024-05-21,SEC-006,35,49.27,1974.11,2.48,4.26,4,1974.11703405
2024-05-22,SEC-001,14,62.58,730.94,1.62,4.42,2,730.9472418166666
2024-05-22,SEC-002,62,39.11,2449.85,2.78,4.1,5,2449.8470037166667
2024-05-22,SEC-003,37,30.71,1135.86,2.59,4.1,3,1135.8591467166666
2024-05-22,SEC-004,23,37.17,899.93,2.28,4.2,3,899.9225029166666
2024-05-22,SEC-005,19,50.54,862.42,2.35,4.3,3,862.41487555
2024-05-22,SEC-006,36,49.91,1507.08,2.1,4.24,3,1507.0781120166666
2024-05-27,SEC-001,24,51.93,1246.35,1.42,4.25,2,1246.3547941
2024-05-27,SEC-002,90,38.94,3302.25,2.37,4.25,8,3302.25725965
2024-05-27,SEC-003,39,28.82,1215.69,2.83,4.12,3,1215.6879551
2024-05-27,SEC-004,23,37.98,836.99,2.18,4.17,2,836.9911137166666
2024-05-27,SEC-005,49,55.42,2898.44,2.69,4.13,8,2898.4332191
2024-05-27,SEC-006,108,52.18,5389.28,2.14,4.21,13,5389.284483283333
2024-05-28,SEC-001,22,57.97,1227.97,1.74,4.24,3,1227.9694562666666
2024-05-28,SEC-002,39,33.98,1287.84,2.14,4.34,4,1287.8397862333334
2024-05-28,SEC-003,20,25.12,496.93,3.74,4.13,3,496.9350748666667
2024-05-28,SEC-004,37,42.71,1289.79,2.1,4.28,4,1289.78079
2024-05-28,SEC-005,53,71.46,3590.05,2.34,4.23,10,3590.044229983333
2024-05-28,SEC-006,34,49.16,1715.4,1.92,4.19,5,1715.3944984333334
2024-05-29,SEC-001,12,50.99,607.99,1.75,4.31,2,607.9916380166667
2024-05-29,SEC-002,48,42.95,2302.35,2.67,4.17,6,2302.3404559666665
2024-05-29,SEC-003,27,30.85,808.01,2.71,4.13,2,808.0128494
2024-05-29,SEC-004,15,29.84,443.03,2.9,4.12,3,443.0247903833333
2024-05-29,SEC-005,17,54.87,999.15,3.46,4.26,2,999.1512745666666
2024-05-29,SEC-006,44,52.41,2766.17,2.06,4.12,7,2766.1702747
2024-05-30,SEC-001,15,59.04,911.97,1.86,4.06,2,911.9753905333332
2024-05-30,SEC-002,27,37.45,979.7,2.59,4.2,3,979.6970463
2024-05-30,SEC-003,29,28.7,815.58,3.07,4.09,2,815.5780399166666
2024-05-30,SEC-004,11,33.45,483.17,3.04,4.29,3,483.1764595833333
2024-05-30,SEC-005,50,63.41,2830.91,2.71,4.16,7,2830.9162444
2024-05-30,SEC-006,38,53.34,2104.35,1.99,4.27,6,2104.3513145
2024-05-31,SEC-001,16,53.67,855.09,1.88,4.45,2,855.0918114333333
2024-05-31,SEC-002,55,43.49,2231.46,1.82,4.11,6,2231.4646495
2024-05-31,SEC-003,25,28.89,599.5,2.79,4.35,1,599.49438045
2024-05-31,SEC-004,22,40.51,797.71,2.02,4.13,2,797.70436965
2024-05-31,SEC-005,20,47.92,930.23,2.17,4.1,3,930.2322335333332
2024-05-31,SEC-006,54,50.39,2950.19,1.89,4.18,8,2950.198827983333
2024-06-03,SEC-001,25,56.34,1374.76,2.16,4.1,4,1374.7596653666667
2024-06-03,SEC-002,42,37.07,1362.91,2.75,4.22,4,1362.911691666667
2024-06-03,SEC-003,30,25.99,684.43,2.69,4.03,2,684.4247168166667
2024-06-03,SEC-004,35,42.83,1583.98,1.85,4.24,4,1583.9806913
2024-06-03,SEC-005,39,55.34,1994.3,2.38,4.15,5,1994.3046635333333
2024-06-03,SEC-006,61,51.64,3601.97,2.21,4.26,10,3601.970155
2024-06-04,SEC-001,16,54.04,845.41,1.52,4.19,3,845.4155491333333
2024-06-04,SEC-002,34,35.86,1141.72,2.88,4.25,4,1141.7217421833334
2024-06-04,SEC-003,22,23.89,491.99,2.94,4.62,3,491.9873701833333
2024-06-04,SEC-004,31,41.84,1221.96,2.64,4.09,3,1221.956074833333
2024-06-04,SEC-005,54,62.09,2776.38,2.55,4.24,7,2776.382518616667
2024-06-04,SEC-006,52,48.55,2772.75,2.36,4.16,7,2772.755557133333
2024-06-05,SEC-001,12,63.98,699.5,1.94,4.06,2,699.5007447
2024-06-05,SEC-002,32,38.26,1145.01,2.46,4.16,3,1145.01053545
2024-06-05,SEC-003,41,28.6,1309.57,2.9,4.37,4,1309.566876416667
2024-06-05,SEC-004,11,34.84,372.64,2.55,4.31,2,372.65016798333335
2024-06-05,SEC-005,33,52.07,1605.99,2.52,4.17,5,1605.99162775
2024-06-05,SEC-006,49,50.7,2666.04,1.77,4.21,7,2666.0385703166667
2024-06-06,SEC-001,33,54.5,1733.64,3.12,4.19,6,1733.63844005
2024-06-06,SEC-002,60,46.2,2386.34,2.55,4.08,6,2386.35010855
2024-06-06,SEC-003,37,26.44,955.47,2.73,4.1,2,955.4771546166668
2024-06-06,SEC-004,28,34.02,915.66,2.34,4.17,2,915.65184405
2024-06-06,SEC-005,43,57.82,2740.39,2.75,4.19,7,2740.39978675
2024-06-06,SEC-006,48,51.96,2739.5,2.33,4.31,6,2739.4920912166667
2024-06-07,SEC-001,18,53.54,926.78,2.72,4.04,4,926.7798903333332
2024-06-07,SEC-002,43,38.49,1707.37,2.3,4.19,5,1707.3693905833334
2024-06-07,SEC-003,35,28.13,1021.03,2.67,4.17,3,1021.0352526666668
2024-06-07,SEC-004,15,32.8,449.0,2.11,4.39,1,448.9984365166666
2024-06-07,SEC-005,32,57.07,1951.5,3.04,4.17,5,1951.499162716667
2024-06-07,SEC-006,38,47.11,1703.5,1.22,4.28,6,1703.500472833333
2024-06-10,SEC-001,8,47.66,408.27,3.72,4.57,1,408.26374705
2024-06-10,SEC-002,41,36.7,1303.63,2.32,4.34,3,1303.6320835666666
2024-06-10,SEC-003,32,27.55,703.59,3.03,4.11,3,703.5878293
2024-06-10,SEC-004,44,41.75,1571.62,1.83,4.15,3,1571.61742955
2024-06-10,SEC-005,55,60.64,3430.81,3.05,4.17,9,3430.812777283333
2024-06-10,SEC-006,116,50.67,7176.98,2.14,4.3,18,7176.977583783333
2024-06-11,SEC-001,13,58.37,741.08,2.08,4.18,2,741.0831133
2024-06-11,SEC-002,47,40.49,1909.17,2.58,4.36,6,1909.16582435
2024-06-11,SEC-003,9,25.03,207.45,2.33,3.81,1,207.4504735833333
2024-06-11,SEC-004,30,41.45,1244.49,2.31,4.2,3,1244.4950864833334
2024-06-11,SEC-005,58,74.54,4668.22,2.01,4.21,12,4668.230328716667
2024-06-11,SEC-006,28,47.11,1641.53,1.6,4.23,5,1641.53618365
2024-06-12,SEC-001,33,64.38,2022.86,2.53,4.08,6,2022.8672587666667
2024-06-12,SEC-002,17,26.22,428.52,2.43,4.23,1,428.52458625
2024-06-12,SEC-003,25,26.03,558.62,3.04,4.18,3,558.6179267833334
2024-06-12,SEC-004,19,34.14,657.21,1.91,4.06,3,657.2117956666667
2024-06-12,SEC-005,43,62.68,2735.98,2.87,4.16,7,2735.976402216667
2024-06-12,SEC-006,44,49.11,2073.48,2.6,4.21,5,2073.4677264
2024-06-13,SEC-001,12,64.23,715.55,2.28,4.09,1,715.5542569833333
2024-06-13,SEC-002,41,39.45,1606.16,2.88,4.06,3,1606.1630972
2024-06-13,SEC-003,42,32.02,1203.56,3.21,4.24,3,1203.5595497166669
2024-06-13,SEC-004,8,28.54,233.31,2.37,4.54,2,233.30365243333333
2024-06-13,SEC-005,49,67.92,3187.63,2.89,4.28,8,3187.6341028166667
2024-06-13,SEC-006,30,43.98,1461.51,2.53,4.06,4,1461.5176786666666
2024-06-14,SEC-001,12,54.62,648.13,1.89,4.31,1,648.1289013833333
2024-06-14,SEC-002,47,42.9,1854.68,2.0,4.2,6,1854.6729089
2024-06-14,SEC-003,31,29.62,857.8,3.07,4.37,3,857.7922148833334
2024-06-14,SEC-004,37,42.57,1565.06,2.42,4.16,5,1565.05126355
2024-06-14,SEC-005,34,55.81,1822.14,2.32,4.18,4,1822.13273765
2024-06-14,SEC-006,31,47.57,1454.55,2.54,4.19,4,1454.562089883333
2024-06-18,SEC-001,27,51.74,1371.92,1.86,4.12,3,1371.9222240333334
2024-06-18,SEC-002,26,35.48,833.22,2.7,4.17,2,833.23137325
2024-06-18,SEC-003,21,28.66,598.68,3.31,4.17,3,598.6740313333333
2024-06-18,SEC-004,14,41.78,561.69,2.22,4.25,3,561.6887657333333
2024-06-18,SEC-005,84,66.56,5510.23,2.61,4.06,14,5510.229514166666
2024-06-18,SEC-006,71,51.1,3807.09,2.28,4.13,11,3807.0819295166666
2024-06-19,SEC-001,11,55.03,627.24,2.41,4.27,2,627.23411135
2024-06-19,SEC-002,24,33.48,699.95,3.26,4.38,2,699.9521889833334
2024-06-19,SEC-003,49,32.91,1443.45,3.01,4.18,5,1443.4477507833333
2024-06-19,SEC-004,38,39.86,1419.66,2.67,4.14,3,1419.6555446166667
2024-06-19,SEC-005,25,67.33,1522.31,2.53,4.19,4,1522.3160418
2024-06-19,SEC-006,25,49.12,1095.59,1.78,4.09,3,1095.586398
2024-06-20,SEC-001,10,47.7,475.26,1.81,4.31,2,475.25896431666666
2024-06-20,SEC-002,41,38.18,1500.78,2.87,4.03,4,1500.7710579666666
2024-06-20,SEC-003,26,29.32,696.15,2.43,4.37,2,696.1494134166667
2024-06-20,SEC-004,19,38.38,650.16,2.26,4.23,1,650.1631257166666
2024-06-20,SEC-005,37,56.8,1846.73,1.85,4.12,5,1846.72764435
2024-06-20,SEC-006,27,40.07,1234.44,1.75,4.21,2,1234.4424953
2024-06-24,SEC-001,28,56.05,1425.19,1.81,4.21,4,1425.1877500666667
2024-06-24,SEC-002,62,38.56,2127.56,2.24,4.29,6,2127.56349355
2024-06-24,SEC-003,96,34.12,2737.82,2.57,4.12,8,2737.8187372166667
2024-06-24,SEC-004,38,38.61,1403.49,2.31,4.14,5,1403.4929705333334
2024-06-24,SEC-005,44,58.3,2900.3,3.16,4.18,6,2900.2895310833333
2024-06-24,SEC-006,66,49.22,3562.43,2.44,4.29,9,3562.4290882833334
2024-06-25,SEC-001,31,67.96,2045.97,1.8,4.18,6,2045.9692436333332
2024-06-25,SEC-002,23,34.84,704.59,2.28,4.12,2,704.5915864166667
2024-06-25,SEC-003,13,25.91,319.93,2.62,4.08,1,319.92580871666667
2024-06-25,SEC-004,24,40.48,941.68,2.92,4.34,4,941.6813139
2024-06-25,SEC-005,84,66.42,6110.12,2.69,4.17,15,6110.1249452
2024-06-25,SEC-006,37,50.12,1920.79,2.29,4.16,5,1920.796025783333
2024-06-26,SEC-001,23,60.78,1299.4,2.38,4.24,4,1299.4031288833337
2024-06-26,SEC-002,34,34.9,1160.04,2.26,4.07,4,1160.04383435
2024-06-26,SEC-003,29,28.01,763.14,2.71,4.19,3,763.14415605
2024-06-26,SEC-004,30,39.46,1124.04,2.26,4.2,3,1124.035116883333
2024-06-26,SEC-005,35,53.8,2030.43,2.25,4.26,5,2030.4340564333331
2024-06-26,SEC-006,56,56.81,2932.81,2.25,4.31,6,2932.814372916667
2024-06-27,SEC-001,23,53.06,1289.33,1.87,4.12,4,1289.33315335
2024-06-27,SEC-002,30,33.56,1035.25,2.49,4.17,3,1035.2502049666666
2024-06-27,SEC-003,19,27.44,517.23,3.72,4.05,1,517.2311253833333
2024-06-27,SEC-004,13,38.48,479.12,2.39,4.17,1,479.12124501666665
2024-06-27,SEC-005,76,67.47,4617.74,2.51,4.2,10,4617.7476535
2024-06-27,SEC-006,32,44.26,1292.74,2.3,4.19,4,1292.73258285
2024-06-28,SEC-001,12,53.64,635.31,2.0,4.16,2,635.3046750833333
2024-06-28,SEC-002,41,35.79,1255.87,2.86,4.04,3,1255.8708082
2024-06-28,SEC-003,22,26.65,568.58,3.35,4.18,3,568.57819495
2024-06-28,SEC-004,13,39.88,454.82,2.93,4.13,3,454.8275731666666
2024-06-28,SEC-005,28,61.33,1474.73,3.03,4.37,3,1474.724114783333
2024-06-28,SEC-006,51,51.05,3045.98,2.17,4.16,8,3045.9775707333333
2024-07-01,SEC-001,11,53.78,593.57,2.0,4.1,2,593.57449575
2024-07-01,SEC-002,67,40.5,2484.73,3.26,4.41,7,2484.727369083333
2024-07-01,SEC-003,44,29.62,1185.12,2.89,4.22,2,1185.11910915
2024-07-01,SEC-004,28,35.84,892.01,2.4,4.11,2,892.0049156
2024-07-01,SEC-005,23,64.5,1480.42,3.08,3.92,3,1480.4173192833334
2024-07-01,SEC-006,48,50.37,2220.25,2.38,4.24,5,2220.257932516666
2024-07-02,SEC-001,21,50.56,1020.73,2.53,4.2,3,1020.728183
2024-07-02,SEC-002,32,37.82,1041.5,2.19,4.17,3,1041.49752855
2024-07-02,SEC-003,22,22.22,494.82,2.6,4.06,2,494.82726491666665
2024-07-02,SEC-004,33,47.12,1219.61,2.04,4.12,3,1219.6109598666667
2024-07-02,SEC-005,31,52.6,1634.32,2.71,4.18,5,1634.3248809166666
2024-07-02,SEC-006,41,49.86,2148.91,2.58,4.24,6,2148.91003575
2024-07-03,SEC-001,10,50.7,507.02,2.4,4.2,1,507.02708938333336
2024-07-03,SEC-002,42,57.4,1623.11,2.42,4.08,4,1623.0977834833334
2024-07-03,SEC-003,57,32.47,1773.94,2.73,4.15,5,1773.9427152
2024-07-03,SEC-004,45,38.91,1551.58,2.03,4.22,4,1551.5841717666667
2024-07-03,SEC-005,47,58.9,3072.99,2.74,4.22,8,3072.9912059333333
2024-07-03,SEC-006,21,45.44,1216.65,1.65,4.33,3,1216.6483421333332
2024-07-04,SEC-001,16,54.24,858.67,1.77,4.11,2,858.6700724666667
2024-07-04,SEC-002,18,28.47,427.42,3.1,4.29,2,427.4131105833333
2024-07-04,SEC-003,45,29.18,1216.6,2.82,4.23,2,1216.6011486833331
2024-07-04,SEC-004,42,44.21,1732.69,1.87,4.16,6,1732.68215675
2024-07-04,SEC-005,42,56.58,2475.5,2.91,4.15,6,2475.49992735
2024-07-04,SEC-006,54,52.54,2907.44,2.34,4.12,8,2907.4362723
2024-07-05,SEC-001,44,86.16,3014.36,2.55,4.12,9,3014.3619273
2024-07-05,SEC-002,26,35.74,803.36,2.41,4.28,2,803.3559544166667
2024-07-05,SEC-003,35,30.68,939.66,2.44,4.17,2,939.6617488666668
2024-07-05,SEC-004,16,31.31,516.62,2.36,4.19,2,516.6187463666666
2024-07-05,SEC-005,36,62.42,2404.0,2.23,4.24,6,2404.00770475
2024-07-05,SEC-006,36,47.42,1773.12,1.91,4.21,5,1773.12346165
2024-07-08,SEC-001,49,70.82,3225.82,1.92,4.18,8,3225.8203207
2024-07-08,SEC-002,50,42.82,1984.95,2.78,4.12,5,1984.9599480166669
2024-07-08,SEC-003,43,30.84,1308.67,2.72,4.26,4,1308.6629519166668
2024-07-08,SEC-004,20,30.68,620.4,2.42,4.19,3,620.4083511166666
2024-07-08,SEC-005,22,47.69,1104.13,2.94,4.25,3,1104.1269699833333
2024-07-08,SEC-006,37,41.34,2031.86,2.1,4.21,5,2031.86558585
2024-07-09,SEC-001,20,65.64,1231.36,1.66,4.27,3,1231.3626303833337
2024-07-09,SEC-002,18,34.45,618.97,3.04,4.04,2,618.9730694333333
2024-07-09,SEC-003,38,30.34,1051.52,3.48,4.18,3,1051.519169
2024-07-09,SEC-004,16,32.99,638.65,1.8,4.28,2,638.6514654666667
2024-07-09,SEC-005,35,62.76,2382.67,1.78,4.27,6,2382.662462983333
2024-07-09,SEC-006,57,55.17,3310.6,2.1,4.23,8,3310.5947288166667
2024-07-10,SEC-001,29,60.04,1668.82,2.46,4.26,3,1668.8149216666666
2024-07-10,SEC-002,17,33.65,554.67,3.44,4.26,3,554.6748184
2024-07-10,SEC-003,43,31.86,1361.59,2.87,4.11,4,1361.5845072
2024-07-10,SEC-004,47,47.0,1843.38,1.93,4.19,5,1843.37741505
2024-07-10,SEC-005,33,59.43,2025.25,2.58,4.18,6,2025.245867866667
2024-07-10,SEC-006,28,45.34,1373.92,2.46,4.19,4,1373.9267557166668
2024-07-11,SEC-001,13,54.7,750.79,1.98,4.35,3,750.7872249666666
2024-07-11,SEC-002,32,35.53,1048.3,1.92,4.23,4,1048.3045891333334
2024-07-11,SEC-003,40,29.29,1157.95,3.12,4.11,4,1157.9564207333333
2024-07-11,SEC-004,42,45.35,1565.75,2.47,4.27,5,1565.746005233333
2024-07-11,SEC-005,59,65.46,3712.65,2.67,4.26,8,3712.6487995166663
2024-07-11,SEC-006,33,48.92,1515.32,1.9,4.18,3,1515.32128735
2024-07-12,SEC-001,21,60.91,1153.23,1.98,4.29,3,1153.2259231166668
2024-07-12,SEC-002,33,33.98,1082.48,2.74,4.28,3,1082.4648990833334
2024-07-12,SEC-003,23,28.51,659.98,3.83,4.3,2,659.9791348
2024-07-12,SEC-004,31,43.5,1379.35,2.33,4.3,4,1379.3408011166666
2024-07-12,SEC-005,43,66.0,2846.56,2.2,4.02,6,2846.5644772166665
2024-07-12,SEC-006,35,50.08,1878.22,2.44,4.13,6,1878.215844
2024-07-15,SEC-001,19,52.8,997.93,1.5,4.31,3,997.92664325
2024-07-15,SEC-002,58,43.02,2086.59,2.95,4.06,4,2086.58737675
2024-07-15,SEC-003,52,28.54,1342.06,2.91,4.25,4,1342.0625173833332
2024-07-15,SEC-004,23,37.48,819.78,2.31,4.18,3,819.77768485
2024-07-15,SEC-005,64,68.24,4344.77,2.86,4.21,10,4344.773209383334
2024-07-15,SEC-006,49,46.02,1970.84,2.19,4.18,6,1970.8431946666667
2024-07-16,SEC-001,10,42.52,472.82,1.94,4.11,1,472.8201225166667
2024-07-16,SEC-002,22,35.6,762.2,3.34,4.06,2,762.1964135833333
2024-07-16,SEC-003,31,33.83,1010.64,3.02,4.12,3,1010.64154475
2024-07-16,SEC-004,18,40.96,769.85,2.09,4.11,1,769.8508513166666
2024-07-16,SEC-005,17,57.77,1145.26,2.04,3.77,4,1145.25827695
2024-07-16,SEC-006,17,44.62,843.72,1.98,4.04,2,843.7230905
2024-07-17,SEC-001,17,56.76,918.77,1.94,4.28,2,918.7706602
2024-07-17,SEC-002,29,39.06,1085.06,2.58,4.11,3,1085.0491565833331
2024-07-17,SEC-003,30,28.05,856.61,2.94,4.38,4,856.6118768666666
2024-07-17,SEC-004,18,36.62,654.17,2.53,4.2,2,654.1736961833333
2024-07-17,SEC-005,24,54.08,1400.27,2.55,4.04,3,1400.2633525
2024-07-17,SEC-006,42,52.3,2448.51,2.66,4.14,7,2448.521106733333
2024-07-18,SEC-001,4,47.04,186.09,1.5,3.66,1,186.0915685333333
2024-07-18,SEC-002,33,36.95,1086.28,3.5,4.1,3,1086.2782938333332
2024-07-18,SEC-003,49,32.63,1511.14,2.82,4.2,5,1511.148089283333
2024-07-18,SEC-004,18,28.62,545.95,2.26,4.1,2,545.9509739166666
2024-07-18,SEC-005,24,50.43,1087.82,3.56,4.12,2,1087.8135742
2024-07-18,SEC-006,35,55.22,2016.1,2.2,4.36,4,2016.0980155166667
2024-07-19,SEC-001,32,56.22,1808.9,2.53,4.07,5,1808.9004965833333
2024-07-19,SEC-002,22,39.93,677.16,2.54,4.14,3,677.1723921833334
2024-07-19,SEC-003,39,29.88,1217.41,3.12,4.31,4,1217.4194035833334
2024-07-19,SEC-004,29,38.99,942.87,2.21,4.08,2,942.8711423166668
2024-07-19,SEC-005,40,59.87,2531.92,2.96,4.23,8,2531.92236175
2024-07-19,SEC-006,55,50.99,3137.71,2.31,4.08,8,3137.7112188
2024-07-22,SEC-001,24,53.76,1213.64,2.43,4.08,2,1213.6447619333333
2024-07-22,SEC-002,41,34.25,1436.15,3.03,4.27,3,1436.1504725666666
2024-07-22,SEC-003,45,29.12,1324.95,3.1,4.16,4,1324.9529812666667
2024-07-22,SEC-004,27,35.3,942.88,2.2,4.2,3,942.8848101166668
2024-07-22,SEC-005,44,58.35,2855.26,2.87,4.24,7,2855.254011333333
2024-07-22,SEC-006,45,51.6,2386.51,2.08,4.2,6,2386.5131715166667
2024-07-23,SEC-001,7,76.2,464.28,1.55,3.85,2,464.2789555
2024-07-23,SEC-002,29,32.42,975.4,3.18,4.15,3,975.4024984166666
2024-07-23,SEC-003,22,28.04,596.97,2.59,4.18,3,596.9589131166666
2024-07-23,SEC-004,23,40.49,961.68,2.0,4.18,3,961.68131055
2024-07-23,SEC-005,29,50.13,1542.54,1.98,4.23,4,1542.53169155
2024-07-23,SEC-006,67,58.09,4258.75,2.16,4.16,11,4258.74123485
2024-07-24,SEC-001,26,60.96,1621.29,2.11,4.22,4,1621.2928141
2024-07-24,SEC-002,30,37.47,1104.58,3.05,4.13,3,1104.57315875
2024-07-24,SEC-003,34,21.86,756.41,2.51,4.24,2,756.4126506666667
2024-07-24,SEC-004,29,39.4,1046.62,1.72,4.1,3,1046.6178763833334
2024-07-24,SEC-005,63,66.85,4253.97,2.72,4.1,10,4253.9715177
2024-07-24,SEC-006,14,41.6,610.01,3.03,4.36,2,610.0154513
2024-07-25,SEC-001,12,62.69,697.13,1.39,4.22,2,697.1372217333334
2024-07-25,SEC-002,52,40.21,2052.48,2.68,4.16,5,2052.474608066667
2024-07-25,SEC-003,21,23.23,466.07,2.59,4.06,2,466.0692806166667
2024-07-25,SEC-004,20,37.6,679.55,1.76,4.11,3,679.5511404333333
2024-07-25,SEC-005,16,52.6,730.75,3.47,4.13,2,730.755812
2024-07-25,SEC-006,57,49.82,2849.83,2.26,4.2,7,2849.8263203166666
2024-07-26,SEC-001,11,52.56,577.8,1.72,4.16,2,577.8002281333333
2024-07-26,SEC-002,75,41.76,2807.93,2.44,4.28,6,2807.931719
2024-07-26,SEC-003,40,27.75,1173.4,3.3,4.2,3,1173.4013605666669
2024-07-26,SEC-004,13,39.51,509.67,2.04,3.93,3,509.6764224
2024-07-26,SEC-005,20,54.97,1202.13,2.07,4.11,2,1202.131628783333
2024-07-26,SEC-006,45,49.59,2053.68,2.44,4.3,5,2053.6733453666666
2024-07-29,SEC-001,13,52.01,680.09,1.82,4.32,2,680.0907200166666
2024-07-29,SEC-002,54,36.7,1644.57,2.44,4.3,4,1644.5748124
2024-07-29,SEC-003,49,30.79,1527.42,2.28,4.29,5,1527.413429016667
2024-07-29,SEC-004,46,43.91,1734.99,1.95,4.16,5,1734.9798391
2024-07-29,SEC-005,30,55.5,1695.4,2.26,4.28,5,1695.4033994166666
2024-07-29,SEC-006,73,49.74,3668.43,2.63,4.31,10,3668.4200066
2024-07-30,SEC-001,7,51.19,357.36,1.5,4.08,1,357.35699455
2024-07-30,SEC-002,28,37.19,924.8,2.17,4.44,3,924.80566615
2024-07-30,SEC-003,21,24.73,402.73,3.01,4.15,1,402.73379975
2024-07-30,SEC-004,23,35.83,780.34,2.66,4.17,2,780.3466831833333
2024-07-30,SEC-005,32,55.58,1814.13,2.54,4.27,5,1814.130473
2024-07-30,SEC-006,43,51.73,2436.37,1.98,4.06,6,2436.3738596333333
2024-07-31,SEC-001,21,61.35,1270.39,1.78,4.28,4,1270.3931208833333
2024-07-31,SEC-002,44,41.68,1549.53,2.77,4.16,3,1549.5320531666666
2024-07-31,SEC-003,29,27.89,773.98,3.07,4.25,1,773.9731714
2024-07-31,SEC-004,29,44.26,1223.36,2.24,4.13,3,1223.3622483166666
2024-07-31,SEC-005,14,35.68,560.63,1.52,4.37,3,560.6306488833334
2024-07-31,SEC-006,41,48.84,2283.23,2.03,4.24,6,2283.2264061666665
2024-08-01,SEC-001,30,64.26,1770.01,2.12,4.22,4,1770.0122718666669
2024-08-01,SEC-002,43,30.06,1273.2,2.05,4.14,4,1273.2014298833333
2024-08-01,SEC-003,18,23.38,395.75,2.41,4.18,1,395.7539197833333
2024-08-01,SEC-004,32,35.34,996.01,1.88,4.18,3,996.0108077833332
2024-08-01,SEC-005,52,66.56,3474.93,2.41,4.22,10,3474.9260624666667
2024-08-01,SEC-006,49,53.94,2547.06,1.98,4.26,8,2547.0598043666664
2024-08-02,SEC-001,14,54.92,726.35,2.82,4.16,1,726.3555139
2024-08-02,SEC-002,47,36.21,1483.78,2.54,4.28,4,1483.7875139166667
2024-08-02,SEC-003,59,32.4,1717.15,2.83,4.19,5,1717.1459514
2024-08-02,SEC-004,24,34.45,787.73,2.27,4.24,2,787.7260464999999
2024-08-02,SEC-005,40,64.67,2762.79,3.42,4.08,7,2762.7895895
2024-08-02,SEC-006,43,41.38,1696.36,2.12,4.2,5,1696.367475583333
2024-08-05,SEC-001,25,61.93,1478.13,1.86,4.18,4,1478.1332105166666
2024-08-05,SEC-002,40,33.99,1327.52,2.85,4.17,3,1327.5273265
2024-08-05,SEC-003,63,28.38,1601.48,2.76,4.27,5,1601.4838862666668
2024-08-05,SEC-004,40,33.81,1317.57,2.7,4.19,4,1317.5706726833334
2024-08-05,SEC-005,97,63.08,5726.66,2.59,4.21,14,5726.66449605
2024-08-05,SEC-006,94,52.1,5208.0,2.18,4.17,14,5208.00260805
2024-08-06,SEC-001,23,54.25,1236.2,1.96,4.15,3,1236.2017347333333
2024-08-06,SEC-002,36,34.79,1234.31,2.39,4.28,2,1234.307564233333
2024-08-06,SEC-003,51,31.71,1501.93,3.29,4.21,5,1501.9324154666667
2024-08-06,SEC-004,12,32.33,362.35,2.58,4.25,1,362.35152645
2024-08-06,SEC-005,49,57.3,3022.61,2.61,4.29,7,3022.617258366666
2024-08-06,SEC-006,44,48.46,2177.38,2.65,4.16,5,2177.3809557333334
2024-08-07,SEC-001,12,51.32,615.89,2.84,4.0,2,615.88899175
2024-08-07,SEC-002,25,40.14,866.94,3.08,3.93,3,866.9417197
2024-08-07,SEC-003,30,29.24,825.83,2.91,4.12,1,825.8232419166667
2024-08-07,SEC-004,29,41.8,1095.43,1.7,4.15,4,1095.4254031
2024-08-07,SEC-005,44,62.65,2654.42,2.84,4.04,6,2654.428115466667
2024-08-07,SEC-006,22,42.71,1132.46,3.16,4.23,4,1132.4683362833334
2024-08-08,SEC-001,19,55.0,987.45,1.74,4.12,3,987.4461316
2024-08-08,SEC-002,40,43.23,1337.33,3.02,4.13,5,1337.3384650333337
2024-08-08,SEC-003,26,28.22,706.59,3.58,4.06,2,706.5929921166667
2024-08-08,SEC-004,25,38.75,873.9,2.03,4.23,3,873.8974763333333
2024-08-08,SEC-005,39,58.97,1928.48,2.46,4.33,5,1928.4727138833332
2024-08-08,SEC-006,46,51.51,2475.87,2.13,4.18,6,2475.8679761333333
2024-08-09,SEC-001,14,59.96,839.35,1.93,4.14,1,839.3515549166667
2024-08-09,SEC-002,37,41.08,1429.09,2.92,4.15,4,1429.0911718333334
2024-08-09,SEC-003,30,30.19,883.75,2.76,4.18,3,883.74905475
2024-08-09,SEC-004,17,37.92,612.39,2.47,4.2,2,612.3930729
2024-08-09,SEC-005,18,60.27,1058.16,3.22,4.01,3,1058.1623441
2024-08-09,SEC-006,42,52.66,1977.69,2.34,4.32,5,1977.687674816667
2024-08-12,SEC-001,20,55.4,1107.94,2.65,4.45,3,1107.9370897833332
2024-08-12,SEC-002,58,37.31,2153.03,2.58,4.08,7,2153.0313090833333
2024-08-12,SEC-003,75,32.52,2059.37,2.05,4.21,5,2059.362981366666
2024-08-12,SEC-004,50,37.49,1605.63,2.64,4.3,5,1605.635093933333
2024-08-12,SEC-005,55,55.21,3109.08,2.54,4.2,9,3109.0767181166666
2024-08-12,SEC-006,46,45.51,2550.8,3.01,4.27,8,2550.8046473
2024-08-13,SEC-001,17,59.98,986.54,2.19,4.35,3,986.5401129166668
2024-08-13,SEC-002,36,39.53,1221.26,2.27,4.35,4,1221.2626104333333
2024-08-13,SEC-003,47,32.85,1554.96,2.55,4.15,5,1554.9602745333334
2024-08-13,SEC-004,10,31.75,306.98,2.36,4.18,1,306.9767734833333
2024-08-13,SEC-005,28,59.17,1802.19,2.32,4.36,4,1802.1868094666663
2024-08-13,SEC-006,28,43.51,1236.25,1.77,4.02,3,1236.2471610833334
2024-08-14,SEC-001,9,55.12,454.74,2.22,4.32,2,454.74456326666666
2024-08-14,SEC-002,44,39.49,1770.02,2.87,4.33,5,1770.0203894666668
2024-08-14,SEC-003,27,26.33,636.16,2.96,4.2,3,636.1568677833334
2024-08-14,SEC-004,72,49.54,3047.7,2.36,4.12,8,3047.6944402166664
2024-08-14,SEC-005,34,51.99,1799.96,3.04,4.3,5,1799.9598902833334
2024-08-14,SEC-006,50,47.31,2421.75,2.5,4.05,7,2421.7480832666665
2024-08-15,SEC-001,29,60.72,1615.41,1.67,4.08,5,1615.4031659166667
2024-08-15,SEC-002,46,39.87,1535.03,2.6,4.16,5,1535.0211227333334
2024-08-15,SEC-003,52,31.9,1561.02,2.76,4.28,4,1561.0243005333334
2024-08-15,SEC-004,28,37.39,1029.02,2.62,3.97,4,1029.0185876833332
2024-08-15,SEC-005,46,67.86,2196.09,2.41,4.15,7,2196.092258116667
2024-08-15,SEC-006,21,36.14,847.98,2.8,4.35,4,847.9723521333333
2024-08-16,SEC-001,12,60.48,725.81,1.92,4.08,2,725.8051149833334
2024-08-16,SEC-002,67,39.53,2565.5,2.54,4.26,6,2565.49614965
2024-08-16,SEC-003,19,24.12,404.39,2.2,4.27,1,404.3858537
2024-08-16,SEC-004,25,36.29,813.06,2.0,4.07,2,813.0679628666667
2024-08-16,SEC-005,38,56.58,2439.35,2.63,4.25,6,2439.3391137
2024-08-16,SEC-006,44,48.88,2756.65,1.97,4.22,6,2756.6467399333333
2024-08-20,SEC-001,21,54.54,1111.31,1.91,4.12,3,1111.31533845
2024-08-20,SEC-002,44,39.39,1774.29,2.49,4.2,5,1774.2931961166666
2024-08-20,SEC-003,46,29.91,1257.84,3.29,4.23,4,1257.8388659666666
2024-08-20,SEC-004,14,32.89,426.81,2.83,4.07,2,426.8126897
2024-08-20,SEC-005,39,57.75,2084.32,3.01,4.19,5,2084.31546065
2024-08-20,SEC-006,37,54.66,2451.6,2.24,4.19,6,2451.59368125
2024-08-21,SEC-001,16,55.61,889.82,1.82,4.12,4,889.8241049
2024-08-21,SEC-002,25,36.32,686.09,2.73,4.41,2,686.0864251333334
2024-08-21,SEC-003,58,33.88,1768.09,2.73,4.24,6,1768.0924942333334
2024-08-21,SEC-004,24,39.65,1217.17,2.26,3.98,3,1217.17180525
2024-08-21,SEC-005,18,42.39,1089.42,1.72,4.07,3,1089.42511255
2024-08-21,SEC-006,48,50.46,2585.94,1.9,4.25,7,2585.9416333833333
2024-08-22,SEC-001,20,55.38,1071.5,2.51,4.22,2,1071.5019116
2024-08-22,SEC-002,35,35.31,1233.14,2.84,4.16,2,1233.1429388833333
2024-08-22,SEC-003,41,32.19,1303.28,2.18,4.2,3,1303.2724518833334
2024-08-22,SEC-004,38,41.51,1508.94,1.77,4.18,4,1508.9466384833331
2024-08-22,SEC-005,22,44.23,869.63,2.35,4.2,3,869.6262246666666
2024-08-22,SEC-006,47,50.46,2464.61,2.78,4.28,6,2464.6076093666666
2024-08-23,SEC-001,6,58.66,351.92,2.67,4.0,2,351.9182551833334
2024-08-23,SEC-002,57,44.18,2035.23,2.43,4.2,6,2035.2249508
2024-08-23,SEC-003,47,30.04,1367.83,3.31,4.25,4,1367.8360511666667
2024-08-23,SEC-004,16,37.15,574.27,2.1,4.52,2,574.2635938333333
2024-08-23,SEC-005,38,56.62,2433.5,3.0,4.17,7,2433.4923530166666
2024-08-23,SEC-006,51,49.65,2552.59,2.25,4.21,7,2552.5893032333333
2024-08-26,SEC-001,38,58.27,2172.04,2.01,4.19,6,2172.0339684166665
2024-08-26,SEC-002,43,37.36,1394.02,2.75,4.28,5,1394.0229756833332
2024-08-26,SEC-003,29,26.33,756.78,3.36,4.19,2,756.7746883333333
2024-08-26,SEC-004,37,39.68,1456.23,2.55,4.21,4,1456.2328078833334
2024-08-26,SEC-005,50,62.87,3072.24,2.53,4.22,7,3072.2380043
2024-08-26,SEC-006,54,52.12,2669.86,2.86,4.26,7,2669.8657029666665
2024-08-27,SEC-001,15,56.06,791.38,3.12,4.08,3,791.37959735
2024-08-27,SEC-002,18,33.92,546.35,2.41,4.28,2,546.3434446166667
2024-08-27,SEC-003,17,26.52,492.3,3.01,4.26,2,492.2940353833333
2024-08-27,SEC-004,45,46.94,1909.89,1.85,4.26,4,1909.8843554166667
2024-08-27,SEC-005,31,54.18,1659.64,2.63,4.2,4,1659.6308848166666
2024-08-27,SEC-006,30,51.39,1454.41,2.74,4.14,4,1454.409862
2024-08-28,SEC-001,19,60.86,1112.73,2.18,4.28,2,1112.73162155
2024-08-28,SEC-002,52,36.84,1704.95,2.76,4.13,5,1704.9413285
2024-08-28,SEC-003,50,31.01,1498.75,2.9,4.1,3,1498.75423785
2024-08-28,SEC-004,11,39.46,379.44,1.19,4.05,1,379.4441204833333
2024-08-28,SEC-005,10,54.56,473.3,2.37,3.98,2,473.3007134333333
2024-08-28,SEC-006,49,47.89,2485.49,2.25,4.19,6,2485.498835833333
2024-08-29,SEC-001,45,58.66,2666.26,2.2,4.21,7,2666.2618627
2024-08-29,SEC-002,36,31.46,1107.95,2.48,4.23,4,1107.9513766
2024-08-29,SEC-003,23,26.68,571.6,2.32,4.09,1,571.6031954333333
2024-08-29,SEC-004,37,37.95,1274.4,1.91,4.11,4,1274.4041133166666
2024-08-29,SEC-005,53,58.96,3634.42,2.9,4.21,9,3634.421915483333
2024-08-29,SEC-006,59,50.19,3229.51,2.05,4.07,8,3229.5111127166665
2024-08-30,SEC-001,20,55.3,1017.91,2.16,4.19,3,1017.9155731333332
2024-08-30,SEC-002,16,35.86,448.54,2.92,4.25,2,448.53066916666666
2024-08-30,SEC-003,29,29.4,822.82,2.5,4.34,1,822.8223920166666
2024-08-30,SEC-004,36,46.51,1545.54,2.29,4.11,3,1545.5355786
2024-08-30,SEC-005,31,52.6,1308.9,1.86,4.33,3,1308.8989226166666
2024-08-30,SEC-006,31,48.85,1678.02,2.31,4.22,4,1678.0170652
2024-09-02,SEC-001,11,55.72,617.55,2.13,3.9,2,617.5495235666667
2024-09-02,SEC-002,46,37.63,2078.39,3.02,4.19,4,2078.392461183333
2024-09-02,SEC-003,60,30.54,1530.71,2.4,4.08,4,1530.7027982333334
2024-09-02,SEC-004,15,33.58,482.42,2.75,4.57,1,482.41832285
2024-09-02,SEC-005,107,66.4,6858.5,2.63,4.16,17,6858.498993766667
2024-09-02,SEC-006,40,48.28,1971.38,2.61,4.05,5,1971.3748088333332
2024-09-03,SEC-001,11,53.92,583.87,1.3,4.25,1,583.86893085
2024-09-03,SEC-002,40,34.09,1363.16,2.88,4.08,3,1363.1494472333334
2024-09-03,SEC-003,46,27.58,1154.49,2.72,4.05,4,1154.4895974166666
2024-09-03,SEC-004,33,38.19,1256.98,2.22,4.18,4,1256.977839033333
2024-09-03,SEC-005,81,67.1,5893.38,2.98,4.15,14,5893.3861561
2024-09-03,SEC-006,23,42.34,1011.29,2.0,4.2,3,1011.2964322833334
2024-09-04,SEC-001,11,49.7,549.42,2.04,4.28,2,549.42003425
2024-09-04,SEC-002,28,38.57,1000.02,3.11,4.33,2,1000.0237876666666
2024-09-04,SEC-003,28,30.18,804.54,2.52,4.2,2,804.54024455
2024-09-04,SEC-004,10,35.46,320.06,2.76,4.31,2,320.0543325666667
2024-09-04,SEC-005,26,53.17,1316.52,2.91,4.19,3,1316.5241527666667
2024-09-04,SEC-006,31,58.55,1624.91,1.96,4.09,3,1624.9099226333333
2024-09-05,SEC-001,11,54.1,647.1,1.94,4.36,2,647.0949726666666
2024-09-05,SEC-002,34,42.02,1241.4,2.57,4.2,3,1241.4019929666667
2024-09-05,SEC-003,30,28.63,892.37,3.66,4.17,3,892.3725924
2024-09-05,SEC-004,11,30.93,316.18,2.1,4.11,1,316.17398455
2024-09-05,SEC-005,23,63.51,1216.07,1.88,4.05,3,1216.069441266667
2024-09-05,SEC-006,35,51.26,1995.7,1.87,4.27,6,1995.69563695
2024-09-06,SEC-001,15,50.46,740.72,1.38,4.25,3,740.72046215
2024-09-06,SEC-002,45,36.1,1433.57,2.98,4.37,5,1433.5673307666666
2024-09-06,SEC-003,23,27.29,638.45,2.92,4.24,2,638.4443575166667
2024-09-06,SEC-004,18,36.05,626.84,1.75,3.95,2,626.8335730166667
2024-09-06,SEC-005,65,65.27,4312.29,2.63,4.17,11,4312.289447516667
2024-09-06,SEC-006,64,49.76,3305.19,2.15,4.21,9,3305.19179785
2024-09-09,SEC-001,23,49.56,1142.56,2.08,4.0,3,1142.5627288833334
2024-09-09,SEC-002,42,34.55,1358.15,2.7,4.23,5,1358.15057655
2024-09-09,SEC-003,43,27.91,1272.52,3.28,4.06,3,1272.52370885
2024-09-09,SEC-004,28,38.37,998.53,2.78,4.1,3,998.5331939833334
2024-09-09,SEC-005,59,66.94,3726.57,2.81,4.13,10,3726.568361233333
2024-09-09,SEC-006,53,54.44,2680.35,2.18,4.13,7,2680.3508526833334
2024-09-10,SEC-001,15,49.12,742.18,1.65,4.12,2,742.1742765166666
2024-09-10,SEC-002,36,36.07,1104.11,2.64,4.19,3,1104.1082610333333
2024-09-10,SEC-003,46,29.54,1351.66,2.98,4.26,5,1351.6549125166666
2024-09-10,SEC-004,46,41.37,1859.36,1.81,4.18,5,1859.355193566667
2024-09-10,SEC-005,62,60.05,3612.13,2.7,4.2,8,3612.140779866667
2024-09-10,SEC-006,50,45.23,2460.07,1.94,4.2,6,2460.068075683333
2024-09-11,SEC-001,27,58.96,1434.95,2.4,4.04,4,1434.9426813166667
2024-09-11,SEC-002,30,32.19,892.47,2.39,3.97,4,892.4728625666667
2024-09-11,SEC-003,41,34.38,1279.1,2.41,4.18,4,1279.0983628
2024-09-11,SEC-004,27,30.72,884.55,2.34,4.11,2,884.5564812
2024-09-11,SEC-005,33,55.59,1827.09,2.03,4.02,5,1827.0860556666669
2024-09-11,SEC-006,31,44.51,1670.51,1.88,4.3,4,1670.5017291833333
2024-09-12,SEC-001,22,65.58,1339.12,1.82,3.99,4,1339.1261096666667
2024-09-12,SEC-002,22,30.41,695.04,2.46,4.2,2,695.04456505
2024-09-12,SEC-003,22,28.46,601.87,3.38,4.17,2,601.8645714833333
2024-09-12,SEC-004,9,24.59,233.26,1.0,4.69,1,233.25582545
2024-09-12,SEC-005,49,62.55,2770.09,2.63,4.35,7,2770.088498466667
2024-09-12,SEC-006,43,52.85,2281.08,2.31,4.33,5,2281.08382405
2024-09-13,SEC-001,17,57.08,1000.92,2.46,4.47,2,1000.9252400166667
2024-09-13,SEC-002,31,31.62,1059.8,2.2,4.12,2,1059.80078945
2024-09-13,SEC-003,39,26.59,922.01,2.5,4.19,3,922.0052672
2024-09-13,SEC-004,24,28.68,721.99,1.5,4.26,2,721.9900819833333
2024-09-13,SEC-005,64,64.29,4667.65,2.39,4.07,12,4667.6476638
2024-09-13,SEC-006,54,50.24,2699.51,2.6,4.19,7,2699.506027866667
2024-09-18,SEC-001,12,55.36,719.38,2.25,4.06,3,719.3779308833333
2024-09-18,SEC-002,40,38.34,1422.44,3.1,4.21,4,1422.4389218
2024-09-18,SEC-003,42,30.12,1344.33,3.12,4.25,4,1344.326306916667
2024-09-18,SEC-004,28,37.72,901.47,1.63,4.08,2,901.4709410666668
2024-09-18,SEC-005,51,66.15,2889.95,2.98,4.25,6,2889.9489431166667
2024-09-18,SEC-006,42,47.12,2001.23,2.36,4.19,6,2001.217107616667
2024-09-19,SEC-001,6,53.98,308.77,3.0,4.62,1,308.76627690000004
2024-09-19,SEC-002,41,40.14,1632.35,2.5,4.24,4,1632.3453563166668
2024-09-19,SEC-003,26,26.91,682.96,3.86,4.22,2,682.9567841
2024-09-19,SEC-004,15,39.85,503.51,2.5,4.19,2,503.51461236666665
2024-09-19,SEC-005,33,60.22,2045.62,2.54,4.19,4,2045.6216048
2024-09-19,SEC-006,45,52.04,2408.71,2.36,4.22,6,2408.7019779833336
2024-09-20,SEC-001,49,60.3,2871.13,2.08,4.27,8,2871.1357922666666
2024-09-20,SEC-002,46,32.78,1347.88,2.4,4.26,4,1347.8873999166667
2024-09-20,SEC-003,36,26.8,902.11,3.38,4.16,3,902.1112993166666
2024-09-20,SEC-004,27,35.89,1152.47,2.71,4.4,3,1152.4734616333333
2024-09-20,SEC-005,74,66.48,5016.1,2.94,4.29,12,5016.107347583334
2024-09-20,SEC-006,29,43.3,1410.97,2.62,4.1,4,1410.978342033333
2024-09-23,SEC-001,20,53.38,1017.34,1.8,3.84,3,1017.3425113333332
2024-09-23,SEC-002,45,37.26,1563.76,2.8,4.1,4,1563.7682001833334
2024-09-23,SEC-003,21,24.11,477.85,1.8,4.11,1,477.8488765833333
2024-09-23,SEC-004,47,43.3,1769.62,2.0,4.17,5,1769.6194486666666
2024-09-23,SEC-005,48,66.37,3150.29,2.87,4.15,7,3150.2848795
2024-09-23,SEC-006,62,55.12,3607.59,2.48,4.2,10,3607.5896646833335
2024-09-24,SEC-001,12,55.02,731.95,1.35,4.1,1,731.95593045
2024-09-24,SEC-002,33,35.1,1104.09,3.15,4.15,3,1104.0962494166668
2024-09-24,SEC-003,23,22.96,520.24,2.71,4.16,1,520.2462925333333
2024-09-24,SEC-004,32,44.4,1093.69,2.69,4.14,4,1093.6870965166663
2024-09-24,SEC-005,48,64.56,2488.06,2.45,4.17,5,2488.063537333333
2024-09-24,SEC-006,45,52.51,2281.3,2.05,4.13,6,2281.2999605666664
2024-09-25,SEC-001,6,42.9,266.74,1.7,4.0,1,266.7353673
2024-09-25,SEC-002,32,32.12,926.72,2.55,4.2,3,926.7242291333332
2024-09-25,SEC-003,37,27.38,1001.21,2.33,4.0,3,1001.20320685
2024-09-25,SEC-004,32,41.29,1290.59,1.6,4.33,4,1290.59314465
2024-09-25,SEC-005,42,62.14,2903.14,2.77,4.14,7,2903.152454416667
2024-09-25,SEC-006,65,51.52,3599.46,2.26,4.27,10,3599.4569471166665
2024-09-26,SEC-001,14,51.82,725.36,2.43,4.07,2,725.35838525
2024-09-26,SEC-002,24,40.85,931.96,2.76,4.04,4,931.9593003333332
2024-09-26,SEC-003,35,31.83,1095.44,2.7,4.23,2,1095.43911165
2024-09-26,SEC-004,41,49.14,1890.92,2.16,4.18,5,1890.9175204166668
2024-09-26,SEC-005,16,54.83,1007.05,2.56,4.13,2,1007.0554902666668
2024-09-26,SEC-006,22,45.63,818.41,1.84,4.31,2,818.4174528333333
2024-09-27,SEC-001,13,63.25,705.84,1.82,3.93,3,705.8369755333333
2024-09-27,SEC-002,28,40.54,1078.03,3.26,4.27,3,1078.03393555
2024-09-27,SEC-003,30,31.43,991.06,2.96,3.95,3,991.06058725
2024-09-27,SEC-004,35,44.78,1316.37,2.34,4.3,5,1316.3755734666663
2024-09-27,SEC-005,25,66.33,1554.77,3.1,4.12,4,1554.764453966667
2024-09-27,SEC-006,14,47.1,656.25,2.56,4.44,3,656.2456543333333
2024-09-30,SEC-001,25,57.67,1333.09,1.8,4.22,4,1333.0912545333333
2024-09-30,SEC-002,55,42.0,2087.26,2.33,4.14,5,2087.262046083333
2024-09-30,SEC-003,38,28.71,1137.33,3.07,4.16,4,1137.32488695
2024-09-30,SEC-004,38,37.49,1201.27,1.82,4.17,3,1201.2668226
2024-09-30,SEC-005,54,64.57,3623.46,3.03,4.15,9,3623.463064883333
2024-09-30,SEC-006,38,44.21,1771.65,2.39,4.13,6,1771.6447923666667
2024-10-01,SEC-001,6,64.6,419.52,1.75,4.38,2,419.51980090000006
2024-10-01,SEC-002,41,36.35,1375.08,2.84,4.24,4,1375.0709551333334
2024-10-01,SEC-003,20,26.1,618.74,2.45,4.11,2,618.7339628833333
2024-10-01,SEC-004,17,36.77,574.17,2.78,4.01,2,574.1651517666667
2024-10-01,SEC-005,50,61.06,2600.51,2.35,4.06,8,2600.520427733333
2024-10-01,SEC-006,39,49.34,2163.25,2.28,4.28,6,2163.2559532166665
2024-10-02,SEC-001,8,68.16,458.85,2.34,4.25,2,458.85214713333335
2024-10-02,SEC-002,39,35.79,1518.67,2.32,4.32,4,1518.67835205
2024-10-02,SEC-003,32,27.89,820.51,3.22,4.14,3,820.5108082
2024-10-02,SEC-004,20,36.71,775.33,1.47,4.38,2,775.3324743666667
2024-10-02,SEC-005,63,57.53,4135.75,2.8,4.14,10,4135.743074266667
2024-10-02,SEC-006,45,49.79,2496.11,2.13,4.29,5,2496.1027996666667
2024-10-03,SEC-001,34,57.96,1862.83,1.98,4.08,4,1862.8231902333332
2024-10-03,SEC-002,62,41.31,2411.58,2.74,4.21,6,2411.5767611
2024-10-03,SEC-003,32,23.42,686.29,2.55,4.2,2,686.2897594666666
2024-10-03,SEC-004,41,40.21,1458.11,2.19,4.39,4,1458.110672883333
2024-10-03,SEC-005,37,50.16,1826.58,2.01,4.3,5,1826.5765648833333
2024-10-03,SEC-006,35,46.52,1890.87,2.51,4.24,6,1890.8721345166664
2024-10-04,SEC-001,4,54.47,217.87,1.25,4.0,2,217.87663118333333
2024-10-04,SEC-002,39,35.18,1332.03,2.88,4.17,5,1332.0221602833333
2024-10-04,SEC-003,57,31.0,1467.64,3.03,4.08,3,1467.6356586333334
2024-10-04,SEC-004,31,42.76,1487.55,2.03,4.18,4,1487.55919115
2024-10-04,SEC-005,51,59.03,2665.42,2.61,4.05,7,2665.4228617
2024-10-04,SEC-006,25,43.69,1044.53,1.64,4.28,2,1044.53684585
2024-10-07,SEC-001,21,51.08,1058.97,1.78,4.2,3,1058.9703758166668
2024-10-07,SEC-002,67,36.92,2446.53,2.31,4.13,6,2446.51928
2024-10-07,SEC-003,48,28.95,1218.71,2.47,4.04,3,1218.714687916667
2024-10-07,SEC-004,45,39.4,1634.23,2.26,4.23,5,1634.2332502333334
2024-10-07,SEC-005,99,68.27,6820.25,2.48,4.18,17,6820.23958085
2024-10-07,SEC-006,75,49.14,3545.29,2.44,4.26,8,3545.2904075666665
2024-10-08,SEC-001,30,61.54,1785.49,1.85,4.22,4,1785.49210825
2024-10-08,SEC-002,33,34.57,1130.36,2.31,4.2,3,1130.36807295
2024-10-08,SEC-003,52,30.47,1537.95,3.19,4.26,4,1537.9483146833334
2024-10-08,SEC-004,22,33.78,717.3,2.31,4.27,1,717.2925891166667
2024-10-08,SEC-005,70,67.87,4690.73,2.74,4.21,13,4690.72149295
2024-10-08,SEC-006,31,40.44,1306.58,2.23,4.21,4,1306.5799563833332
2024-10-09,SEC-001,19,54.78,1007.37,2.29,4.22,3,1007.3728853
2024-10-09,SEC-002,20,34.03,617.46,3.51,3.97,1,617.455811
2024-10-09,SEC-003,18,25.36,404.95,3.5,4.53,1,404.95011731666665
2024-10-09,SEC-004,23,41.19,747.6,2.22,4.12,2,747.58748235
2024-10-09,SEC-005,50,69.55,3380.47,2.45,4.08,8,3380.4706135666665
2024-10-09,SEC-006,26,43.09,1120.38,2.68,4.26,2,1120.37304665
2024-10-10,SEC-001,9,66.36,610.64,3.45,3.98,2,610.6371093166666
2024-10-10,SEC-002,10,30.01,286.49,2.86,3.92,1,286.4966350166667
2024-10-10,SEC-003,47,33.1,1521.95,2.64,4.27,5,1521.956278183333
2024-10-10,SEC-004,31,43.44,1221.16,2.32,3.9,4,1221.15580045
2024-10-10,SEC-005,39,59.05,2329.08,2.76,3.97,6,2329.07006205
2024-10-10,SEC-006,33,45.78,1557.32,2.42,4.36,5,1557.317534
2024-10-11,SEC-001,15,55.26,830.79,2.86,4.01,2,830.7929833166667
2024-10-11,SEC-002,61,41.18,2184.52,2.15,4.28,6,2184.526813483333
2024-10-11,SEC-003,25,27.55,655.16,2.96,4.18,2,655.1612084666667
2024-10-11,SEC-004,33,39.04,1213.75,2.21,4.1,4,1213.7496785166668
2024-10-11,SEC-005,29,59.99,1626.1,1.83,4.27,5,1626.1091747833334
2024-10-11,SEC-006,47,48.27,2450.15,2.35,3.99,6,2450.15204485
2024-10-14,SEC-001,20,53.06,956.36,1.84,4.0,2,956.36096295
2024-10-14,SEC-002,84,43.08,3190.98,2.34,4.33,7,3190.9768539333336
2024-10-14,SEC-003,54,30.81,1433.76,2.86,4.27,5,1433.7658652166667
2024-10-14,SEC-004,47,36.39,1538.76,2.33,4.02,4,1538.7565408833334
2024-10-14,SEC-005,67,64.29,4226.22,2.56,4.21,11,4226.219410533334
2024-10-14,SEC-006,45,46.56,2037.83,2.1,4.16,6,2037.8335490833333
2024-10-15,SEC-001,11,59.72,772.46,1.8,4.1,2,772.4607995833334
2024-10-15,SEC-002,33,36.54,1233.65,2.82,4.14,3,1233.64590615
2024-10-15,SEC-003,34,29.15,950.2,3.09,4.01,3,950.1962716833332
2024-10-15,SEC-004,15,34.65,556.97,2.23,4.42,3,556.9765435333334
2024-10-15,SEC-005,36,53.11,1805.43,2.7,4.19,5,1805.4424907833331
2024-10-15,SEC-006,36,49.0,2040.79,2.13,4.18,5,2040.7925872166663
2024-10-16,SEC-001,6,47.35,268.2,3.0,4.0,1,268.2059311333333
2024-10-16,SEC-002,38,34.59,1338.5,2.3,4.11,3,1338.4950770833334
2024-10-16,SEC-003,42,29.82,1369.92,2.91,4.21,4,1369.9182131166667
2024-10-16,SEC-004,41,42.05,1770.05,1.84,4.1,4,1770.0627621833332
2024-10-16,SEC-005,25,58.63,1552.51,2.05,4.15,4,1552.5170584666666
2024-10-16,SEC-006,44,46.57,2137.91,2.52,4.2,7,2137.9170865
2024-10-18,SEC-001,8,53.73,429.84,1.88,4.25,2,429.84450303333335
2024-10-18,SEC-002,57,39.96,2247.66,2.26,4.5,6,2247.661262333333
2024-10-18,SEC-003,60,28.53,1525.17,3.17,4.21,3,1525.1778000666666
2024-10-18,SEC-004,50,33.1,1667.33,1.76,4.1,4,1667.3256896833334
2024-10-18,SEC-005,98,63.88,6472.36,2.47,4.26,16,6472.353576216667
2024-10-18,SEC-006,77,48.98,3683.67,2.28,4.24,8,3683.6676349166655
2024-10-21,SEC-001,10,55.74,504.36,2.44,4.25,1,504.35726638333335
2024-10-21,SEC-002,70,36.99,2444.81,2.38,4.13,5,2444.8114532166665
2024-10-21,SEC-003,48,26.29,1122.23,2.95,4.17,3,1122.2352029166666
2024-10-21,SEC-004,54,41.19,1877.69,2.87,4.08,4,1877.6938991333332
2024-10-21,SEC-005,78,61.49,4706.04,2.78,4.14,12,4706.0429757
2024-10-21,SEC-006,53,44.63,2560.55,2.25,4.1,7,2560.5507120166667
2024-10-22,SEC-001,8,56.23,460.49,2.44,4.0,2,460.4852103333333
2024-10-22,SEC-002,35,39.58,1379.37,2.64,4.12,4,1379.36999175
2024-10-22,SEC-003,31,28.71,884.65,1.99,4.29,3,884.6471011333333
2024-10-22,SEC-004,14,33.26,416.49,2.28,3.95,1,416.49639878333335
2024-10-22,SEC-005,42,57.26,2628.54,2.85,4.1,7,2628.5445439
2024-10-22,SEC-006,58,51.45,2990.18,2.3,4.12,9,2990.1751191333333
2024-10-23,SEC-001,17,52.54,943.02,3.88,4.42,3,943.0272100166668
2024-10-23,SEC-002,60,42.01,2670.57,2.56,4.26,7,2670.5705999
2024-10-23,SEC-003,25,25.52,592.84,2.83,4.05,2,592.8344077
2024-10-23,SEC-004,31,40.0,1015.48,2.06,4.19,3,1015.4831950333332
2024-10-23,SEC-005,33,59.42,1960.83,2.61,4.0,4,1960.8267248666664
2024-10-23,SEC-006,35,45.24,1440.51,1.72,4.22,4,1440.50693375
2024-10-24,SEC-001,6,62.04,398.0,2.12,4.25,1,398.0004467
2024-10-24,SEC-002,33,35.0,1137.3,2.7,4.08,3,1137.300548833333
2024-10-24,SEC-003,31,26.9,763.52,3.16,4.25,1,763.51481875
2024-10-24,SEC-004,16,40.61,488.48,3.24,4.12,2,488.47674565
2024-10-24,SEC-005,78,66.36,5730.97,2.62,4.19,13,5730.968715216667
2024-10-24,SEC-006,27,56.48,1487.53,2.72,4.2,4,1487.5307686333333
2024-10-25,SEC-001,17,68.98,1189.47,2.26,4.17,2,1189.4703714333334
2024-10-25,SEC-002,35,33.65,1164.99,2.17,4.08,3,1164.9876411333337
2024-10-25,SEC-003,31,29.11,895.83,2.68,4.19,3,895.8381806666666
2024-10-25,SEC-004,25,36.9,847.08,2.38,3.93,3,847.091703
2024-10-25,SEC-005,50,66.15,3528.31,2.51,4.23,9,3528.3069161666667
2024-10-25,SEC-006,27,44.81,1288.07,2.44,3.94,4,1288.0712382333334
2024-10-28,SEC-001,12,48.82,574.29,1.83,4.17,3,574.2950688833333
2024-10-28,SEC-002,81,43.58,3461.49,2.41,4.15,9,3461.4872005666666
2024-10-28,SEC-003,37,26.86,957.24,2.94,4.16,3,957.2429152166668
2024-10-28,SEC-004,45,41.53,1782.6,2.24,4.14,5,1782.60315765
2024-10-28,SEC-005,36,54.6,2073.3,2.55,4.27,5,2073.30990375
2024-10-28,SEC-006,28,40.86,1415.09,2.94,3.81,5,1415.08694805
2024-10-29,SEC-001,14,51.14,689.98,2.52,4.28,2,689.98075755
2024-10-29,SEC-002,39,38.67,1296.36,2.82,4.13,4,1296.3559073166666
2024-10-29,SEC-003,50,28.21,1418.39,2.62,4.19,3,1418.3869298666666
2024-10-29,SEC-004,39,41.33,1681.23,2.3,4.21,4,1681.2374262833334
2024-10-29,SEC-005,36,56.55,2074.0,2.77,4.19,5,2074.00295975
2024-10-29,SEC-006,47,50.93,2526.22,2.35,4.14,7,2526.2295718833334
2024-10-30,SEC-001,16,55.42,820.12,2.41,4.04,2,820.1128085166666
2024-10-30,SEC-002,51,43.74,2061.94,2.17,4.16,5,2061.949522433333
2024-10-30,SEC-003,37,27.93,1001.73,2.82,4.03,3,1001.7251230833332
2024-10-30,SEC-004,29,44.21,1022.1,2.13,3.99,3,1022.0961587166668
2024-10-30,SEC-005,16,48.61,766.92,2.48,4.48,2,766.9126268666666
2024-10-30,SEC-006,25,46.54,1259.87,2.57,4.07,3,1259.8702245833333
2024-11-01,SEC-001,17,49.0,770.83,2.64,4.08,2,770.8305163833334
2024-11-01,SEC-002,31,34.71,1090.05,2.27,4.23,3,1090.05013835
2024-11-01,SEC-003,31,27.92,877.89,2.97,4.15,3,877.8949226166667
2024-11-01,SEC-004,31,42.85,1197.41,2.06,4.17,3,1197.403801766667
2024-11-01,SEC-005,28,49.18,1641.02,3.1,4.06,4,1641.020033883333
2024-11-01,SEC-006,41,47.44,2086.61,2.66,4.08,6,2086.611252333333
2024-11-04,SEC-001,15,47.12,716.25,0.86,4.14,2,716.2551351333334
2024-11-04,SEC-002,37,34.78,1319.93,3.05,4.39,4,1319.940112666667
2024-11-04,SEC-003,45,28.39,1143.79,2.76,4.29,3,1143.7972907
2024-11-04,SEC-004,28,34.3,897.23,1.56,4.23,2,897.2330302333334
2024-11-04,SEC-005,70,66.41,4322.89,2.78,4.19,11,4322.889317766667
2024-11-04,SEC-006,70,50.85,3879.29,2.15,4.08,10,3879.29270665
2024-11-05,SEC-001,10,55.49,554.87,1.8,4.1,3,554.87215405
2024-11-05,SEC-002,20,25.89,497.52,2.78,4.02,2,497.52207945
2024-11-05,SEC-003,29,26.82,750.28,2.55,4.28,2,750.2810833666666
2024-11-05,SEC-004,32,40.81,1184.48,2.95,4.19,4,1184.483656183333
2024-11-05,SEC-005,44,66.1,3218.05,2.64,4.15,8,3218.0531617
2024-11-05,SEC-006,48,52.31,2470.54,2.46,4.28,5,2470.5372795666667
2024-11-06,SEC-001,9,48.68,432.77,1.6,4.1,2,432.76714698333336
2024-11-06,SEC-002,43,33.26,1411.17,2.17,4.26,3,1411.1650543333333
2024-11-06,SEC-003,16,22.37,327.9,3.8,4.26,1,327.9036177333333
2024-11-06,SEC-004,32,39.7,1183.0,2.31,4.16,3,1182.9957526666667
2024-11-06,SEC-005,60,63.3,3864.15,2.3,4.2,11,3864.1439502666663
2024-11-06,SEC-006,63,50.87,3474.35,1.97,4.13,9,3474.34507905
2024-11-07,SEC-001,20,54.67,1053.37,2.52,4.07,2,1053.3675751833334
2024-11-07,SEC-002,49,38.91,1601.21,2.65,4.26,4,1601.2192278166667
2024-11-07,SEC-003,37,30.09,970.33,2.72,4.09,3,970.33215905
2024-11-07,SEC-004,21,36.62,713.3,1.42,4.62,2,713.3046649666667
2024-11-07,SEC-005,36,66.4,2308.39,2.39,4.07,6,2308.3841487
2024-11-07,SEC-006,25,41.74,1208.69,1.77,4.19,2,1208.690740666667
2024-11-08,SEC-001,18,46.42,842.21,1.56,4.1,3,842.2100989
2024-11-08,SEC-002,41,35.32,1453.61,2.47,4.08,5,1453.59907155
2024-11-08,SEC-003,33,26.44,895.38,3.08,4.12,4,895.3803627
2024-11-08,SEC-004,38,40.19,1367.46,1.82,4.08,4,1367.4601120333334
2024-11-08,SEC-005,42,62.26,1961.84,2.43,4.14,5,1961.83923265
2024-11-08,SEC-006,56,52.7,2685.71,2.31,4.14,7,2685.715326933333
2024-11-11,SEC-001,33,55.64,1648.05,3.18,4.08,3,1648.0498070666667
2024-11-11,SEC-002,85,40.64,2864.18,2.92,4.44,7,2864.16716055
2024-11-11,SEC-003,78,29.8,2132.73,2.74,4.2,6,2132.727264033333
2024-11-11,SEC-004,25,32.63,917.23,2.03,4.42,3,917.2295074
2024-11-11,SEC-005,79,60.38,5429.78,2.97,4.12,13,5429.7778262833335
2024-11-11,SEC-006,56,44.24,3091.73,2.01,4.21,7,3091.718323633333
2024-11-12,SEC-001,8,72.51,490.8,1.25,4.16,2,490.79970875
2024-11-12,SEC-002,19,24.19,468.28,2.73,4.21,2,468.28240666666665
2024-11-12,SEC-003,50,33.01,1535.2,3.07,4.27,3,1535.2058903
2024-11-12,SEC-004,11,34.99,488.63,3.48,4.52,3,488.62545888333335
2024-11-12,SEC-005,30,56.71,1632.85,2.3,4.35,4,1632.8542038
2024-11-12,SEC-006,43,50.37,2235.19,2.37,4.19,6,2235.1842061666666
2024-11-13,SEC-001,24,56.94,1398.67,2.38,4.22,4,1398.6675217
2024-11-13,SEC-002,24,30.24,754.92,2.8,4.28,2,754.9173182666667
2024-11-13,SEC-003,18,27.29,445.7,2.32,4.51,2,445.7005505333333
2024-11-13,SEC-004,19,36.62,640.47,2.22,4.13,3,640.4676614
2024-11-13,SEC-005,97,69.27,7799.32,2.95,4.3,18,7799.318845983334
2024-11-13,SEC-006,35,44.29,1744.28,1.99,4.24,5,1744.2851790166667
2024-11-14,SEC-001,27,61.58,1641.97,1.85,4.12,3,1641.97115715
2024-11-14,SEC-002,27,27.67,785.95,3.15,4.18,2,785.9502460166667
2024-11-14,SEC-003,17,24.3,393.99,2.87,4.23,1,393.97849185
2024-11-14,SEC-004,13,38.13,544.91,2.14,3.8,2,544.9017101166667
2024-11-14,SEC-005,51,65.12,3875.15,2.77,4.07,10,3875.151621116667
2024-11-14,SEC-006,43,49.1,2044.02,2.16,4.14,4,2044.0171068666664
2024-11-18,SEC-001,27,54.8,1481.83,1.78,4.07,4,1481.8394012
2024-11-18,SEC-002,17,30.66,543.73,2.66,4.15,2,543.7307794166667
2024-11-18,SEC-003,55,30.48,1561.12,2.93,4.26,4,1561.1184085833331
2024-11-18,SEC-004,20,32.9,643.78,2.39,4.25,3,643.7797975999999
2024-11-18,SEC-005,55,69.36,3735.99,2.89,4.16,9,3735.99098975
2024-11-18,SEC-006,32,47.23,1541.19,2.0,4.21,4,1541.1888589666669
2024-11-19,SEC-001,15,61.53,934.9,2.0,4.2,3,934.9094170166668
2024-11-19,SEC-002,24,32.39,674.62,2.3,4.27,2,674.6175318666667
2024-11-19,SEC-003,54,30.59,1572.66,2.93,4.21,4,1572.6600638
2024-11-19,SEC-004,19,33.16,561.05,1.49,4.36,3,561.04549165
2024-11-19,SEC-005,46,56.48,2803.26,2.59,4.13,7,2803.25989695
2024-11-19,SEC-006,48,48.94,2638.15,2.48,4.26,7,2638.149941166667
2024-11-20,SEC-001,13,53.36,650.09,2.18,4.1,2,650.0818176666667
2024-11-20,SEC-002,37,32.72,1266.98,1.91,4.33,4,1266.9746562833334
2024-11-20,SEC-003,26,28.66,686.91,3.23,4.09,3,686.9103895
2024-11-20,SEC-004,20,36.26,680.58,1.91,4.25,2,680.5747247166667
2024-11-20,SEC-005,38,65.06,2734.11,2.45,4.1,7,2734.111024383333
2024-11-20,SEC-006,23,46.06,1157.33,2.47,4.02,2,1157.33468445
2024-11-21,SEC-001,31,65.7,1958.08,1.93,4.28,4,1958.0801736666667
2024-11-21,SEC-002,17,28.85,489.07,2.06,4.47,2,489.0742164833333
2024-11-21,SEC-003,29,29.92,816.38,3.19,4.26,3,816.3869464333334
2024-11-21,SEC-004,20,33.2,668.81,2.11,4.3,2,668.8083043833333
2024-11-21,SEC-005,42,62.06,2724.75,2.49,4.03,7,2724.75295255
2024-11-21,SEC-006,40,45.58,2001.63,2.38,4.2,5,2001.63591025
2024-11-22,SEC-001,23,53.86,1083.88,1.2,4.05,3,1083.8826251333332
2024-11-22,SEC-002,45,39.54,1797.1,2.9,4.3,5,1797.0914386
2024-11-22,SEC-003,32,26.68,827.81,3.18,4.37,3,827.8030149
2024-11-22,SEC-004,37,37.39,1316.63,2.44,4.13,4,1316.6235859166666
2024-11-22,SEC-005,32,52.39,1450.92,2.42,4.09,4,1450.9290790666666
2024-11-22,SEC-006,52,52.57,2756.03,2.42,4.23,7,2756.0274360666667
2024-11-25,SEC-001,31,61.56,1781.45,2.44,4.0,5,1781.4500769833332
2024-11-25,SEC-002,34,32.24,1049.82,2.13,4.19,2,1049.8235400833332
2024-11-25,SEC-003,41,28.33,1067.9,2.42,3.98,3,1067.898216
2024-11-25,SEC-004,31,36.93,1168.78,2.34,4.12,3,1168.78546235
2024-11-25,SEC-005,40,57.25,2578.34,2.55,4.1,7,2578.3345872166665
2024-11-25,SEC-006,65,53.06,3423.92,2.22,4.33,9,3423.92530345
2024-11-26,SEC-001,17,52.02,971.39,2.42,4.08,3,971.3861343833332
2024-11-26,SEC-002,34,39.7,1435.18,3.76,4.42,4,1435.1846541166667
2024-11-26,SEC-003,28,27.31,736.83,2.26,4.21,2,736.8393714333333
2024-11-26,SEC-004,32,40.37,1222.23,2.13,4.08,4,1222.2265483833337
2024-11-26,SEC-005,38,59.54,2088.97,2.64,4.26,5,2088.968071633333
2024-11-26,SEC-006,43,49.5,2272.66,2.44,4.21,6,2272.6542583833334
2024-11-27,SEC-001,11,61.96,608.16,1.5,4.06,3,608.1550083166667
2024-11-27,SEC-002,30,40.28,1241.36,2.24,4.18,4,1241.3595386
2024-11-27,SEC-003,31,28.76,942.44,3.2,4.17,2,942.4356789166668
2024-11-27,SEC-004,16,34.7,502.74,1.17,4.51,2,502.7364583
2024-11-27,SEC-005,41,68.52,2997.57,2.99,4.27,8,2997.5752324833334
2024-11-27,SEC-006,30,43.23,1347.61,2.08,4.08,3,1347.6141382
2024-11-28,SEC-001,8,61.04,459.42,1.92,4.25,3,459.4179618333333
2024-11-28,SEC-002,52,42.38,1878.46,2.31,4.1,6,1878.4570761333332
2024-11-28,SEC-003,20,26.78,527.01,3.71,4.2,2,527.0137249666667
2024-11-28,SEC-004,23,37.4,815.01,2.04,4.37,2,814.9993044333334
2024-11-28,SEC-005,47,55.46,2337.71,3.05,4.24,6,2337.704398383333
2024-11-28,SEC-006,56,48.8,2719.01,2.38,4.38,7,2719.0107296
2024-11-29,SEC-001,15,59.28,924.14,2.22,4.06,3,924.1389538166668
2024-11-29,SEC-002,53,39.02,1843.91,2.3,4.07,5,1843.9069651333327
2024-11-29,SEC-003,17,24.77,430.64,2.43,4.11,2,430.6432851333333
2024-11-29,SEC-004,17,36.73,657.24,2.13,4.28,2,657.2316674333333
2024-11-29,SEC-005,63,61.29,3846.87,3.05,4.23,9,3846.8700577
2024-11-29,SEC-006,33,43.22,1425.54,2.58,4.12,5,1425.55195045
2024-12-02,SEC-001,22,56.0,1194.84,2.57,4.24,2,1194.841190783333
2024-12-02,SEC-002,52,37.72,2442.42,2.14,4.22,6,2442.4116425166667
2024-12-02,SEC-003,16,24.0,434.62,2.96,4.51,2,434.6166490666666
2024-12-02,SEC-004,27,38.21,960.19,2.25,4.13,3,960.1862969833334
2024-12-02,SEC-005,45,61.63,3162.34,2.75,4.23,8,3162.3484972166666
2024-12-02,SEC-006,52,53.3,2851.27,2.14,4.21,7,2851.275950983333
2024-12-03,SEC-001,10,52.3,488.34,2.26,4.48,2,488.34136705
2024-12-03,SEC-002,47,37.56,1616.94,2.1,4.27,4,1616.94416275
2024-12-03,SEC-003,43,28.49,1113.64,2.6,4.12,4,1113.6431874333334
2024-12-03,SEC-004,39,42.62,1742.82,2.33,4.26,5,1742.81765055
2024-12-03,SEC-005,12,48.4,580.77,2.16,4.17,2,580.7758796333334
2024-12-03,SEC-006,29,43.98,1309.7,2.39,4.16,4,1309.6943820666668
2024-12-04,SEC-001,22,57.14,1193.52,2.32,4.18,3,1193.5260107333334
2024-12-04,SEC-002,47,43.4,1664.32,2.48,4.08,4,1664.3231286333337
2024-12-04,SEC-003,26,28.25,771.42,3.29,4.15,1,771.4136683833333
2024-12-04,SEC-004,14,35.05,503.71,1.8,4.19,1,503.7081185
2024-12-04,SEC-005,48,60.1,2647.18,2.8,4.18,6,2647.1772598
2024-12-04,SEC-006,43,47.9,1888.2,2.35,4.2,5,1888.1910182333331
2024-12-05,SEC-001,9,54.74,448.67,2.31,4.19,1,448.6610161166667
2024-12-05,SEC-002,70,42.47,2740.37,2.87,4.23,7,2740.379020733333
2024-12-05,SEC-003,30,27.96,819.48,2.53,4.24,2,819.47383515
2024-12-05,SEC-004,31,41.49,1093.1,2.56,4.2,3,1093.0943119333333
2024-12-05,SEC-005,19,55.92,841.36,1.81,4.09,3,841.3567434500001
2024-12-05,SEC-006,51,50.28,2667.79,2.47,4.03,6,2667.7966613
2024-12-06,SEC-001,7,53.86,379.92,1.92,4.0,1,379.9212981833333
2024-12-06,SEC-002,59,39.96,2389.54,2.97,4.2,6,2389.5468415166665
2024-12-06,SEC-003,38,26.64,1111.34,2.9,4.11,4,1111.3444227833334
2024-12-06,SEC-004,8,39.12,294.16,1.67,4.0,1,294.15683705000004
2024-12-06,SEC-005,55,61.81,3138.93,2.71,4.06,8,3138.9269263166666
2024-12-06,SEC-006,19,43.23,857.04,2.46,4.29,2,857.0396841333334
2024-12-09,SEC-001,12,57.68,692.15,2.25,4.25,2,692.1516611333334
2024-12-09,SEC-002,43,34.12,1355.29,2.28,4.18,4,1355.2853487166667
2024-12-09,SEC-003,58,29.57,1666.38,2.7,4.21,4,1666.3823045166666
2024-12-09,SEC-004,51,40.78,1890.71,2.51,4.25,4,1890.702443
2024-12-09,SEC-005,69,55.25,3911.07,2.77,4.23,10,3911.07701375
2024-12-09,SEC-006,68,46.43,3500.26,1.96,4.23,9,3500.2561634
2024-12-10,SEC-001,11,51.9,569.07,1.1,4.45,3,569.07490825
2024-12-10,SEC-002,22,33.36,762.16,2.96,4.4,2,762.1594679666666
2024-12-10,SEC-003,32,28.54,893.03,2.65,4.29,3,893.02822515
2024-12-10,SEC-004,26,39.83,1011.5,2.02,4.12,2,1011.5064591166666
2024-12-10,SEC-005,20,48.54,943.39,2.26,4.3,4,943.3886965333334
2024-12-10,SEC-006,46,52.85,2694.34,2.55,4.24,7,2694.3460704
2024-12-11,SEC-001,18,58.54,1045.25,1.59,4.11,4,1045.2583849
2024-12-11,SEC-002,34,33.9,1134.91,2.65,4.03,3,1134.9062604333333
2024-12-11,SEC-003,15,25.5,370.06,2.86,4.11,1,370.0537521
2024-12-11,SEC-004,19,43.46,813.2,1.93,4.21,2,813.1995257833333
2024-12-11,SEC-005,53,64.87,3211.64,3.26,4.14,7,3211.63335075
2024-12-11,SEC-006,44,48.08,2267.47,1.97,4.03,5,2267.462797683333
2024-12-12,SEC-001,7,51.84,355.73,1.7,4.0,1,355.72494978333333
2024-12-12,SEC-002,36,34.76,1268.14,2.22,4.0,4,1268.1446106833334
2024-12-12,SEC-003,37,27.94,966.54,2.73,4.1,3,966.5398087
2024-12-12,SEC-004,15,30.82,479.43,1.43,4.09,1,479.43302373333336
2024-12-12,SEC-005,74,69.75,5306.38,2.49,4.16,13,5306.3841738
2024-12-12,SEC-006,41,47.31,1962.06,2.17,4.22,6,1962.0629665666668
2024-12-13,SEC-001,9,49.7,434.33,1.67,4.08,2,434.33353246666667
2024-12-13,SEC-002,28,36.37,917.66,2.72,4.24,2,917.6625637166668
2024-12-13,SEC-003,23,25.42,671.6,2.7,3.97,1,671.6046905333334
2024-12-13,SEC-004,23,37.21,958.55,2.1,4.06,2,958.5499336666668
2024-12-13,SEC-005,61,67.86,4778.35,2.25,4.32,13,4778.358085716667
2024-12-13,SEC-006,32,47.91,1720.37,3.34,4.22,5,1720.3682859833334
2024-12-16,SEC-001,25,59.62,1535.52,2.15,4.22,4,1535.51457085
2024-12-16,SEC-002,54,35.48,1956.68,2.82,4.24,5,1956.6670633166664
2024-12-16,SEC-003,26,23.93,543.74,2.9,4.33,2,543.7427717833333
2024-12-16,SEC-004,31,38.63,1238.96,2.34,4.25,3,1238.9555448833337
2024-12-16,SEC-005,46,57.05,2881.66,2.42,4.23,6,2881.6656428166666
2024-12-16,SEC-006,56,50.94,2901.66,2.26,4.2,8,2901.6560103
2024-12-17,SEC-001,12,58.26,753.56,2.38,4.31,3,753.5664499333334
2024-12-17,SEC-002,15,27.43,383.56,2.74,4.01,1,383.56399116666665
2024-12-17,SEC-003,27,31.36,899.65,3.0,4.23,3,899.6458872333333
2024-12-17,SEC-004,33,39.84,1261.91,2.31,4.2,3,1261.9091215833332
2024-12-17,SEC-005,34,57.48,1603.34,1.99,4.22,4,1603.3328428833331
2024-12-17,SEC-006,57,60.77,2964.87,1.82,4.1,8,2964.86896745
2024-12-18,SEC-001,8,62.24,497.88,1.12,4.25,2,497.8793344333333
2024-12-18,SEC-002,53,46.04,1992.98,2.63,4.16,5,1992.9772367
2024-12-18,SEC-003,34,29.92,1079.75,3.21,4.21,3,1079.754541733333
2024-12-18,SEC-004,6,29.1,174.59,2.34,4.16,1,174.5849603
2024-12-18,SEC-005,40,55.75,2469.98,2.48,4.4,7,2469.9800162166666
2024-12-18,SEC-006,24,48.4,1232.76,2.77,4.21,3,1232.7567094
2024-12-19,SEC-001,12,49.76,686.97,1.64,4.09,2,686.970871
2024-12-19,SEC-002,44,37.82,1705.1,2.61,4.28,6,1705.0943290333332
2024-12-19,SEC-003,18,24.47,507.11,1.86,3.92,2,507.11339346666665
2024-12-19,SEC-004,32,39.39,1188.03,2.39,4.32,3,1188.0354611
2024-12-19,SEC-005,44,56.43,2432.53,2.45,4.21,7,2432.5263046
2024-12-19,SEC-006,69,50.18,3515.88,2.07,4.2,9,3515.8823245666667
2024-12-20,SEC-001,11,49.56,546.16,1.68,4.36,2,546.1605969333333
2024-12-20,SEC-002,20,36.01,729.13,2.31,4.51,2,729.1222958666666
2024-12-20,SEC-003,37,32.18,1224.55,2.66,4.1,3,1224.5527873666667
2024-12-20,SEC-004,31,44.97,1318.83,2.16,4.51,4,1318.8224975
2024-12-20,SEC-005,24,57.34,1534.15,3.18,4.29,4,1534.1581512166667
2024-12-20,SEC-006,29,46.68,1468.74,2.19,4.05,4,1468.7319602666666
2024-12-23,SEC-001,16,56.06,807.68,2.38,4.0,3,807.6807914
2024-12-23,SEC-002,29,34.52,1064.82,2.55,4.33,4,1064.8110129333334
2024-12-23,SEC-003,43,28.82,1213.82,2.64,4.17,3,1213.817485216667
2024-12-23,SEC-004,37,38.83,1181.54,2.45,4.49,4,1181.5436894833333
2024-12-23,SEC-005,84,67.65,5939.91,2.8,4.2,16,5939.909622833333
2024-12-23,SEC-006,46,49.17,2518.96,2.06,4.06,6,2518.958475366667
2024-12-24,SEC-001,10,54.29,542.89,2.0,4.4,2,542.8878654666667
2024-12-24,SEC-002,56,43.15,2133.62,2.94,4.26,6,2133.62095945
2024-12-24,SEC-003,15,21.84,354.1,3.33,4.61,1,354.0966955
2024-12-24,SEC-004,16,40.59,709.15,1.87,4.29,2,709.1499133333333
2024-12-24,SEC-005,68,68.9,5025.14,2.69,4.17,12,5025.1462193
2024-12-24,SEC-006,36,46.0,1801.76,2.54,4.06,6,1801.7510063166667
2024-12-26,SEC-001,18,57.76,1161.09,2.26,4.23,4,1161.09225085
2024-12-26,SEC-002,46,35.83,1547.58,2.86,3.98,3,1547.5773251833334
2024-12-26,SEC-003,51,28.19,1440.42,2.74,4.29,4,1440.41660425
2024-12-26,SEC-004,16,39.95,663.66,2.72,4.09,2,663.6597495833333
2024-12-26,SEC-005,41,54.1,2543.21,2.82,4.22,7,2543.213107333333
2024-12-26,SEC-006,59,48.77,2955.19,1.83,4.17,8,2955.18439385
2024-12-27,SEC-001,23,63.24,1413.94,1.64,4.18,5,1413.94241495
2024-12-27,SEC-002,28,39.4,1022.78,2.73,4.16,2,1022.7756815
2024-12-27,SEC-003,24,26.82,615.58,3.43,4.07,2,615.5762456833334
2024-12-27,SEC-004,37,42.73,1288.72,2.51,4.26,4,1288.7231096666667
2024-12-27,SEC-005,51,66.77,3623.31,2.78,4.17,10,3623.30896565
2024-12-27,SEC-006,41,46.63,1987.66,2.04,4.15,5,1987.6662805166663
2024-12-30,SEC-001,26,56.77,1476.01,1.88,4.23,3,1476.0082724833333
2024-12-30,SEC-002,49,39.91,2094.65,2.78,4.33,5,2094.6482384
2024-12-30,SEC-003,29,25.3,836.81,4.6,4.17,1,836.8137423333334
2024-12-30,SEC-004,25,33.53,907.25,1.72,4.03,3,907.2553293
2024-12-30,SEC-005,32,54.77,1721.3,2.76,4.18,5,1721.2959175333333
2024-12-30,SEC-006,52,52.16,3566.77,2.1,4.14,8,3566.7716063
2024-12-31,SEC-001,17,56.05,1080.79,1.78,4.04,4,1080.7852098333333
2024-12-31,SEC-002,31,46.89,1108.12,2.84,4.39,3,1108.127212266667
2024-12-31,SEC-003,14,26.29,345.8,2.44,4.08,1,345.80809301666665
2024-12-31,SEC-004,37,45.06,1293.5,2.46,4.21,3,1293.4928422166668
2024-12-31,SEC-005,30,59.79,1968.53,2.54,4.13,5,1968.5301301833333
2024-12-31,SEC-006,24,49.2,1318.9,1.43,4.15,4,1318.902481416667
